state_ut_name,ac_no,ac_name,sex,age,category,party,symbol,general,postal,total,pct_votes_polled,total_electors,candidate_no,candidate_name
WEST BENGAL,1,MEKLIGANJ,MALE,68.0,SC,AITC,Flowers and Grass,98790,548,99338,49.98,226465.0,1,ADHIKARY PARESH CHANDRA
WEST BENGAL,1,MEKLIGANJ,MALE,38.0,SC,BJP,Lotus,83991,662,84653,42.59,226465.0,2,DADHIRAM RAY
WEST BENGAL,1,MEKLIGANJ,MALE,62.0,SC,AIFB,Lion,6758,95,6853,3.45,226465.0,3,GOBINDA CHANDRA ROY
WEST BENGAL,1,MEKLIGANJ,,,,NOTA,NOTA,2442,5,2447,1.23,226465.0,4,NOTA
WEST BENGAL,1,MEKLIGANJ,MALE,37.0,SC,SUCI,Battery torch,1761,7,1768,0.89,226465.0,5,RANJIT KUMAR ROY
WEST BENGAL,1,MEKLIGANJ,MALE,71.0,SC,BSP,Elephant,1019,6,1025,0.52,226465.0,6,JYOTISH ROY
WEST BENGAL,1,MEKLIGANJ,MALE,46.0,SC,IND,COCONUT FARM,953,2,955,0.48,226465.0,7,SUBHASH BARMAN
WEST BENGAL,1,MEKLIGANJ,MALE,36.0,SC,KPPU,Saw,789,5,794,0.4,226465.0,8,KUKIL ADHIKARY
WEST BENGAL,1,MEKLIGANJ,FEMALE,33.0,SC,IND,Telephone,508,3,511,0.26,226465.0,9,GOLAPI ROY
WEST BENGAL,1,MEKLIGANJ,FEMALE,31.0,SC,AMB,Boat with Man and Sail,396,4,400,0.2,226465.0,10,CHINU ROY BARMAN
TURN OUT,,,,,TOTAL:,,,197407,1337,198744,87.76,,,
WEST BENGAL,2,MATHABHANGA,MALE,55.0,SC,BJP,Lotus,112146,1103,113249,52.87,248022.0,1,SUSHIL BARMAN
WEST BENGAL,2,MATHABHANGA,MALE,66.0,SC,AITC,Flowers and Grass,86470,645,87115,40.67,248022.0,2,GIRINDRA NATH BARMAN
WEST BENGAL,2,MATHABHANGA,MALE,38.0,SC,CPI(M),"Hammer, Sickle and Star",7553,165,7718,3.6,248022.0,3,ASHOK BARMAN
WEST BENGAL,2,MATHABHANGA,,,,NOTA,NOTA,1431,12,1443,0.67,248022.0,4,NOTA
WEST BENGAL,2,MATHABHANGA,MALE,52.0,SC,KPPU,SHIP,1282,7,1289,0.6,248022.0,5,KANGSA RAJ BARMAN
WEST BENGAL,2,MATHABHANGA,MALE,34.0,SC,IND,Football Player,1166,1,1167,0.54,248022.0,6,HARADHAN ROY
WEST BENGAL,2,MATHABHANGA,MALE,40.0,SC,IND,Telephone,1144,3,1147,0.54,248022.0,7,ANIMESH MOHANTA
WEST BENGAL,2,MATHABHANGA,MALE,35.0,SC,SUCI,Battery torch,582,7,589,0.27,248022.0,8,BIKASH BARMAN
WEST BENGAL,2,MATHABHANGA,MALE,56.0,SC,AMB,Boat with Man and Sail,481,5,486,0.23,248022.0,9,RATAN BARMAN
TURN OUT,,,,,TOTAL:,,,212255,1948,214203,86.36,,,
WEST BENGAL,3,COOCHBEHAR UTTAR,MALE,52.0,SC,BJP,Lotus,118656,1827,120483,49.4,282988.0,1,SUKUMAR ROY
WEST BENGAL,3,COOCHBEHAR UTTAR,MALE,60.0,SC,AITC,Flowers and Grass,104823,1045,105868,43.4,282988.0,2,BINAY KRISHNA BARMAN
WEST BENGAL,3,COOCHBEHAR UTTAR,MALE,65.0,SC,AIFB,Lion,11232,243,11475,4.7,282988.0,3,NAGENDRA NATH ROY
WEST BENGAL,3,COOCHBEHAR UTTAR,,,,NOTA,NOTA,1555,15,1570,0.64,282988.0,4,NOTA
WEST BENGAL,3,COOCHBEHAR UTTAR,MALE,53.0,SC,SUCI,Battery torch,1375,11,1386,0.57,282988.0,5,ANIL CHANDRA ROY
WEST BENGAL,3,COOCHBEHAR UTTAR,MALE,48.0,SC,IND,SHIP,1374,5,1379,0.57,282988.0,6,NARESH CHANDRA ROY
WEST BENGAL,3,COOCHBEHAR UTTAR,MALE,39.0,SC,KPPU,Boat with Man and Sail,1110,17,1127,0.46,282988.0,7,SAMARESH RAY
WEST BENGAL,3,COOCHBEHAR UTTAR,MALE,41.0,SC,AMB,Black Board,620,8,628,0.26,282988.0,8,GOPAL ROY
TURN OUT,,,,,TOTAL:,,,240745,3171,243916,86.19,,,
WEST BENGAL,4,COOCHBEHAR DAKSHIN,MALE,63.0,GENERAL,BJP,Lotus,89966,1594,91560,46.83,233839.0,1,NIKHIL RANJAN DEY
WEST BENGAL,4,COOCHBEHAR DAKSHIN,MALE,46.0,GENERAL,AITC,Flowers and Grass,85620,1009,86629,44.31,233839.0,2,AVIJIT DE BHOWMIK
WEST BENGAL,4,COOCHBEHAR DAKSHIN,MALE,71.0,GENERAL,AIFB,Lion,9928,318,10246,5.24,233839.0,3,AKSHAY THAKUR
WEST BENGAL,4,COOCHBEHAR DAKSHIN,MALE,55.0,GENERAL,IND,COCONUT FARM,1480,5,1485,0.76,233839.0,4,RATI RANJAN PAUL
WEST BENGAL,4,COOCHBEHAR DAKSHIN,,,,NOTA,NOTA,1436,28,1464,0.75,233839.0,5,NOTA
WEST BENGAL,4,COOCHBEHAR DAKSHIN,MALE,71.0,SC,BSP,Elephant,1415,4,1419,0.73,233839.0,6,KHOKAN MAJUMDAR
WEST BENGAL,4,COOCHBEHAR DAKSHIN,FEMALE,61.0,GENERAL,SUCI,Battery torch,1124,14,1138,0.58,233839.0,7,NAZMA KHANDAKAR
WEST BENGAL,4,COOCHBEHAR DAKSHIN,FEMALE,46.0,GENERAL,IND,Harmonium,728,11,739,0.38,233839.0,8,ANAMIKA PAUL
WEST BENGAL,4,COOCHBEHAR DAKSHIN,MALE,40.0,SC,IND,Matchbox,493,3,496,0.25,233839.0,9,BIDHAN BARMA
WEST BENGAL,4,COOCHBEHAR DAKSHIN,MALE,33.0,GENERAL,AMB,Boat with Man and Sail,326,3,329,0.17,233839.0,10,BABLA DEB
TURN OUT,,,,,TOTAL:,,,192516,2989,195505,83.61,,,
WEST BENGAL,5,SITALKUCHI,MALE,47.0,SC,BJP,Lotus,124120,835,124955,50.8,285260.0,1,BAREN CHANDRA BARMAN
WEST BENGAL,5,SITALKUCHI,MALE,39.0,SC,AITC,Flowers and Grass,106527,613,107140,43.56,285260.0,2,PARTHA PRATIM RAY
WEST BENGAL,5,SITALKUCHI,MALE,42.0,SC,CPI(M),"Hammer, Sickle and Star",6622,98,6720,2.73,285260.0,3,SUDHANGSHU PRAMANIK
WEST BENGAL,5,SITALKUCHI,,,,NOTA,NOTA,2738,5,2743,1.12,285260.0,4,NOTA
WEST BENGAL,5,SITALKUCHI,MALE,49.0,SC,IND,Football Player,2018,0,2018,0.82,285260.0,5,HARE KRISHNA SARKAR
WEST BENGAL,5,SITALKUCHI,MALE,40.0,SC,KPPU,Boat with Man and Sail,970,6,976,0.4,285260.0,6,MANIK CHANDRA BARMAN
WEST BENGAL,5,SITALKUCHI,MALE,52.0,SC,AMB,Sitar,719,2,721,0.29,285260.0,7,KAMAL BARMAN
WEST BENGAL,5,SITALKUCHI,MALE,50.0,SC,SUCI,Battery torch,691,2,693,0.28,285260.0,8,JAGADISH ADHIKARI
TURN OUT,,,,,TOTAL:,,,244405,1561,245966,86.23,,,
WEST BENGAL,6,SITAI,MALE,57.0,SC,AITC,Flowers and Grass,116850,1058,117908,49.42,290568.0,1,JAGADISH CHANDRA BARMA BASUNIA
WEST BENGAL,6,SITAI,MALE,55.0,SC,BJP,Lotus,106723,1073,107796,45.18,290568.0,2,DIPAK KUMAR ROY
WEST BENGAL,6,SITAI,MALE,68.0,SC,INC,Hand,3900,64,3964,1.66,290568.0,3,KESHAB CHANDRA RAY
WEST BENGAL,6,SITAI,MALE,52.0,SC,IND,Cauliflower,2387,4,2391,1.0,290568.0,4,SUNIL MAHANTA
WEST BENGAL,6,SITAI,MALE,66.0,SC,IND,Almirah,1773,3,1776,0.74,290568.0,5,LALCHAND BARMAN
WEST BENGAL,6,SITAI,,,,NOTA,NOTA,1564,13,1577,0.66,290568.0,6,NOTA
WEST BENGAL,6,SITAI,MALE,62.0,SC,SUCI,Battery torch,1371,10,1381,0.58,290568.0,7,ANIL CHANDRA BARMAN ROY
WEST BENGAL,6,SITAI,MALE,56.0,SC,IND,SHIP,862,4,866,0.36,290568.0,8,KASHIKANTA BARMAN
WEST BENGAL,6,SITAI,MALE,27.0,SC,LJP,Bungalow,548,2,550,0.23,290568.0,9,PROSHANTA BARMAN
WEST BENGAL,6,SITAI,MALE,68.0,SC,AMB,Boat with Man and Sail,364,5,369,0.15,290568.0,10,PRASANNA KUMAR ROY
TURN OUT,,,,,TOTAL:,,,236342,2236,238578,82.11,,,
WEST BENGAL,7,DINHATA,MALE,35.0,SC,BJP,Lotus,114361,1674,116035,47.6,299251.0,1,NISITH PRAMANIK
WEST BENGAL,7,DINHATA,MALE,66.0,GENERAL,AITC,Flowers and Grass,114887,1091,115978,47.58,299251.0,2,UDAYAN GUHA
WEST BENGAL,7,DINHATA,MALE,54.0,GENERAL,AIFB,Lion,5916,153,6069,2.49,299251.0,3,ABDUR ROUF
WEST BENGAL,7,DINHATA,,,,NOTA,NOTA,1515,22,1537,0.63,299251.0,4,NOTA
WEST BENGAL,7,DINHATA,MALE,37.0,GENERAL,IND,Football Player,1386,1,1387,0.57,299251.0,5,LEBU MIYAN
WEST BENGAL,7,DINHATA,MALE,45.0,SC,SUCI,Battery torch,1364,11,1375,0.56,299251.0,6,PRADIP ROY
WEST BENGAL,7,DINHATA,MALE,44.0,SC,IND,Glass Tumbler,1361,9,1370,0.56,299251.0,7,NIRMAL CHANDRA BARMAN
TURN OUT,,,,,TOTAL:,,,240790,2961,243751,81.45,,,
WEST BENGAL,8,NATABARI,MALE,67.0,GENERAL,BJP,Lotus,110020,1723,111743,51.45,245040.0,1,MIHIR GOSWAMI
WEST BENGAL,8,NATABARI,MALE,65.0,GENERAL,AITC,Flowers and Grass,87098,1205,88303,40.66,245040.0,2,RABINDRA NATH GHOSH
WEST BENGAL,8,NATABARI,MALE,31.0,GENERAL,CPI(M),"Hammer, Sickle and Star",11584,255,11839,5.45,245040.0,3,AKIK HASSAN
WEST BENGAL,8,NATABARI,MALE,45.0,GENERAL,IND,Diesel Pump,1338,3,1341,0.62,245040.0,4,SAHIDUL HOSSAIN
WEST BENGAL,8,NATABARI,MALE,41.0,GENERAL,SUCI,Battery torch,1178,8,1186,0.55,245040.0,5,ABDUS SALAM
WEST BENGAL,8,NATABARI,,,,NOTA,NOTA,1127,19,1146,0.53,245040.0,6,NOTA
WEST BENGAL,8,NATABARI,MALE,66.0,SC,AMB,Helicopter,1103,7,1110,0.51,245040.0,7,DALENDRA NATH RAY
WEST BENGAL,8,NATABARI,MALE,34.0,GENERAL,UTSAP,Boat with Man and Sail,500,5,505,0.23,245040.0,8,EKRAMUL HOQUE
TURN OUT,,,,,TOTAL:,,,213948,3225,217173,88.63,,,
WEST BENGAL,9,TUFANGANJ,FEMALE,56.0,SC,BJP,Lotus,112609,1894,114503,54.69,234311.0,1,MALATI RAVA ROY
WEST BENGAL,9,TUFANGANJ,MALE,60.0,GENERAL,AITC,Flowers and Grass,82546,759,83305,39.79,234311.0,2,PRANAB KUMAR DEY
WEST BENGAL,9,TUFANGANJ,MALE,67.0,SC,INC,Hand,5804,169,5973,2.85,234311.0,3,RABIN ROY
WEST BENGAL,9,TUFANGANJ,,,,NOTA,NOTA,2047,22,2069,0.99,234311.0,4,NOTA
WEST BENGAL,9,TUFANGANJ,MALE,54.0,SC,IND,COCONUT FARM,1458,3,1461,0.7,234311.0,5,SUSHIL CHANDRA DAS
WEST BENGAL,9,TUFANGANJ,MALE,40.0,SC,IND,Telephone,600,1,601,0.29,234311.0,6,PRAHALLAD LAYEK
WEST BENGAL,9,TUFANGANJ,MALE,42.0,SC,IND,Boat with Man and Sail,541,11,552,0.26,234311.0,7,DHANANJAY BARMAN
WEST BENGAL,9,TUFANGANJ,MALE,58.0,GENERAL,SUCI,Battery torch,481,10,491,0.23,234311.0,8,BHOLA SAHA
WEST BENGAL,9,TUFANGANJ,MALE,66.0,GENERAL,AMB,Helicopter,422,1,423,0.2,234311.0,9,JIBAN KUMAR SAHA
TURN OUT,,,,,TOTAL:,,,206508,2870,209378,89.36,,,
WEST BENGAL,10,KUMARGRAM,MALE,41.0,ST,BJP,Lotus,110658,1316,111974,48.16,272924.0,1,MANOJ KUMAR ORAON
WEST BENGAL,10,KUMARGRAM,MALE,46.0,ST,AITC,Flowers and Grass,100009,964,100973,43.43,272924.0,2,LEOS KUJUR (URAO)
WEST BENGAL,10,KUMARGRAM,MALE,37.0,ST,RSP,Spade & Stoker,11100,153,11253,4.84,272924.0,3,KISHOR MINJ
WEST BENGAL,10,KUMARGRAM,,,,NOTA,NOTA,2706,12,2718,1.17,272924.0,4,NOTA
WEST BENGAL,10,KUMARGRAM,MALE,26.0,ST,IND,Basket containing Fruits,1774,7,1781,0.77,272924.0,5,ARON MURMU
WEST BENGAL,10,KUMARGRAM,MALE,43.0,ST,KPPU,Boat with Man and Sail,1643,8,1651,0.71,272924.0,6,SHRILAL ORON
WEST BENGAL,10,KUMARGRAM,FEMALE,44.0,ST,JD(U),Arrow,1381,18,1399,0.6,272924.0,7,KALAWATI CHIK BARAIK
WEST BENGAL,10,KUMARGRAM,MALE,37.0,ST,BMUP,Cot,735,5,740,0.32,272924.0,8,SHAILEN MARANDI
TURN OUT,,,,,TOTAL:,,,230006,2483,232489,85.18,,,
WEST BENGAL,11,KALCHINI,MALE,39.0,ST,BJP,Lotus,102247,857,103104,52.65,247425.0,1,BISHAL LAMA
WEST BENGAL,11,KALCHINI,MALE,48.0,ST,AITC,Flowers and Grass,73896,632,74528,38.06,247425.0,2,PASSANG LAMA
WEST BENGAL,11,KALCHINI,MALE,48.0,ST,INC,Hand,5386,96,5482,2.8,247425.0,3,AVIJIT NARJINARY
WEST BENGAL,11,KALCHINI,MALE,42.0,ST,IND,Tractor Chalata Kisan,2416,9,2425,1.24,247425.0,4,BINAY NARJINARY
WEST BENGAL,11,KALCHINI,,,,NOTA,NOTA,2370,7,2377,1.21,247425.0,5,NOTA
WEST BENGAL,11,KALCHINI,FEMALE,41.0,ST,IND,Pineapple,2242,9,2251,1.15,247425.0,6,REKHA LAKRA (EKKA)
WEST BENGAL,11,KALCHINI,MALE,67.0,ST,IND,Coat,1858,11,1869,0.95,247425.0,7,PRAKASH KUJUR
WEST BENGAL,11,KALCHINI,MALE,30.0,ST,LJP,Bungalow,1163,1,1164,0.59,247425.0,8,CHANCHAL NARJINARY
WEST BENGAL,11,KALCHINI,MALE,39.0,ST,IND,Football,907,3,910,0.46,247425.0,9,SUKUMAR MINJ
WEST BENGAL,11,KALCHINI,MALE,50.0,ST,NPEP,Book,794,9,803,0.41,247425.0,10,ASHOK LAMA
WEST BENGAL,11,KALCHINI,MALE,36.0,ST,BMUP,Cot,475,4,479,0.24,247425.0,11,HAKIM MAHALI
WEST BENGAL,11,KALCHINI,MALE,34.0,ST,JD(U),Arrow,419,4,423,0.22,247425.0,12,MADAN KUMAR URAON
TURN OUT,,,,,TOTAL:,,,194173,1642,195815,79.14,,,
WEST BENGAL,12,ALIPURDUARS,MALE,50.0,GENERAL,BJP,Lotus,105517,1816,107333,48.19,260652.0,1,SUMAN KANJILAL
WEST BENGAL,12,ALIPURDUARS,MALE,48.0,GENERAL,AITC,Flowers and Grass,90183,1143,91326,41.0,260652.0,2,SOURAV CHAKRABORTY (GHUTIS)
WEST BENGAL,12,ALIPURDUARS,MALE,72.0,GENERAL,INC,Hand,15203,448,15651,7.03,260652.0,3,DEBA PRASAD ROY
WEST BENGAL,12,ALIPURDUARS,MALE,59.0,SC,IND,Football,2333,18,2351,1.06,260652.0,4,NIKHIL CHANDRA RAIBIR
WEST BENGAL,12,ALIPURDUARS,,,,NOTA,NOTA,1950,31,1981,0.89,260652.0,5,NOTA
WEST BENGAL,12,ALIPURDUARS,FEMALE,39.0,GENERAL,IND,CALCULATOR,1384,9,1393,0.63,260652.0,6,RINKU GHOSH
WEST BENGAL,12,ALIPURDUARS,MALE,55.0,GENERAL,SUCI,Battery torch,1090,21,1111,0.5,260652.0,7,PIJUSH KANTI SARMA
WEST BENGAL,12,ALIPURDUARS,MALE,39.0,SC,IND,Boat with Man and Sail,677,19,696,0.31,260652.0,8,ASHIM ROY
WEST BENGAL,12,ALIPURDUARS,MALE,42.0,SC,IND,COCONUT FARM,613,7,620,0.28,260652.0,9,KUSHAL KUMAR ROY
WEST BENGAL,12,ALIPURDUARS,MALE,58.0,GENERAL,IND,Table,267,3,270,0.12,260652.0,10,ABINASH DAS
TURN OUT,,,,,TOTAL:,,,219217,3515,222732,85.45,,,
WEST BENGAL,13,FALAKATA,MALE,46.0,SC,BJP,Lotus,101833,1160,102993,46.71,254554.0,1,DIPAK BARMAN
WEST BENGAL,13,FALAKATA,MALE,49.0,SC,AITC,Flowers and Grass,98181,822,99003,44.9,254554.0,2,SUBHASH CHANDRA ROY
WEST BENGAL,13,FALAKATA,MALE,51.0,SC,CPI(M),"Hammer, Sickle and Star",10496,276,10772,4.89,254554.0,3,KSHITISH CHANDRA RAY
WEST BENGAL,13,FALAKATA,,,,NOTA,NOTA,1964,6,1970,0.89,254554.0,4,NOTA
WEST BENGAL,13,FALAKATA,MALE,37.0,SC,IND,Football Player,1675,3,1678,0.76,254554.0,5,DIPAK CHANDRA MANDAL (SANTOSH)
WEST BENGAL,13,FALAKATA,MALE,27.0,SC,IND,SHIP,1639,6,1645,0.75,254554.0,6,SWAPAN ROY
WEST BENGAL,13,FALAKATA,MALE,32.0,SC,SWJP,Football,1367,10,1377,0.62,254554.0,7,TAPAN ADHIKARI
WEST BENGAL,13,FALAKATA,MALE,63.0,SC,SUCI,Battery torch,608,5,613,0.28,254554.0,8,TARANI ROY
WEST BENGAL,13,FALAKATA,MALE,55.0,SC,AMB,Triangle,446,3,449,0.2,254554.0,9,BIMAL ROY
TURN OUT,,,,,TOTAL:,,,218209,2291,220500,86.62,,,
WEST BENGAL,14,MADARIHAT,MALE,48.0,ST,BJP,Lotus,89913,805,90718,54.35,212651.0,1,MANOJ TIGGA
WEST BENGAL,14,MADARIHAT,MALE,45.0,ST,AITC,Flowers and Grass,60591,442,61033,36.56,212651.0,2,RAJESH LAKRA
WEST BENGAL,14,MADARIHAT,MALE,48.0,ST,RSP,Spade & Stoker,6983,89,7072,4.24,212651.0,3,SUBHASH LOHAR
WEST BENGAL,14,MADARIHAT,,,,NOTA,NOTA,2607,15,2622,1.57,212651.0,4,NOTA
WEST BENGAL,14,MADARIHAT,MALE,41.0,ST,BSP,Elephant,1687,9,1696,1.02,212651.0,5,UTTAM BARUA
WEST BENGAL,14,MADARIHAT,MALE,37.0,ST,BTP,Cot,1536,4,1540,0.92,212651.0,6,VIVEK PRADEEP TETE
WEST BENGAL,14,MADARIHAT,MALE,37.0,ST,NPEP,Book,1261,11,1272,0.76,212651.0,7,PANCHU ORAON
WEST BENGAL,14,MADARIHAT,MALE,43.0,ST,SUCI,Battery torch,961,6,967,0.58,212651.0,8,SUDHIST BARAIK
TURN OUT,,,,,TOTAL:,,,165539,1381,166920,78.49,,,
WEST BENGAL,15,DHUPGURI,MALE,58.0,SC,BJP,Lotus,103533,1155,104688,45.65,263118.0,1,BISHNU PADA RAY
WEST BENGAL,15,DHUPGURI,FEMALE,47.0,SC,AITC,Flowers and Grass,99293,1040,100333,43.75,263118.0,2,MITALI ROY
WEST BENGAL,15,DHUPGURI,MALE,46.0,SC,CPI(M),"Hammer, Sickle and Star",12856,251,13107,5.72,263118.0,3,PRADIP KUMAR ROY
WEST BENGAL,15,DHUPGURI,MALE,53.0,SC,BSP,Elephant,2171,7,2178,0.95,263118.0,4,BEDODYUTI ROY
WEST BENGAL,15,DHUPGURI,MALE,28.0,SC,IND,Tractor Chalata Kisan,2167,2,2169,0.95,263118.0,5,HRISHIKESH ROY
WEST BENGAL,15,DHUPGURI,MALE,40.0,SC,KPPU,Boat with Man and Sail,2144,11,2155,0.94,263118.0,6,SUKUMAR ROY
WEST BENGAL,15,DHUPGURI,,,,NOTA,NOTA,1976,8,1984,0.87,263118.0,7,NOTA
WEST BENGAL,15,DHUPGURI,MALE,37.0,SC,SUCI,Battery torch,1604,9,1613,0.7,263118.0,8,DHIRANJAN ROY
WEST BENGAL,15,DHUPGURI,MALE,33.0,SC,IND,Football,1090,6,1096,0.48,263118.0,9,SUJAN BARMAN
TURN OUT,,,,,TOTAL:,,,226834,2489,229323,87.16,,,
WEST BENGAL,16,MAYNAGURI,MALE,37.0,SC,BJP,Lotus,113928,1378,115306,48.84,264265.0,1,KAUSHIK ROY
WEST BENGAL,16,MAYNAGURI,MALE,50.0,SC,AITC,Flowers and Grass,102341,1054,103395,43.79,264265.0,2,MANOJ ROY
WEST BENGAL,16,MAYNAGURI,MALE,66.0,SC,RSP,Spade & Stoker,5592,168,5760,2.44,264265.0,3,NARESH CHANDRA ROY
WEST BENGAL,16,MAYNAGURI,,,,NOTA,NOTA,3072,23,3095,1.31,264265.0,4,NOTA
WEST BENGAL,16,MAYNAGURI,MALE,46.0,SC,KPPU,Boat with Man and Sail,2843,25,2868,1.21,264265.0,5,BISWANATH ROY
WEST BENGAL,16,MAYNAGURI,MALE,68.0,SC,CPI(ML)(L),Flag with Three Stars,1546,9,1555,0.66,264265.0,6,UDAY SHANKAR ADHIKARI
WEST BENGAL,16,MAYNAGURI,MALE,54.0,SC,BSP,Elephant,1539,11,1550,0.66,264265.0,7,GANESH MANDAL
WEST BENGAL,16,MAYNAGURI,MALE,32.0,SC,IND,Football,1075,4,1079,0.46,264265.0,8,BILASH SARKAR
WEST BENGAL,16,MAYNAGURI,MALE,38.0,SC,SUCI,Battery torch,737,8,745,0.32,264265.0,9,SHYAMAL ROY
WEST BENGAL,16,MAYNAGURI,MALE,50.0,SC,AMB,COMPUTER,737,3,740,0.31,264265.0,10,BINAY SARKAR
TURN OUT,,,,,TOTAL:,,,233410,2683,236093,89.34,,,
WEST BENGAL,17,JALPAIGURI,MALE,66.0,SC,AITC,Flowers and Grass,93648,2020,95668,42.34,262500.0,1,DR. PRADIP KUMAR BARMA
WEST BENGAL,17,JALPAIGURI,MALE,47.0,SC,BJP,Lotus,92373,2354,94727,41.93,262500.0,2,SOUJIT SINGHA (PIKU)
WEST BENGAL,17,JALPAIGURI,MALE,75.0,SC,INC,Hand,23173,1055,24228,10.72,262500.0,3,SUKHBILAS BARMA
WEST BENGAL,17,JALPAIGURI,,,,NOTA,NOTA,3334,47,3381,1.5,262500.0,4,NOTA
WEST BENGAL,17,JALPAIGURI,MALE,53.0,SC,BSP,Elephant,1590,19,1609,0.71,262500.0,5,SUBHASH KUMAR SARKAR
WEST BENGAL,17,JALPAIGURI,FEMALE,31.0,SC,IND,Basket containing Fruits,1537,19,1556,0.69,262500.0,6,RAKHI SARKAR
WEST BENGAL,17,JALPAIGURI,MALE,49.0,SC,IND,Football Player,1142,5,1147,0.51,262500.0,7,HAREKRISHNA SARKAR
WEST BENGAL,17,JALPAIGURI,MALE,31.0,SC,AMB,Boat with Man and Sail,999,12,1011,0.45,262500.0,8,ISWAR BARAI
WEST BENGAL,17,JALPAIGURI,MALE,37.0,SC,IND,Football,949,13,962,0.43,262500.0,9,HARIDAS BISWAS
WEST BENGAL,17,JALPAIGURI,MALE,41.0,SC,SUCI,Battery torch,884,14,898,0.4,262500.0,10,PALENDRA NATH ROY
WEST BENGAL,17,JALPAIGURI,MALE,33.0,SC,IND,SHIP,725,21,746,0.33,262500.0,11,PRAHLAD ROY
TURN OUT,,,,,TOTAL:,,,220354,5579,225933,86.07,,,
WEST BENGAL,18,RAJGANJ,MALE,69.0,SC,AITC,Flowers and Grass,103587,1054,104641,48.5,244163.0,1,KHAGESWAR ROY
WEST BENGAL,18,RAJGANJ,MALE,60.0,SC,BJP,Lotus,87822,1046,88868,41.19,244163.0,2,SUPEN ROY
WEST BENGAL,18,RAJGANJ,MALE,46.0,SC,CPI(M),"Hammer, Sickle and Star",11897,211,12108,5.61,244163.0,3,RATAN KUMAR ROY
WEST BENGAL,18,RAJGANJ,,,,NOTA,NOTA,3161,14,3175,1.47,244163.0,4,NOTA
WEST BENGAL,18,RAJGANJ,FEMALE,31.0,SC,KPPU,Ganna Kisan,1851,9,1860,0.86,244163.0,5,TAPATI ROY (BARMAN)
WEST BENGAL,18,RAJGANJ,MALE,53.0,SC,SUCI,Battery Torch,1590,15,1605,0.74,244163.0,6,UDAY ROY
WEST BENGAL,18,RAJGANJ,MALE,63.0,SC,BSP,Elephant,1498,12,1510,0.7,244163.0,7,SANTI KISHOR BARARI
WEST BENGAL,18,RAJGANJ,MALE,60.0,SC,IND,Football,1137,9,1146,0.53,244163.0,8,DIGBIJAY MANDAL
WEST BENGAL,18,RAJGANJ,MALE,68.0,SC,AMB,Boat with Man and Sail,833,9,842,0.39,244163.0,9,NIRODE CHANDRA ADHIKARY
TURN OUT,,,,,TOTAL:,,,213376,2379,215755,88.37,,,
WEST BENGAL,19,DABGRAM-FULBARI,FEMALE,68.0,GENERAL,BJP,Lotus,128302,786,129088,49.85,310354.0,1,SIKHA CHATTERJEE
WEST BENGAL,19,DABGRAM-FULBARI,MALE,64.0,GENERAL,AITC,Flowers and Grass,100844,651,101495,39.19,310354.0,2,GOUTAM DEB
WEST BENGAL,19,DABGRAM-FULBARI,MALE,54.0,GENERAL,CPI(M),"Hammer, Sickle and Star",17747,251,17998,6.95,310354.0,3,DILIP SINGH
WEST BENGAL,19,DABGRAM-FULBARI,,,,NOTA,NOTA,3358,21,3379,1.3,310354.0,4,NOTA
WEST BENGAL,19,DABGRAM-FULBARI,MALE,47.0,SC,BSP,Elephant,1391,4,1395,0.54,310354.0,5,RADHAKRISHNA NAMADAS
WEST BENGAL,19,DABGRAM-FULBARI,MALE,43.0,SC,IND,Pen Nib with Seven Rays,1388,3,1391,0.54,310354.0,6,MAHESWAR BARMAN
WEST BENGAL,19,DABGRAM-FULBARI,FEMALE,42.0,GENERAL,IND,Hat,1087,6,1093,0.42,310354.0,7,RAKHI MANDAL
WEST BENGAL,19,DABGRAM-FULBARI,MALE,67.0,SC,IND,COCONUT FARM,1047,5,1052,0.41,310354.0,8,SUBASH BISWAS
WEST BENGAL,19,DABGRAM-FULBARI,MALE,35.0,SC,RPI(A),Apple,876,5,881,0.34,310354.0,9,AMITAV NASKAR
WEST BENGAL,19,DABGRAM-FULBARI,MALE,59.0,GENERAL,AMB,Boat with Man and Sail,646,4,650,0.25,310354.0,10,SHAMBHU SUTRADHAR
WEST BENGAL,19,DABGRAM-FULBARI,MALE,49.0,GENERAL,SUCI,Battery torch,544,3,547,0.21,310354.0,11,MANIUL ISLAM
TURN OUT,,,,,TOTAL:,,,257230,1739,258969,83.44,,,
WEST BENGAL,20,MAL,MALE,61.0,ST,AITC,Flowers and Grass,98697,389,99086,46.46,255570.0,1,BULU CHIK BARAIK
WEST BENGAL,20,MAL,MALE,41.0,ST,BJP,Lotus,93106,515,93621,43.9,255570.0,2,MAHESH BAGEY
WEST BENGAL,20,MAL,MALE,39.0,ST,CPI(M),"Hammer, Sickle and Star",10797,132,10929,5.12,255570.0,3,MANU ORAON
WEST BENGAL,20,MAL,,,,NOTA,NOTA,4688,11,4699,2.2,255570.0,4,NOTA
WEST BENGAL,20,MAL,FEMALE,26.0,ST,SUCI,Battery Torch,3000,8,3008,1.41,255570.0,5,GITA ORAON
WEST BENGAL,20,MAL,MALE,37.0,ST,IND,Pen Nib with Seven Rays,1907,5,1912,0.9,255570.0,6,BABLU MAJHI
TURN OUT,,,,,TOTAL:,,,212195,1060,213255,83.44,,,
WEST BENGAL,21,NAGRAKATA,MALE,46.0,ST,BJP,Lotus,94371,351,94722,49.55,237305.0,1,PUNA BHENGRA
WEST BENGAL,21,NAGRAKATA,MALE,49.0,ST,AITC,Flowers and Grass,70999,248,71247,37.27,237305.0,2,JOSEPH MUNDA
WEST BENGAL,21,NAGRAKATA,MALE,53.0,ST,INC,Hand,12378,64,12442,6.51,237305.0,3,SUKBIR SUBBA
WEST BENGAL,21,NAGRAKATA,,,,NOTA,NOTA,5448,6,5454,2.85,237305.0,4,NOTA
WEST BENGAL,21,NAGRAKATA,MALE,42.0,ST,IND,Truck,3280,3,3283,1.72,237305.0,5,ROBAT MUNDA
WEST BENGAL,21,NAGRAKATA,MALE,42.0,ST,PrPP,Football,2243,4,2247,1.18,237305.0,6,BENAM ORAON
WEST BENGAL,21,NAGRAKATA,MALE,31.0,ST,IND,Wheel Barrow,1770,4,1774,0.93,237305.0,7,ASHAN TIRKEY
TURN OUT,,,,,TOTAL:,,,190489,680,191169,80.56,,,
WEST BENGAL,22,KALIMPONG,MALE,51.0,ST,IND,Whistle,57344,862,58206,37.59,211896.0,1,RUDEN SADA LEPCHA
WEST BENGAL,22,KALIMPONG,MALE,58.0,GENERAL,BJP,Lotus,53227,1109,54336,35.09,211896.0,2,SUVA PRADHAN
WEST BENGAL,22,KALIMPONG,MALE,61.0,GENERAL,IND,Table,31479,377,31856,20.57,211896.0,3,DR. R.B. BHUJEL
WEST BENGAL,22,KALIMPONG,,,,NOTA,NOTA,2142,18,2160,1.39,211896.0,4,NOTA
WEST BENGAL,22,KALIMPONG,MALE,35.0,GENERAL,NPEP,Book,1750,55,1805,1.17,211896.0,5,PENJO GOMPU BHUTIA
WEST BENGAL,22,KALIMPONG,MALE,33.0,ST,IND,Laptop,1688,32,1720,1.11,211896.0,6,SONGDEN LEPCHA
WEST BENGAL,22,KALIMPONG,MALE,57.0,GENERAL,INC,Hand,1632,83,1715,1.11,211896.0,7,DILIP PRADHAN
WEST BENGAL,22,KALIMPONG,MALE,31.0,GENERAL,IND,Battery torch,1495,67,1562,1.01,211896.0,8,UJJWAL RAI
WEST BENGAL,22,KALIMPONG,MALE,43.0,ST,IND,Pen Nib with Seven Rays,1463,40,1503,0.97,211896.0,9,BHUPENDRA LEPCHA
TURN OUT,,,,,TOTAL:,,,152220,2643,154863,73.08,,,
WEST BENGAL,23,DARJEELING,MALE,39.0,ST,BJP,Lotus,67161,1746,68907,40.88,246663.0,1,NEERAJ TAMANG ZIMBA
WEST BENGAL,23,DARJEELING,MALE,35.0,GENERAL,IND,Whistle,46927,704,47631,28.26,246663.0,2,KESHAV RAJ SHARMA
WEST BENGAL,23,DARJEELING,MALE,56.0,ST,IND,Television,37804,436,38240,22.68,246663.0,3,PEMBA TSHERING
WEST BENGAL,23,DARJEELING,MALE,38.0,GENERAL,IND,Black Board,2766,89,2855,1.69,246663.0,4,SURAJ GURUNG
WEST BENGAL,23,DARJEELING,,,,NOTA,NOTA,2495,45,2540,1.51,246663.0,5,NOTA
WEST BENGAL,23,DARJEELING,MALE,41.0,ST,IND,Battery torch,2042,46,2088,1.24,246663.0,6,NIMA GYAMTSHO SHERPA
WEST BENGAL,23,DARJEELING,MALE,62.0,GENERAL,CPI(M),"Hammer, Sickle and Star",1821,92,1913,1.13,246663.0,7,GAUTAM RAJ RAI
WEST BENGAL,23,DARJEELING,FEMALE,40.0,GENERAL,IND,Nagrik,1600,77,1677,0.99,246663.0,8,ANJANI SHARMA
WEST BENGAL,23,DARJEELING,MALE,50.0,GENERAL,IND,Table,1367,30,1397,0.83,246663.0,9,MILAN THOKAR
WEST BENGAL,23,DARJEELING,MALE,72.0,GENERAL,IND,Syringe,1286,41,1327,0.79,246663.0,10,BHARAT PRAKASH RAI
TURN OUT,,,,,TOTAL:,,,165269,3306,168575,68.34,,,
WEST BENGAL,24,KURSEONG,MALE,52.0,GENERAL,BJP,Lotus,72153,1322,73475,41.86,236477.0,1,BISHNU PRASAD SHARMA (ALIAS B.P. BAJGAIN)
WEST BENGAL,24,KURSEONG,FEMALE,56.0,ST,IND,Whistle,57044,916,57960,33.02,236477.0,2,TSHERING LAMA
WEST BENGAL,24,KURSEONG,MALE,47.0,ST,IND,Table,32770,324,33094,18.85,236477.0,3,NARBU LAMA
WEST BENGAL,24,KURSEONG,MALE,54.0,GENERAL,CPI(M),"Hammer, Sickle and Star",2494,51,2545,1.45,236477.0,4,UTTAM BRAHMAN
WEST BENGAL,24,KURSEONG,,,,NOTA,NOTA,2372,45,2417,1.38,236477.0,5,NOTA
WEST BENGAL,24,KURSEONG,MALE,46.0,ST,IND,Laptop,2235,64,2299,1.31,236477.0,6,UGAM LAMA
WEST BENGAL,24,KURSEONG,MALE,38.0,GENERAL,IND,Binoculars,1402,27,1429,0.81,236477.0,7,BIKRAM RAI
WEST BENGAL,24,KURSEONG,MALE,30.0,GENERAL,IND,Walking Stick,1341,25,1366,0.78,236477.0,8,PRANAV PRADHAN
WEST BENGAL,24,KURSEONG,MALE,43.0,ST,IND,Plastering Trowel,935,25,960,0.55,236477.0,9,BHUPENDRA LEPCHA
TURN OUT,,,,,TOTAL:,,,172746,2799,175545,74.23,,,
WEST BENGAL,25,MATIGARA-NAXALBARI,MALE,38.0,SC,BJP,Lotus,138819,966,139785,58.1,287565.0,1,ANANDAMAY BARMAN
WEST BENGAL,25,MATIGARA-NAXALBARI,MALE,62.0,SC,AITC,Flowers and Grass,68454,483,68937,28.65,287565.0,2,RAJEN SUNDAS
WEST BENGAL,25,MATIGARA-NAXALBARI,MALE,66.0,SC,INC,Hand,22865,195,23060,9.58,287565.0,3,SANKAR MALAKAR
WEST BENGAL,25,MATIGARA-NAXALBARI,,,,NOTA,NOTA,3888,24,3912,1.63,287565.0,4,NOTA
WEST BENGAL,25,MATIGARA-NAXALBARI,MALE,51.0,SC,IND,DIAMOND,2032,14,2046,0.85,287565.0,5,RAKESH MONDAL
WEST BENGAL,25,MATIGARA-NAXALBARI,MALE,42.0,SC,BSP,Elephant,1564,13,1577,0.66,287565.0,6,SUDIP MANDAL
WEST BENGAL,25,MATIGARA-NAXALBARI,MALE,38.0,SC,SUCI,Battery Torch,1261,13,1274,0.53,287565.0,7,HARISH CHANDRA BARMAN
TURN OUT,,,,,TOTAL:,,,238883,1708,240591,83.66,,,
WEST BENGAL,26,SILIGURI,MALE,48.0,GENERAL,BJP,Lotus,88580,790,89370,50.03,228406.0,1,SANKAR GHOSH
WEST BENGAL,26,SILIGURI,MALE,60.0,GENERAL,AITC,Flowers and Grass,53153,631,53784,30.11,228406.0,2,DR. OMPRAKASH MISHRA
WEST BENGAL,26,SILIGURI,MALE,71.0,GENERAL,CPI(M),"Hammer, Sickle and Star",28269,566,28835,16.14,228406.0,3,ASOK BHATTACHARYA
WEST BENGAL,26,SILIGURI,,,,NOTA,NOTA,2035,39,2074,1.16,228406.0,4,NOTA
WEST BENGAL,26,SILIGURI,FEMALE,45.0,GENERAL,BSP,Elephant,1241,14,1255,0.7,228406.0,5,KAKALI MAJUMDAR (ROY)
WEST BENGAL,26,SILIGURI,MALE,32.0,GENERAL,IND,Whistle,951,6,957,0.54,228406.0,6,HABUL GHOSH
WEST BENGAL,26,SILIGURI,MALE,48.0,GENERAL,RPI(A),Apple,645,4,649,0.36,228406.0,7,NINTU DUTTA
WEST BENGAL,26,SILIGURI,MALE,51.0,GENERAL,AMB,Water Melon,592,2,594,0.33,228406.0,8,CHAYAN GUHA
WEST BENGAL,26,SILIGURI,MALE,46.0,GENERAL,JD(U),Arrow,443,4,447,0.25,228406.0,9,BHUSHAN KUMAR SONI
WEST BENGAL,26,SILIGURI,FEMALE,56.0,GENERAL,SUCI,Battery Torch,368,11,379,0.21,228406.0,10,DIPTI ROY
WEST BENGAL,26,SILIGURI,MALE,28.0,GENERAL,RPPRINAT,Cup & Saucer,301,5,306,0.17,228406.0,11,CHHOTAN SAHA
TURN OUT,,,,,TOTAL:,,,176578,2072,178650,78.22,,,
WEST BENGAL,27,PHANSIDEWA,MALE,42.0,ST,BJP,Lotus,105123,528,105651,50.89,240496.0,1,DURGA MURMU
WEST BENGAL,27,PHANSIDEWA,MALE,53.0,ST,AITC,Flowers and Grass,77599,341,77940,37.55,240496.0,2,CHHOTAN KISKU
WEST BENGAL,27,PHANSIDEWA,MALE,72.0,ST,INC,Hand,12747,68,12815,6.17,240496.0,3,SUNIL CHANDRA TIRKEY
WEST BENGAL,27,PHANSIDEWA,FEMALE,26.0,ST,CPI(ML)(L),Flag with Three Stars,2769,18,2787,1.34,240496.0,4,SUMANTI EKKA
WEST BENGAL,27,PHANSIDEWA,,,,NOTA,NOTA,2564,11,2575,1.24,240496.0,5,NOTA
WEST BENGAL,27,PHANSIDEWA,MALE,39.0,ST,BSP,Elephant,2284,7,2291,1.1,240496.0,6,KARUNA RANJAN SOREN
WEST BENGAL,27,PHANSIDEWA,MALE,74.0,ST,SUCI,Battery Torch,1827,5,1832,0.88,240496.0,7,BHOLA TIRKI
WEST BENGAL,27,PHANSIDEWA,MALE,33.0,ST,BTP,Auto- Rickshaw,1683,16,1699,0.82,240496.0,8,AMIT LAKRA
TURN OUT,,,,,TOTAL:,,,206596,994,207590,86.32,,,
WEST BENGAL,28,CHOPRA,MALE,61.0,GENERAL,AITC,Flowers and Grass,123944,979,124923,61.2,247764.0,1,HAMIDUL RAHAMAN
WEST BENGAL,28,CHOPRA,MALE,51.0,GENERAL,BJP,Lotus,59604,414,60018,29.4,247764.0,2,MD. SHAHIN AKHTER
WEST BENGAL,28,CHOPRA,MALE,64.0,GENERAL,CPI(M),"Hammer, Sickle and Star",12188,91,12279,6.02,247764.0,3,ANWARUL HAQUE
WEST BENGAL,28,CHOPRA,MALE,45.0,SC,AMB,Boat with Man and Sail,3158,8,3166,1.55,247764.0,4,AJOY KUMAR SINHA
WEST BENGAL,28,CHOPRA,MALE,30.0,ST,IND,Ganna Kisan,2190,3,2193,1.07,247764.0,5,SUROJIT KISKU
WEST BENGAL,28,CHOPRA,,,,NOTA,NOTA,1527,4,1531,0.75,247764.0,6,NOTA
TURN OUT,,,,,TOTAL:,,,202611,1499,204110,82.38,,,
WEST BENGAL,29,ISLAMPUR,MALE,74.0,GENERAL,AITC,Flowers and Grass,99380,751,100131,58.91,219728.0,1,ABDUL KARIM CHOWDHARY
WEST BENGAL,29,ISLAMPUR,MALE,43.0,GENERAL,BJP,Lotus,61909,782,62691,36.88,219728.0,2,SAUMYAROOP MANDAL
WEST BENGAL,29,ISLAMPUR,MALE,37.0,GENERAL,INC,Hand,3405,56,3461,2.04,219728.0,3,SADIQUL ISLAM
WEST BENGAL,29,ISLAMPUR,,,,NOTA,NOTA,1962,14,1976,1.16,219728.0,4,NOTA
WEST BENGAL,29,ISLAMPUR,MALE,42.0,SC,SUCI,Battery torch,1142,10,1152,0.68,219728.0,5,BIRENDRA NATH SINHA
WEST BENGAL,29,ISLAMPUR,MALE,42.0,GENERAL,IND,Dolli,563,0,563,0.33,219728.0,6,MD. NAIYAR ALAM
TURN OUT,,,,,TOTAL:,,,168361,1613,169974,77.36,,,
WEST BENGAL,30,GOALPOKHAR,MALE,51.0,GENERAL,AITC,Flowers and Grass,105083,566,105649,65.4,224633.0,1,MD. GHULAM RABBANI
WEST BENGAL,30,GOALPOKHAR,MALE,37.0,GENERAL,BJP,Lotus,32029,106,32135,19.89,224633.0,2,MD. GHULAM SARWAR
WEST BENGAL,30,GOALPOKHAR,MALE,53.0,GENERAL,INC,Hand,19305,86,19391,12.0,224633.0,3,MASOOD MD. NASEEM AHSEN
WEST BENGAL,30,GOALPOKHAR,,,,NOTA,NOTA,2014,2,2016,1.25,224633.0,4,NOTA
WEST BENGAL,30,GOALPOKHAR,MALE,45.0,SC,BSP,Elephant,861,4,865,0.54,224633.0,5,SUNIL BISWAS
WEST BENGAL,30,GOALPOKHAR,MALE,30.0,SC,IND,Whistle,693,1,694,0.43,224633.0,6,SHAMBHU LAL ROY
WEST BENGAL,30,GOALPOKHAR,MALE,51.0,SC,IND,Table,405,0,405,0.25,224633.0,7,RAGHU NATH SINGHA
WEST BENGAL,30,GOALPOKHAR,MALE,38.0,SC,SUCI,Battery torch,378,2,380,0.24,224633.0,8,NABIN CHANDRA SINGHA
TURN OUT,,,,,TOTAL:,,,160768,767,161535,71.91,,,
WEST BENGAL,31,CHAKULIA,MALE,49.0,GENERAL,AITC,Flowers and Grass,85922,389,86311,49.78,233378.0,1,AZAD MINHAJUL ARFIN
WEST BENGAL,31,CHAKULIA,MALE,41.0,SC,BJP,Lotus,52170,304,52474,30.26,233378.0,2,SACHIN PRASAD
WEST BENGAL,31,CHAKULIA,MALE,42.0,GENERAL,AIFB,Lion,28521,183,28704,16.55,233378.0,3,ALI IMRAN RAMZ
WEST BENGAL,31,CHAKULIA,MALE,45.0,SC,BSP,Elephant,2720,5,2725,1.57,233378.0,4,GOUTAM PAUL
WEST BENGAL,31,CHAKULIA,,,,NOTA,NOTA,1183,3,1186,0.68,233378.0,5,NOTA
WEST BENGAL,31,CHAKULIA,MALE,44.0,GENERAL,IND,Helicopter,1046,0,1046,0.6,233378.0,6,MAZHAR IMAM
WEST BENGAL,31,CHAKULIA,MALE,44.0,GENERAL,JD(U),Arrow,950,4,954,0.55,233378.0,7,KAMKSHYA SARKAR
TURN OUT,,,,,TOTAL:,,,172512,888,173400,74.3,,,
WEST BENGAL,32,KARANDIGHI,MALE,42.0,GENERAL,AITC,Flowers and Grass,115956,638,116594,54.7,262583.0,1,GOUTAM PAUL
WEST BENGAL,32,KARANDIGHI,MALE,64.0,SC,BJP,Lotus,79417,551,79968,37.52,262583.0,2,SUBHAS CHANDRA SINHA S/O: HARANARAYAN SINHA
WEST BENGAL,32,KARANDIGHI,MALE,60.0,GENERAL,AIFB,Lion,9077,69,9146,4.29,262583.0,3,MD. HAFIZUL IQBAL
WEST BENGAL,32,KARANDIGHI,,,,NOTA,NOTA,2443,6,2449,1.15,262583.0,4,NOTA
WEST BENGAL,32,KARANDIGHI,MALE,75.0,GENERAL,IND,Saw,1266,3,1269,0.6,262583.0,5,BENOY KUMAR DAS
WEST BENGAL,32,KARANDIGHI,MALE,54.0,GENERAL,BSP,Elephant,1128,11,1139,0.53,262583.0,6,HARUN RASHID
WEST BENGAL,32,KARANDIGHI,MALE,38.0,SC,IND,Cauliflower,690,3,693,0.33,262583.0,7,SUBHASH CHANDRA SINHA S/O: BUYASU LAL SINGHA
WEST BENGAL,32,KARANDIGHI,MALE,33.0,GENERAL,IND,DIAMOND,631,1,632,0.3,262583.0,8,ABDULLAH
WEST BENGAL,32,KARANDIGHI,MALE,56.0,SC,IND,Pineapple,536,1,537,0.25,262583.0,9,DINESH CHANDRA SINGHA
WEST BENGAL,32,KARANDIGHI,MALE,40.0,SC,AMB,Boat with Man and Sail,266,5,271,0.13,262583.0,10,BISHWAJIT SINHA
WEST BENGAL,32,KARANDIGHI,MALE,45.0,ST,BMUP,Cot,229,2,231,0.11,262583.0,11,SANTHAPAN HASDAK
WEST BENGAL,32,KARANDIGHI,MALE,48.0,SC,SUCI,Battery torch,201,6,207,0.1,262583.0,12,SHANTILAL SINGHA
TURN OUT,,,,,TOTAL:,,,211840,1296,213136,81.17,,,
WEST BENGAL,33,HEMTABAD,MALE,40.0,SC,AITC,Flowers and Grass,115346,1079,116425,52.14,265318.0,1,SATYAJIT BARMAN
WEST BENGAL,33,HEMTABAD,FEMALE,62.0,SC,BJP,Lotus,88481,729,89210,39.95,265318.0,2,CHANDIMA ROY
WEST BENGAL,33,HEMTABAD,MALE,69.0,SC,CPI(M),"Hammer, Sickle and Star",9297,156,9453,4.23,265318.0,3,BHUPEN BARMAN
WEST BENGAL,33,HEMTABAD,,,,NOTA,NOTA,2154,6,2160,0.97,265318.0,4,NOTA
WEST BENGAL,33,HEMTABAD,MALE,53.0,SC,AMB,Boat with Man and Sail,1580,1,1581,0.71,265318.0,5,MANINDRA BARMAN
WEST BENGAL,33,HEMTABAD,MALE,39.0,SC,SUCI,Battery torch,1510,8,1518,0.68,265318.0,6,JYOTIRMAY BARMAN
WEST BENGAL,33,HEMTABAD,MALE,52.0,SC,BSP,Elephant,1406,5,1411,0.63,265318.0,7,BINAY KUMAR ROY
WEST BENGAL,33,HEMTABAD,MALE,32.0,SC,IND,School Bag,840,2,842,0.38,265318.0,8,SANKAR BARMAN
WEST BENGAL,33,HEMTABAD,MALE,34.0,SC,IND,SHIP,699,2,701,0.31,265318.0,9,DIPU BARMAN
TURN OUT,,,,,TOTAL:,,,221313,1988,223301,84.16,,,
WEST BENGAL,34,KALIAGANJ,MALE,45.0,SC,BJP,Lotus,115577,1191,116768,48.71,282575.0,1,SOUMEN ROY
WEST BENGAL,34,KALIAGANJ,MALE,60.0,SC,AITC,Flowers and Grass,93723,1225,94948,39.61,282575.0,2,TAPAN DEB SINGHA
WEST BENGAL,34,KALIAGANJ,MALE,46.0,SC,INC,Hand,16451,319,16770,7.0,282575.0,3,PRAVASH SARKAR
WEST BENGAL,34,KALIAGANJ,MALE,39.0,SC,IND,Nagrik,3978,26,4004,1.67,282575.0,4,SUDHIR SARKAR
WEST BENGAL,34,KALIAGANJ,,,,NOTA,NOTA,2993,14,3007,1.25,282575.0,5,NOTA
WEST BENGAL,34,KALIAGANJ,MALE,34.0,SC,SUCI,Battery torch,1070,3,1073,0.45,282575.0,6,GOPAL CHUNARY
WEST BENGAL,34,KALIAGANJ,MALE,43.0,SC,IND,Helicopter,1025,3,1028,0.43,282575.0,7,SURESH BARMAN
WEST BENGAL,34,KALIAGANJ,MALE,34.0,SC,IND,Funnel,776,5,781,0.33,282575.0,8,SHYAMA SARKAR
WEST BENGAL,34,KALIAGANJ,MALE,31.0,SC,IND,Tractor Chalata Kisan,544,8,552,0.23,282575.0,9,DILIP CHANDRA RAY
WEST BENGAL,34,KALIAGANJ,MALE,35.0,SC,IND,Football,407,1,408,0.17,282575.0,10,ALEN SARKAR
WEST BENGAL,34,KALIAGANJ,MALE,48.0,SC,AMB,Boat with Man and Sail,385,2,387,0.16,282575.0,11,NAMALA KANTA SARKAR
TURN OUT,,,,,TOTAL:,,,236929,2797,239726,84.84,,,
WEST BENGAL,35,RAIGANJ,MALE,42.0,GENERAL,BJP,Lotus,78308,1467,79775,49.44,198780.0,1,KRISHNA KALYANI
WEST BENGAL,35,RAIGANJ,MALE,67.0,GENERAL,AITC,Flowers and Grass,58007,1020,59027,36.58,198780.0,2,AGARWAL KANAIA LAL
WEST BENGAL,35,RAIGANJ,MALE,70.0,GENERAL,INC,Hand,16524,674,17198,10.66,198780.0,3,MOHIT SENGUPTA
WEST BENGAL,35,RAIGANJ,,,,NOTA,NOTA,2459,9,2468,1.53,198780.0,4,NOTA
WEST BENGAL,35,RAIGANJ,MALE,33.0,GENERAL,IND,Bat,1361,0,1361,0.84,198780.0,5,RAJU PAUL
WEST BENGAL,35,RAIGANJ,FEMALE,43.0,SC,IND,Gas Cylinder,462,3,465,0.29,198780.0,6,MINAKSHI ROY
WEST BENGAL,35,RAIGANJ,MALE,32.0,GENERAL,IND,Nagrik,208,3,211,0.13,198780.0,7,DIPENDU SARKAR
WEST BENGAL,35,RAIGANJ,MALE,45.0,GENERAL,AMB,Boat with Man and Sail,204,4,208,0.13,198780.0,8,GOUTAM BISWAS
WEST BENGAL,35,RAIGANJ,FEMALE,37.0,GENERAL,IND,Binoculars,194,2,196,0.12,198780.0,9,MANJU DAS (MANDAL)
WEST BENGAL,35,RAIGANJ,FEMALE,26.0,ST,BMUP,Cot,128,5,133,0.08,198780.0,10,BAHAMONI HANSDA
WEST BENGAL,35,RAIGANJ,MALE,38.0,GENERAL,SUCI,Battery torch,133,0,133,0.08,198780.0,11,SANATAN MAJUMDAR
WEST BENGAL,35,RAIGANJ,MALE,25.0,SC,IND,Air Conditioner,98,1,99,0.06,198780.0,12,JYOTI BARMAN
WEST BENGAL,35,RAIGANJ,MALE,41.0,GENERAL,JD(U),Arrow,73,0,73,0.05,198780.0,13,BHABATOSH LAHIRI
TURN OUT,,,,,TOTAL:,,,158159,3188,161347,81.17,,,
WEST BENGAL,36,ITAHAR,MALE,40.0,GENERAL,AITC,Flowers and Grass,113867,778,114645,59.1,229362.0,1,MOSARAF HUSSEN
WEST BENGAL,36,ITAHAR,MALE,51.0,GENERAL,BJP,Lotus,69949,721,70670,36.43,229362.0,2,AMIT KUMAR KUNDU
WEST BENGAL,36,ITAHAR,MALE,67.0,GENERAL,CPI,Ears of Corn And Sickle,4801,107,4908,2.53,229362.0,3,SRIKUMAR MUKHERJEE
WEST BENGAL,36,ITAHAR,,,,NOTA,NOTA,1239,1,1240,0.64,229362.0,4,NOTA
WEST BENGAL,36,ITAHAR,MALE,51.0,GENERAL,IND,Bat,1024,0,1024,0.53,229362.0,5,MOJAMMEL HAQUE
WEST BENGAL,36,ITAHAR,MALE,38.0,GENERAL,AIMIM,Kite,828,3,831,0.43,229362.0,6,MOFAKKERUL ISLAM
WEST BENGAL,36,ITAHAR,MALE,34.0,GENERAL,IND,Apple,344,2,346,0.18,229362.0,7,FIROJ ALAM
WEST BENGAL,36,ITAHAR,MALE,33.0,SC,IND,Boat with Man and Sail,185,4,189,0.1,229362.0,8,TUFAN BARMAN
WEST BENGAL,36,ITAHAR,MALE,40.0,SC,IND,Chimney,131,2,133,0.07,229362.0,9,DILIP KUMAR BARMAN
TURN OUT,,,,,TOTAL:,,,192368,1618,193986,84.58,,,
WEST BENGAL,37,KUSHMANDI,FEMALE,34.0,SC,AITC,Flowers and Grass,89185,783,89968,48.88,219921.0,1,REKHA ROY
WEST BENGAL,37,KUSHMANDI,MALE,50.0,SC,BJP,Lotus,76650,734,77384,42.04,219921.0,2,RANJIT KUMAR ROY
WEST BENGAL,37,KUSHMANDI,MALE,65.0,SC,RSP,Spade & Stoker,12386,185,12571,6.83,219921.0,3,NARMADA CHANDRA ROY
WEST BENGAL,37,KUSHMANDI,,,,NOTA,NOTA,1590,8,1598,0.87,219921.0,4,NOTA
WEST BENGAL,37,KUSHMANDI,MALE,42.0,SC,BSP,Elephant,1428,8,1436,0.78,219921.0,5,BISWANATH SARKAR
WEST BENGAL,37,KUSHMANDI,MALE,52.0,SC,IND,Plastering Trowel,1118,0,1118,0.61,219921.0,6,BHIMNAL SARKAR
TURN OUT,,,,,TOTAL:,,,182357,1718,184075,83.7,,,
WEST BENGAL,38,KUMARGANJ,MALE,61.0,GENERAL,AITC,Flowers and Grass,89117,646,89763,52.52,203986.0,1,TORAF HOSSAIN MANDAL
WEST BENGAL,38,KUMARGANJ,MALE,47.0,GENERAL,BJP,Lotus,59736,660,60396,35.33,203986.0,2,MANAS SARKAR
WEST BENGAL,38,KUMARGANJ,FEMALE,51.0,GENERAL,INC,Hand,17344,134,17478,10.23,203986.0,3,CHAUDHURI NARGIS BANU
WEST BENGAL,38,KUMARGANJ,MALE,58.0,GENERAL,SUCI,Battery Torch,1211,4,1215,0.71,203986.0,4,RANAJIT DEB
WEST BENGAL,38,KUMARGANJ,,,,NOTA,NOTA,1115,10,1125,0.66,203986.0,5,NOTA
WEST BENGAL,38,KUMARGANJ,MALE,25.0,GENERAL,KPPU,Boat with Man and Sail,946,5,951,0.56,203986.0,6,RUBEL SARKAR
TURN OUT,,,,,TOTAL:,,,169469,1459,170928,83.79,,,
WEST BENGAL,39,BALURGHAT,MALE,69.0,GENERAL,BJP,Lotus,70484,1645,72129,47.42,180390.0,1,ASHOK KUMAR LAHIRI
WEST BENGAL,39,BALURGHAT,MALE,69.0,GENERAL,AITC,Flowers and Grass,57885,808,58693,38.59,180390.0,2,SEKHAR DASGUPTA
WEST BENGAL,39,BALURGHAT,FEMALE,67.0,GENERAL,RSP,Spade & Stoker,15706,447,16153,10.62,180390.0,3,SUCHETA BISWAS
WEST BENGAL,39,BALURGHAT,,,,NOTA,NOTA,1810,20,1830,1.2,180390.0,4,NOTA
WEST BENGAL,39,BALURGHAT,MALE,41.0,ST,BSP,Elephant,1138,3,1141,0.75,180390.0,5,JOGESH CHANDRA MURMU
WEST BENGAL,39,BALURGHAT,MALE,49.0,GENERAL,AMB,Bat,808,2,810,0.53,180390.0,6,NAROTTAM SAHA
WEST BENGAL,39,BALURGHAT,MALE,46.0,GENERAL,SUCI,Battery torch,596,8,604,0.4,180390.0,7,BIRENDRA NATH MAHANTA
WEST BENGAL,39,BALURGHAT,MALE,49.0,SC,BMUP,Cot,377,2,379,0.25,180390.0,8,DULAL BARMAN
WEST BENGAL,39,BALURGHAT,MALE,25.0,SC,KPPU,Boat with Man and Sail,353,0,353,0.23,180390.0,9,ANUP BARMAN
TURN OUT,,,,,TOTAL:,,,149157,2935,152092,84.31,,,
WEST BENGAL,40,TAPAN,MALE,48.0,ST,BJP,Lotus,83172,1209,84381,45.29,220236.0,1,BUDHRAI TUDU
WEST BENGAL,40,TAPAN,FEMALE,33.0,ST,AITC,Flowers and Grass,81939,792,82731,44.41,220236.0,2,KALPANA KISKU
WEST BENGAL,40,TAPAN,MALE,60.0,ST,RSP,Spade & Stoker,11847,241,12088,6.49,220236.0,3,RAGHU UROW
WEST BENGAL,40,TAPAN,MALE,42.0,ST,BSP,Elephant,2142,4,2146,1.15,220236.0,4,BABLU KISKU
WEST BENGAL,40,TAPAN,,,,NOTA,NOTA,1675,28,1703,0.91,220236.0,5,NOTA
WEST BENGAL,40,TAPAN,MALE,46.0,ST,BMUP,Cot,1311,4,1315,0.71,220236.0,6,ALBINUS HASDA
WEST BENGAL,40,TAPAN,MALE,32.0,ST,KPPU,Boat with Man and Sail,1123,2,1125,0.6,220236.0,7,NIPESH TIRKI
WEST BENGAL,40,TAPAN,MALE,49.0,ST,SUCI,Battery torch,816,4,820,0.44,220236.0,8,KALICHARAN EKKA
TURN OUT,,,,,TOTAL:,,,184025,2284,186309,84.6,,,
WEST BENGAL,41,GANGARAMPUR,MALE,64.0,SC,BJP,Lotus,87561,1163,88724,46.82,224040.0,1,SATYENDRA NATH RAY
WEST BENGAL,41,GANGARAMPUR,MALE,47.0,SC,AITC,Flowers and Grass,83281,851,84132,44.4,224040.0,2,GOUTAM DAS
WEST BENGAL,41,GANGARAMPUR,MALE,60.0,SC,CPI(M),"Hammer, Sickle and Star",11935,338,12273,6.48,224040.0,3,NANDA LAL HAZRA
WEST BENGAL,41,GANGARAMPUR,MALE,52.0,SC,BSP,Elephant,1166,3,1169,0.62,224040.0,4,ARUN KANTI BALA
WEST BENGAL,41,GANGARAMPUR,,,,NOTA,NOTA,1135,14,1149,0.61,224040.0,5,NOTA
WEST BENGAL,41,GANGARAMPUR,MALE,53.0,SC,KPPU,Boat with Man and Sail,1139,6,1145,0.6,224040.0,6,AKSHAY SARKAR
WEST BENGAL,41,GANGARAMPUR,MALE,51.0,SC,CPIM,Saw,889,1,890,0.47,224040.0,7,SUBRATA ROY
TURN OUT,,,,,TOTAL:,,,187106,2376,189482,84.58,,,
WEST BENGAL,42,HARIRAMPUR,MALE,69.0,GENERAL,AITC,Flowers and Grass,95432,699,96131,51.23,228189.0,1,BIPLAB MITRA
WEST BENGAL,42,HARIRAMPUR,MALE,46.0,GENERAL,BJP,Lotus,72793,666,73459,39.15,228189.0,2,NILANJAN ROY
WEST BENGAL,42,HARIRAMPUR,MALE,65.0,GENERAL,CPI(M),"Hammer, Sickle and Star",12268,176,12444,6.63,228189.0,3,RAFIKUL ISLAM
WEST BENGAL,42,HARIRAMPUR,MALE,54.0,GENERAL,IND,DIAMOND,1829,2,1831,0.98,228189.0,4,BIJAN CHAKRABORTY
WEST BENGAL,42,HARIRAMPUR,,,,NOTA,NOTA,1818,5,1823,0.97,228189.0,5,NOTA
WEST BENGAL,42,HARIRAMPUR,MALE,45.0,GENERAL,IND,Football Player,769,3,772,0.41,228189.0,6,PRADIP KUMAR PRAMANIK
WEST BENGAL,42,HARIRAMPUR,MALE,40.0,ST,BMUP,Cot,569,2,571,0.3,228189.0,7,SHANKAR MARDI
WEST BENGAL,42,HARIRAMPUR,MALE,57.0,GENERAL,IND,CAN,333,0,333,0.18,228189.0,8,JALALUDDIN AHMED
WEST BENGAL,42,HARIRAMPUR,MALE,28.0,GENERAL,SUCI,Battery torch,277,1,278,0.15,228189.0,9,HARISH MAHATO
TURN OUT,,,,,TOTAL:,,,186088,1554,187642,82.23,,,
WEST BENGAL,43,HABIBPUR,MALE,37.0,ST,BJP,Lotus,92982,1093,94075,47.52,249557.0,1,JOYEL MURMU
WEST BENGAL,43,HABIBPUR,MALE,38.0,ST,AITC,Flowers and Grass,73956,602,74558,37.66,249557.0,2,PRODIP BASKEY
WEST BENGAL,43,HABIBPUR,MALE,61.0,ST,CPI(M),"Hammer, Sickle and Star",13649,156,13805,6.97,249557.0,3,THAKUR TUDU
WEST BENGAL,43,HABIBPUR,MALE,37.0,ST,BMUP,Cot,5878,18,5896,2.98,249557.0,4,BABURAM KISKU
WEST BENGAL,43,HABIBPUR,,,,NOTA,NOTA,2145,17,2162,1.09,249557.0,5,NOTA
WEST BENGAL,43,HABIBPUR,MALE,28.0,ST,APoI,Coat,1879,8,1887,0.95,249557.0,6,PRATAP KORAMUDI
WEST BENGAL,43,HABIBPUR,MALE,43.0,ST,IND,Football,1696,5,1701,0.86,249557.0,7,PROVAT KISKU
WEST BENGAL,43,HABIBPUR,MALE,37.0,ST,BSP,Elephant,1658,9,1667,0.84,249557.0,8,SHRINATH TUDU
WEST BENGAL,43,HABIBPUR,MALE,50.0,ST,IND,Cauliflower,829,1,830,0.42,249557.0,9,MURMU JOY
WEST BENGAL,43,HABIBPUR,MALE,29.0,ST,KPPU,Boat with Man and Sail,742,5,747,0.38,249557.0,10,BISWANATH MARDI
WEST BENGAL,43,HABIBPUR,MALE,40.0,ST,IND,Apple,655,6,661,0.33,249557.0,11,NIRMAL SOREN
TURN OUT,,,,,TOTAL:,,,196069,1920,197989,79.34,,,
WEST BENGAL,44,GAZOLE,MALE,37.0,SC,BJP,Lotus,99773,882,100655,45.5,267096.0,1,CHINMOY DEB BARMAN
WEST BENGAL,44,GAZOLE,FEMALE,56.0,SC,AITC,Flowers and Grass,98267,590,98857,44.69,267096.0,2,BASANTI BARMAN
WEST BENGAL,44,GAZOLE,MALE,51.0,SC,CPI(M),"Hammer, Sickle and Star",13796,154,13950,6.31,267096.0,3,ARUN KUMAR BISWAS
WEST BENGAL,44,GAZOLE,MALE,36.0,SC,BSP,Elephant,1935,8,1943,0.88,267096.0,4,SANATAN RISHI
WEST BENGAL,44,GAZOLE,,,,NOTA,NOTA,1728,8,1736,0.78,267096.0,5,NOTA
WEST BENGAL,44,GAZOLE,MALE,52.0,SC,SUCI,Battery torch,1380,1,1381,0.62,267096.0,6,SUPEN KUMAR ROY
WEST BENGAL,44,GAZOLE,MALE,48.0,SC,IND,Gas Cylinder,1127,0,1127,0.51,267096.0,7,SATISH RAJBANSHI
WEST BENGAL,44,GAZOLE,MALE,27.0,SC,BMUP,Cot,822,2,824,0.37,267096.0,8,BIPAD BHANJAN ROY
WEST BENGAL,44,GAZOLE,FEMALE,34.0,SC,KPPU,Boat with Man and Sail,741,0,741,0.33,267096.0,9,MINU SARKAR (BARMAN)
TURN OUT,,,,,TOTAL:,,,219569,1645,221214,82.82,,,
WEST BENGAL,45,CHANCHAL,MALE,66.0,GENERAL,AITC,Flowers and Grass,115467,499,115966,58.08,249402.0,1,NIHAR RANJAN GHOSH
WEST BENGAL,45,CHANCHAL,MALE,43.0,GENERAL,BJP,Lotus,48240,388,48628,24.35,249402.0,2,DIPANKAR RAM (BANKAT)
WEST BENGAL,45,CHANCHAL,MALE,39.0,GENERAL,INC,Hand,31107,239,31346,15.7,249402.0,3,ASIF MEHBUB
WEST BENGAL,45,CHANCHAL,MALE,47.0,SC,SUCI,Battery torch,1213,1,1214,0.61,249402.0,4,JHANTU KUMAR RABIDAS
WEST BENGAL,45,CHANCHAL,MALE,35.0,GENERAL,BSP,Elephant,1049,1,1050,0.53,249402.0,5,YOUNISH MIA
WEST BENGAL,45,CHANCHAL,,,,NOTA,NOTA,1018,5,1023,0.51,249402.0,6,NOTA
WEST BENGAL,45,CHANCHAL,MALE,34.0,GENERAL,IND,Football,452,0,452,0.23,249402.0,7,BHAKTA PRASAD SAHA
TURN OUT,,,,,TOTAL:,,,198546,1133,199679,80.06,,,
WEST BENGAL,46,HARISCHANDRAPUR,MALE,63.0,GENERAL,AITC,Flowers and Grass,121850,677,122527,60.31,252487.0,1,TAJMUL HOSSAIN
WEST BENGAL,46,HARISCHANDRAPUR,MALE,33.0,GENERAL,BJP,Lotus,44841,213,45054,22.18,252487.0,2,MD. MATIBUR RAHAMAN
WEST BENGAL,46,HARISCHANDRAPUR,MALE,64.0,GENERAL,INC,Hand,29179,217,29396,14.47,252487.0,3,ALAM MOSTAQUE
WEST BENGAL,46,HARISCHANDRAPUR,MALE,31.0,GENERAL,IND,Pot,1473,0,1473,0.73,252487.0,4,MD OLIUR RAHAMAN
WEST BENGAL,46,HARISCHANDRAPUR,MALE,38.0,SC,BSP,Elephant,1304,1,1305,0.64,252487.0,5,RAM BILAS MANDAL
WEST BENGAL,46,HARISCHANDRAPUR,MALE,49.0,GENERAL,AIFB,Lion,1272,13,1285,0.63,252487.0,6,ALAM MD RAFIQUL
WEST BENGAL,46,HARISCHANDRAPUR,,,,NOTA,NOTA,1008,4,1012,0.5,252487.0,7,NOTA
WEST BENGAL,46,HARISCHANDRAPUR,MALE,36.0,GENERAL,SUCI,Battery torch,629,0,629,0.31,252487.0,8,MUSARAF HOSSAIN
WEST BENGAL,46,HARISCHANDRAPUR,MALE,42.0,SC,IND,Cauliflower,472,0,472,0.23,252487.0,9,SUBRATA DAS
TURN OUT,,,,,TOTAL:,,,202028,1125,203153,80.46,,,
WEST BENGAL,47,MALATIPUR,MALE,57.0,GENERAL,AITC,Flowers and Grass,125654,503,126157,68.02,231907.0,1,ABDUR RAHIM BOXI
WEST BENGAL,47,MALATIPUR,FEMALE,33.0,SC,BJP,Lotus,33990,218,34208,18.44,231907.0,2,MOUSUMI DAS
WEST BENGAL,47,MALATIPUR,MALE,39.0,GENERAL,INC,Hand,19697,130,19827,10.69,231907.0,3,ALBERUNI ZULKARNAIN
WEST BENGAL,47,MALATIPUR,,,,NOTA,NOTA,2032,2,2034,1.1,231907.0,4,NOTA
WEST BENGAL,47,MALATIPUR,MALE,32.0,GENERAL,AIMIM,Kite,1642,1,1643,0.89,231907.0,5,MOTIUR RAHAMAN
WEST BENGAL,47,MALATIPUR,MALE,46.0,GENERAL,BSP,Elephant,1021,2,1023,0.55,231907.0,6,MD. KAMRUL HODA
WEST BENGAL,47,MALATIPUR,MALE,54.0,GENERAL,BMUP,Cot,591,1,592,0.32,231907.0,7,GOLAM FARUQUE
TURN OUT,,,,,TOTAL:,,,184627,857,185484,79.98,,,
WEST BENGAL,48,RATUA,MALE,79.0,GENERAL,AITC,Flowers and Grass,129805,869,130674,59.63,282451.0,1,SAMAR MUKHERJEE
WEST BENGAL,48,RATUA,MALE,42.0,GENERAL,BJP,Lotus,54326,698,55024,25.11,282451.0,2,ABISHEK SINGHANIA
WEST BENGAL,48,RATUA,FEMALE,34.0,GENERAL,INC,Hand,15997,176,16173,7.38,282451.0,3,KHATUN NAJEMA
WEST BENGAL,48,RATUA,FEMALE,27.0,GENERAL,IND,Football,8596,32,8628,3.94,282451.0,4,PAYEL KHATUN
WEST BENGAL,48,RATUA,MALE,35.0,GENERAL,WPOI,Gas Cylinder,2097,5,2102,0.96,282451.0,5,ARAFAT ALI
WEST BENGAL,48,RATUA,,,,NOTA,NOTA,2047,4,2051,0.94,282451.0,6,NOTA
WEST BENGAL,48,RATUA,MALE,44.0,SC,BSP,Elephant,1680,2,1682,0.77,282451.0,7,CHAITANYA RABIDAS
WEST BENGAL,48,RATUA,MALE,40.0,SC,IND,Apple,1383,4,1387,0.63,282451.0,8,ASHOK CHOWDHURY
WEST BENGAL,48,RATUA,FEMALE,45.0,GENERAL,IND,Batsman,856,0,856,0.39,282451.0,9,SABINA EASMIN
WEST BENGAL,48,RATUA,MALE,48.0,GENERAL,IND,Bat,570,1,571,0.26,282451.0,10,SK ISRAIL
TURN OUT,,,,,TOTAL:,,,217357,1791,219148,77.59,,,
WEST BENGAL,49,MANIKCHAK,FEMALE,60.0,GENERAL,AITC,Flowers and Grass,109085,1149,110234,53.26,253353.0,1,SABITRI MITRA
WEST BENGAL,49,MANIKCHAK,MALE,42.0,SC,BJP,Lotus,75415,941,76356,36.89,253353.0,2,GOUR CHANDRA MANDAL
WEST BENGAL,49,MANIKCHAK,MALE,42.0,GENERAL,INC,Hand,11403,152,11555,5.58,253353.0,3,ALAM MOTTAKIN
WEST BENGAL,49,MANIKCHAK,MALE,54.0,GENERAL,IND,Tractor Chalata Kisan,2735,8,2743,1.33,253353.0,4,ANIL CH. MANDAL
WEST BENGAL,49,MANIKCHAK,FEMALE,55.0,SC,BSP,Elephant,1737,3,1740,0.84,253353.0,5,CHANCHALA KARMAKAR
WEST BENGAL,49,MANIKCHAK,MALE,36.0,SC,BMUP,Cot,1517,2,1519,0.73,253353.0,6,AMAL KUMAR RABIDAS
WEST BENGAL,49,MANIKCHAK,,,,NOTA,NOTA,1360,7,1367,0.66,253353.0,7,NOTA
WEST BENGAL,49,MANIKCHAK,FEMALE,46.0,GENERAL,IND,BUCKET,824,2,826,0.4,253353.0,8,SUMITRA DAS
WEST BENGAL,49,MANIKCHAK,MALE,29.0,GENERAL,IND,Battery torch,649,2,651,0.31,253353.0,9,DALIM MANDAL
TURN OUT,,,,,TOTAL:,,,204725,2266,206991,81.7,,,
WEST BENGAL,50,MALDAHA,MALE,44.0,SC,BJP,Lotus,92364,1034,93398,45.23,245962.0,1,GOPAL CHANDRA SAHA
WEST BENGAL,50,MALDAHA,MALE,60.0,SC,AITC,Flowers and Grass,77152,790,77942,37.75,245962.0,2,UJJWAL KUMAR CHOWDHURY
WEST BENGAL,50,MALDAHA,MALE,54.0,SC,INC,Hand,26192,371,26563,12.86,245962.0,3,BHUPENDRA NATH HALDER (ARJUN)
WEST BENGAL,50,MALDAHA,,,,NOTA,NOTA,2804,14,2818,1.36,245962.0,4,NOTA
WEST BENGAL,50,MALDAHA,MALE,52.0,SC,IND,Ganna Kisan,2124,4,2128,1.03,245962.0,5,SUJIT KUMAR MOULIK
WEST BENGAL,50,MALDAHA,MALE,60.0,SC,BMUP,Cot,1464,5,1469,0.71,245962.0,6,SANTOSH KUMAR SARKAR
WEST BENGAL,50,MALDAHA,MALE,44.0,SC,BSP,Elephant,1238,2,1240,0.6,245962.0,7,MUKUL SARKAR
WEST BENGAL,50,MALDAHA,FEMALE,40.0,SC,IND,Gas Cylinder,930,1,931,0.45,245962.0,8,MIRANA SARKAR
TURN OUT,,,,,TOTAL:,,,204268,2221,206489,83.95,,,
WEST BENGAL,51,ENGLISH BAZAR,FEMALE,56.0,GENERAL,BJP,Lotus,105422,2333,107755,49.96,275296.0,1,SREERUPA MITRA CHAUDHURY(NIRBHOY DIDI)
WEST BENGAL,51,ENGLISH BAZAR,MALE,63.0,GENERAL,AITC,Flowers and Grass,86163,1493,87656,40.64,275296.0,2,KRISHNENDU NARAYAN CHOUDHURY
WEST BENGAL,51,ENGLISH BAZAR,MALE,42.0,GENERAL,CPI(M),"Hammer, Sickle and Star",10377,576,10953,5.08,275296.0,3,KOUSHIK MISRA(SAHEB)
WEST BENGAL,51,ENGLISH BAZAR,,,,NOTA,NOTA,3168,28,3196,1.48,275296.0,4,NOTA
WEST BENGAL,51,ENGLISH BAZAR,MALE,55.0,GENERAL,IND,Tractor Chalata Kisan,1786,1,1787,0.83,275296.0,5,MD. ANISUR RAHAMAN
WEST BENGAL,51,ENGLISH BAZAR,MALE,43.0,GENERAL,IND,DIAMOND,1125,4,1129,0.52,275296.0,6,NARESH PAL
WEST BENGAL,51,ENGLISH BAZAR,MALE,48.0,SC,IND,Gas Cylinder,1056,1,1057,0.49,275296.0,7,SATISH RAJBANSHI
WEST BENGAL,51,ENGLISH BAZAR,MALE,61.0,SC,BSP,Elephant,1024,15,1039,0.48,275296.0,8,SURESH CHANDRA SARKAR
WEST BENGAL,51,ENGLISH BAZAR,MALE,40.0,GENERAL,IND,Nagrik,358,2,360,0.17,275296.0,9,ADITYA PRAKASH DASGUPTA
WEST BENGAL,51,ENGLISH BAZAR,FEMALE,40.0,GENERAL,JD(U),Arrow,273,2,275,0.13,275296.0,10,UMA DAS (PAUL)
WEST BENGAL,51,ENGLISH BAZAR,MALE,45.0,SC,SUCI,Battery torch,266,1,267,0.12,275296.0,11,GAUTAM SARKAR
WEST BENGAL,51,ENGLISH BAZAR,MALE,54.0,GENERAL,BMUP,Cot,197,4,201,0.09,275296.0,12,FIROZ AKHTAR
TURN OUT,,,,,TOTAL:,,,211215,4460,215675,78.34,,,
WEST BENGAL,52,MOTHABARI,FEMALE,43.0,GENERAL,AITC,Flowers and Grass,96392,1005,97397,59.7,196324.0,1,YEASMIN SABINA
WEST BENGAL,52,MOTHABARI,MALE,63.0,GENERAL,BJP,Lotus,40436,388,40824,25.02,196324.0,2,SHYAMCHAND GHOSH
WEST BENGAL,52,MOTHABARI,MALE,57.0,GENERAL,INC,Hand,16655,248,16903,10.36,196324.0,3,DULAL SK
WEST BENGAL,52,MOTHABARI,MALE,42.0,GENERAL,RSSCMJP,Envelope,3581,4,3585,2.2,196324.0,4,MD. ALI KALIMULLAH (NUR HOQUE)
WEST BENGAL,52,MOTHABARI,,,,NOTA,NOTA,2139,0,2139,1.31,196324.0,5,NOTA
WEST BENGAL,52,MOTHABARI,MALE,51.0,GENERAL,IND,Helicopter,565,1,566,0.35,196324.0,6,SUBODH SARKAR
WEST BENGAL,52,MOTHABARI,FEMALE,27.0,GENERAL,KPPU,Boat with Man and Sail,556,0,556,0.34,196324.0,7,MST AKTARI KHATUN
WEST BENGAL,52,MOTHABARI,MALE,35.0,GENERAL,IND,COCONUT FARM,495,0,495,0.3,196324.0,8,SAIDUR RAHAMAN
WEST BENGAL,52,MOTHABARI,MALE,60.0,GENERAL,CPI(ML)(L),Flag with Three Stars,299,1,300,0.18,196324.0,9,MD EBRAHIM
WEST BENGAL,52,MOTHABARI,MALE,45.0,GENERAL,IUML,Ladder,194,1,195,0.12,196324.0,10,MD FARUQUE HOSSAIN(SAHITYARATNA)
WEST BENGAL,52,MOTHABARI,MALE,41.0,SC,IND,Battery torch,182,1,183,0.11,196324.0,11,RAMCHANDRA CHOWDHURI
TURN OUT,,,,,TOTAL:,,,161494,1649,163143,83.1,,,
WEST BENGAL,53,SUJAPUR,MALE,71.0,GENERAL,AITC,Flowers and Grass,151658,787,152445,73.44,251186.0,1,MD ABDUL GHANI
WEST BENGAL,53,SUJAPUR,MALE,49.0,GENERAL,INC,Hand,22042,240,22282,10.73,251186.0,2,ISHA KHAN CHOUDHURY
WEST BENGAL,53,SUJAPUR,MALE,43.0,GENERAL,BJP,Lotus,14655,134,14789,7.12,251186.0,3,SK ZIAUDDIN
WEST BENGAL,53,SUJAPUR,MALE,38.0,GENERAL,RSSCMJP,Envelope,11162,11,11173,5.38,251186.0,4,MD. NUR ISLAM SEKH
WEST BENGAL,53,SUJAPUR,MALE,27.0,GENERAL,IND,Battery torch,2321,0,2321,1.12,251186.0,5,MD. RAHIM BISWAS
WEST BENGAL,53,SUJAPUR,,,,NOTA,NOTA,1522,5,1527,0.74,251186.0,6,NOTA
WEST BENGAL,53,SUJAPUR,MALE,27.0,GENERAL,BSP,Elephant,1458,3,1461,0.7,251186.0,7,RAFIQUL ISLAM
WEST BENGAL,53,SUJAPUR,MALE,41.0,GENERAL,PDS,Football,546,0,546,0.26,251186.0,8,NASMUL HOQUE
WEST BENGAL,53,SUJAPUR,MALE,56.0,GENERAL,IND,Scissors,452,2,454,0.22,251186.0,9,MANJUR ALAHI MUNSHI
WEST BENGAL,53,SUJAPUR,MALE,59.0,GENERAL,IND,Chimney,352,0,352,0.17,251186.0,10,MD. SAIDUL HOQUE
WEST BENGAL,53,SUJAPUR,MALE,52.0,GENERAL,JeSM,Walking Stick,241,0,241,0.12,251186.0,11,MD MONIRUL HASAN
TURN OUT,,,,,TOTAL:,,,206409,1182,207591,82.64,,,
WEST BENGAL,54,BAISNABNAGAR,FEMALE,40.0,GENERAL,AITC,Flowers and Grass,82593,468,83061,39.81,246956.0,1,CHANDANA SARKAR
WEST BENGAL,54,BAISNABNAGAR,MALE,62.0,SC,BJP,Lotus,80094,496,80590,38.62,246956.0,2,SWADHIN KUMAR SARKAR
WEST BENGAL,54,BAISNABNAGAR,MALE,61.0,GENERAL,INC,Hand,37201,242,37443,17.95,246956.0,3,AZIZUL HOQUE
WEST BENGAL,54,BAISNABNAGAR,MALE,51.0,SC,BSP,Elephant,2280,2,2282,1.09,246956.0,4,NIKHIL CHANDRA MANDAL
WEST BENGAL,54,BAISNABNAGAR,,,,NOTA,NOTA,1704,1,1705,0.82,246956.0,5,NOTA
WEST BENGAL,54,BAISNABNAGAR,MALE,66.0,SC,IND,Apple,1344,2,1346,0.65,246956.0,6,HARENDRANATH SARKAR
WEST BENGAL,54,BAISNABNAGAR,MALE,39.0,GENERAL,IND,Battery torch,1247,0,1247,0.6,246956.0,7,KURBAN ANSARI
WEST BENGAL,54,BAISNABNAGAR,MALE,42.0,GENERAL,IND,Nagrik,978,0,978,0.47,246956.0,8,SAMIR GHOSH
TURN OUT,,,,,TOTAL:,,,207441,1211,208652,84.49,,,
WEST BENGAL,55,FARAKKA,MALE,45.0,GENERAL,AITC,Flowers and Grass,102039,280,102319,54.89,227549.0,1,MANIRUL ISLAM
WEST BENGAL,55,FARAKKA,MALE,55.0,GENERAL,BJP,Lotus,42173,201,42374,22.73,227549.0,2,GHOSH HEMANTA
WEST BENGAL,55,FARAKKA,MALE,59.0,GENERAL,INC,Hand,35932,273,36205,19.42,227549.0,3,MAINUL HAQUE
WEST BENGAL,55,FARAKKA,MALE,56.0,GENERAL,IND,Letter Box,1646,1,1647,0.88,227549.0,4,ANUP KUMAR SINHA
WEST BENGAL,55,FARAKKA,,,,NOTA,NOTA,1638,0,1638,0.88,227549.0,5,NOTA
WEST BENGAL,55,FARAKKA,MALE,30.0,GENERAL,RSSCMJP,Envelope,1559,0,1559,0.84,227549.0,6,MD MERAJ SORIF
WEST BENGAL,55,FARAKKA,MALE,52.0,GENERAL,IND,Pineapple,681,1,682,0.37,227549.0,7,KANAI GHOSH
TURN OUT,,,,,TOTAL:,,,185668,756,186424,81.93,,,
WEST BENGAL,56,SAMSERGANJ,MALE,49.0,GENERAL,AITC,Flowers and Grass,96120,297,96417,51.13,235576.0,1,AMIRUL ISLAM
WEST BENGAL,56,SAMSERGANJ,MALE,60.0,GENERAL,INC,Hand,70009,29,70038,37.14,235576.0,2,ZAIDUR RAHAMAN
WEST BENGAL,56,SAMSERGANJ,MALE,50.0,GENERAL,BJP,Lotus,10777,23,10800,5.73,235576.0,3,MILAN GHOSH
WEST BENGAL,56,SAMSERGANJ,MALE,38.0,GENERAL,CPI(M),"Hammer, Sickle and Star",6145,13,6158,3.27,235576.0,4,MD. MODASSAR HOSSAIN
WEST BENGAL,56,SAMSERGANJ,,,,NOTA,NOTA,3062,2,3064,1.62,235576.0,5,NOTA
WEST BENGAL,56,SAMSERGANJ,MALE,34.0,GENERAL,IND,Bat,845,1,846,0.45,235576.0,6,SAUMITRA SINGH
WEST BENGAL,56,SAMSERGANJ,MALE,27.0,GENERAL,SDPI,Gas Cylinder,785,2,787,0.42,235576.0,7,MD. ALAUDDIN SK
WEST BENGAL,56,SAMSERGANJ,MALE,67.0,GENERAL,SUCI,Battery torch,472,0,472,0.25,235576.0,8,TIPU SULTAN
TURN OUT,,,,,TOTAL:,,,188215,367,188582,80.05,,,
WEST BENGAL,57,SUTI,MALE,46.0,GENERAL,AITC,Flowers and Grass,126755,596,127351,58.87,265418.0,1,EMANI BISWAS
WEST BENGAL,57,SUTI,MALE,28.0,GENERAL,BJP,Lotus,56389,261,56650,26.19,265418.0,2,KOUSHIK DAS
WEST BENGAL,57,SUTI,MALE,73.0,GENERAL,INC,Hand,18668,92,18760,8.67,265418.0,3,HUMAYUN REZA
WEST BENGAL,57,SUTI,MALE,39.0,GENERAL,IND,Football,7995,11,8006,3.7,265418.0,4,MAIDUL ISLAM
WEST BENGAL,57,SUTI,,,,NOTA,NOTA,2723,1,2724,1.26,265418.0,5,NOTA
WEST BENGAL,57,SUTI,MALE,56.0,GENERAL,IND,BENCH,988,0,988,0.46,265418.0,6,MD. HASAN JAHANGIR
WEST BENGAL,57,SUTI,MALE,46.0,SC,SUCI,Battery torch,842,9,851,0.39,265418.0,7,ANUP SINGHA
WEST BENGAL,57,SUTI,MALE,37.0,GENERAL,WPOI,Gas Cylinder,515,1,516,0.24,265418.0,8,MAHFUJUR RAHAMAN
WEST BENGAL,57,SUTI,MALE,52.0,GENERAL,IND,Pineapple,482,0,482,0.22,265418.0,9,ENAMUL HAQUE
TURN OUT,,,,,TOTAL:,,,215357,971,216328,81.5,,,
WEST BENGAL,58,JANGIPUR,MALE,48.0,GENERAL,AITC,Flowers and Grass,136082,362,136444,68.82,255064.0,1,JAKIR HOSSAIN
WEST BENGAL,58,JANGIPUR,MALE,55.0,GENERAL,BJP,Lotus,43850,114,43964,22.17,255064.0,2,SUJIT DAS
WEST BENGAL,58,JANGIPUR,MALE,68.0,GENERAL,RSP,Spade & Stoker,9020,47,9067,4.57,255064.0,3,JANE ALAM MIAN
WEST BENGAL,58,JANGIPUR,,,,NOTA,NOTA,4551,6,4557,2.3,255064.0,4,NOTA
WEST BENGAL,58,JANGIPUR,MALE,54.0,GENERAL,IND,Football,1250,1,1251,0.63,255064.0,5,SWARAJIT SARKAR
WEST BENGAL,58,JANGIPUR,MALE,64.0,GENERAL,SUCI,Bat,940,1,941,0.47,255064.0,6,MIRZA NASHIRUDDIN
WEST BENGAL,58,JANGIPUR,MALE,51.0,GENERAL,IND,Table,753,0,753,0.38,255064.0,7,GOUTAM KUMAR DAS
WEST BENGAL,58,JANGIPUR,MALE,28.0,GENERAL,JSTDVPMTP,Battery torch,691,2,693,0.35,255064.0,8,ABU SALEM
WEST BENGAL,58,JANGIPUR,MALE,52.0,GENERAL,IND,Almirah,332,0,332,0.17,255064.0,9,KHOKAN SARKAR
WEST BENGAL,58,JANGIPUR,MALE,38.0,GENERAL,BAHUMP,FLUTE,261,0,261,0.13,255064.0,10,MD MAINUL HOQUE
TURN OUT,,,,,TOTAL:,,,197730,533,198263,77.73,,,
WEST BENGAL,59,RAGHUNATHGANJ,MALE,56.0,GENERAL,AITC,Flowers and Grass,126467,367,126834,66.59,249559.0,1,AKHRUZZAMAN
WEST BENGAL,59,RAGHUNATHGANJ,MALE,43.0,GENERAL,BJP,Lotus,28415,106,28521,14.97,249559.0,2,GOLAM MODASWER
WEST BENGAL,59,RAGHUNATHGANJ,MALE,43.0,GENERAL,IND,Scissors,16222,22,16244,8.53,249559.0,3,NASIR SAIKH
WEST BENGAL,59,RAGHUNATHGANJ,MALE,54.0,GENERAL,INC,Hand,12737,62,12799,6.72,249559.0,4,ABUL KASHEM BISWAS
WEST BENGAL,59,RAGHUNATHGANJ,,,,NOTA,NOTA,2935,3,2938,1.54,249559.0,5,NOTA
WEST BENGAL,59,RAGHUNATHGANJ,MALE,39.0,GENERAL,SDPI,Gas Cylinder,1354,7,1361,0.71,249559.0,6,MD. JAKIR HOSSAIN
WEST BENGAL,59,RAGHUNATHGANJ,MALE,46.0,GENERAL,SUCI,Battery torch,911,2,913,0.48,249559.0,7,RABIUL ALAM
WEST BENGAL,59,RAGHUNATHGANJ,MALE,62.0,GENERAL,WPOI,Boat with Man and Sail,865,3,868,0.46,249559.0,8,M A HANNAN
TURN OUT,,,,,TOTAL:,,,189906,572,190478,76.33,,,
WEST BENGAL,60,SAGARDIGHI,MALE,71.0,GENERAL,AITC,Flowers and Grass,94880,309,95189,50.95,236885.0,1,SUBRATA SAHA
WEST BENGAL,60,SAGARDIGHI,FEMALE,50.0,GENERAL,BJP,Lotus,44692,291,44983,24.08,236885.0,2,KHATUN MAFUJA
WEST BENGAL,60,SAGARDIGHI,MALE,45.0,GENERAL,INC,Hand,36055,289,36344,19.45,236885.0,3,SK M HASANUZZAMAN (BAPPA)
WEST BENGAL,60,SAGARDIGHI,MALE,38.0,GENERAL,AIMIM,Kite,3449,1,3450,1.85,236885.0,4,NURE MAHABOOB ALAM
WEST BENGAL,60,SAGARDIGHI,,,,NOTA,NOTA,1705,0,1705,0.91,236885.0,5,NOTA
WEST BENGAL,60,SAGARDIGHI,MALE,41.0,ST,BMUP,Cot,1654,2,1656,0.89,236885.0,6,SUPAL MURMU
WEST BENGAL,60,SAGARDIGHI,MALE,55.0,GENERAL,SDPI,Gas Cylinder,1278,2,1280,0.69,236885.0,7,ABDUT TAWAB
WEST BENGAL,60,SAGARDIGHI,MALE,46.0,GENERAL,BSP,Elephant,978,3,981,0.53,236885.0,8,DHANANJAY BANERJEE
WEST BENGAL,60,SAGARDIGHI,MALE,44.0,GENERAL,SUCI,Battery torch,694,4,698,0.37,236885.0,9,MIRZA LUTFUL HOQUE
WEST BENGAL,60,SAGARDIGHI,FEMALE,45.0,GENERAL,IND,Bat,527,3,530,0.28,236885.0,10,SANTA BHATTACHERJEE
TURN OUT,,,,,TOTAL:,,,185912,904,186816,78.86,,,
WEST BENGAL,61,LALGOLA,MALE,57.0,GENERAL,AITC,Flowers and Grass,107703,157,107860,56.64,234381.0,1,ALI MOHAMMAD
WEST BENGAL,61,LALGOLA,MALE,71.0,GENERAL,INC,Hand,46891,262,47153,24.76,234381.0,2,ABU HENA
WEST BENGAL,61,LALGOLA,FEMALE,63.0,GENERAL,BJP,Lotus,29340,124,29464,15.47,234381.0,3,KALPANA GHOSH
WEST BENGAL,61,LALGOLA,MALE,36.0,SC,IND,Water Melon,1691,0,1691,0.89,234381.0,4,ABHIJIT HALDAR
WEST BENGAL,61,LALGOLA,,,,NOTA,NOTA,1391,3,1394,0.73,234381.0,5,NOTA
WEST BENGAL,61,LALGOLA,FEMALE,50.0,GENERAL,SDPI,Gas Cylinder,953,1,954,0.5,234381.0,6,NAJIMA KAYAL
WEST BENGAL,61,LALGOLA,MALE,66.0,SC,BSP,Elephant,850,2,852,0.45,234381.0,7,BHARAT CHANDRA BISWAS
WEST BENGAL,61,LALGOLA,MALE,54.0,GENERAL,SUCI,Battery torch,652,1,653,0.34,234381.0,8,MUNTASIR ZAMIL
WEST BENGAL,61,LALGOLA,FEMALE,38.0,GENERAL,LJP,Bungalow,417,0,417,0.22,234381.0,9,KAKALI DEBNATH
TURN OUT,,,,,TOTAL:,,,189888,550,190438,81.25,,,
WEST BENGAL,62,BHAGAWANGOLA,MALE,70.0,GENERAL,AITC,Flowers and Grass,153430,365,153795,68.05,263765.0,1,IDRIS ALI
WEST BENGAL,62,BHAGAWANGOLA,MALE,45.0,GENERAL,CPI(M),"Hammer, Sickle and Star",47512,275,47787,21.15,263765.0,2,MD. KAMAL HOSSAIN
WEST BENGAL,62,BHAGAWANGOLA,MALE,41.0,GENERAL,BJP,Lotus,16652,55,16707,7.39,263765.0,3,MEHEBUB ALAM
WEST BENGAL,62,BHAGAWANGOLA,,,,NOTA,NOTA,3392,4,3396,1.5,263765.0,4,NOTA
WEST BENGAL,62,BHAGAWANGOLA,MALE,27.0,GENERAL,IND,Gas Cylinder,827,0,827,0.37,263765.0,5,MD. MOSARAF HOSSAIN
WEST BENGAL,62,BHAGAWANGOLA,MALE,48.0,GENERAL,BSP,Elephant,783,1,784,0.35,263765.0,6,SEIKH RABIUL ALAM
WEST BENGAL,62,BHAGAWANGOLA,MALE,47.0,GENERAL,IND,Computer Mouse,652,0,652,0.29,263765.0,7,SYED IMRAN ALI MEERZA
WEST BENGAL,62,BHAGAWANGOLA,MALE,59.0,GENERAL,IUML,Ladder,614,3,617,0.27,263765.0,8,REJAUL KARIM SK
WEST BENGAL,62,BHAGAWANGOLA,MALE,40.0,GENERAL,SUCI,Battery torch,447,2,449,0.2,263765.0,9,ABDUL MABUD NAYAN
WEST BENGAL,62,BHAGAWANGOLA,FEMALE,34.0,GENERAL,BAHUMP,Whistle,421,0,421,0.19,263765.0,10,MST. SIKHA KHATUN
WEST BENGAL,62,BHAGAWANGOLA,MALE,55.0,GENERAL,IND,BISCUIT,289,1,290,0.13,263765.0,11,MD. NURUL ISLAM
WEST BENGAL,62,BHAGAWANGOLA,MALE,32.0,GENERAL,UTSAP,Boat with Man and Sail,265,0,265,0.12,263765.0,12,ALI HOSSAIN
TURN OUT,,,,,TOTAL:,,,225284,706,225990,85.68,,,
WEST BENGAL,63,RANINAGAR,MALE,38.0,GENERAL,AITC,Flowers and Grass,134346,611,134957,60.79,256101.0,1,ABDUL SOUMIK HOSSAIN
WEST BENGAL,63,RANINAGAR,FEMALE,52.0,GENERAL,INC,Hand,54918,337,55255,24.89,256101.0,2,FIROZA BEGAM
WEST BENGAL,63,RANINAGAR,FEMALE,51.0,GENERAL,BJP,Lotus,21010,128,21138,9.52,256101.0,3,MST MASUARA KHATUN
WEST BENGAL,63,RANINAGAR,,,,NOTA,NOTA,2769,5,2774,1.25,256101.0,4,NOTA
WEST BENGAL,63,RANINAGAR,MALE,35.0,GENERAL,RSSCMJP,Envelope,2752,2,2754,1.24,256101.0,5,GOLAM MASUM REJA
WEST BENGAL,63,RANINAGAR,MALE,43.0,GENERAL,SDPI,Gas Cylinder,1385,8,1393,0.63,256101.0,6,MD SAHER ALAM
WEST BENGAL,63,RANINAGAR,FEMALE,43.0,GENERAL,IND,Scissors,882,2,884,0.4,256101.0,7,FIROZA BIBI
WEST BENGAL,63,RANINAGAR,MALE,38.0,GENERAL,IND,Bat,827,1,828,0.37,256101.0,8,HASIBUL ISLAM
WEST BENGAL,63,RANINAGAR,FEMALE,38.0,GENERAL,BSP,Elephant,584,3,587,0.26,256101.0,9,RULIYA PARVIN
WEST BENGAL,63,RANINAGAR,FEMALE,35.0,GENERAL,SUCI,Battery torch,497,4,501,0.23,256101.0,10,NASRIN NAHER LUCY
WEST BENGAL,63,RANINAGAR,MALE,38.0,GENERAL,IND,BUCKET,496,0,496,0.22,256101.0,11,SAFIUR RAHAMAN MANDAL
WEST BENGAL,63,RANINAGAR,MALE,30.0,GENERAL,BAHUMP,School Bag,246,1,247,0.11,256101.0,12,ABDUL HAI
WEST BENGAL,63,RANINAGAR,FEMALE,45.0,GENERAL,UTSAP,Boat with Man and Sail,198,4,202,0.09,256101.0,13,SAIRA BIBI
TURN OUT,,,,,TOTAL:,,,220910,1106,222016,86.69,,,
WEST BENGAL,64,MURSHIDABAD,MALE,48.0,GENERAL,BJP,Lotus,95330,637,95967,41.86,268221.0,1,GOURI SANKAR GHOSH
WEST BENGAL,64,MURSHIDABAD,FEMALE,48.0,GENERAL,AITC,Flowers and Grass,93047,429,93476,40.78,268221.0,2,SHAONI SINGHA ROY
WEST BENGAL,64,MURSHIDABAD,MALE,43.0,GENERAL,INC,Hand,28698,137,28835,12.58,268221.0,3,NEAJUDDIN SK
WEST BENGAL,64,MURSHIDABAD,,,,NOTA,NOTA,2897,7,2904,1.27,268221.0,4,NOTA
WEST BENGAL,64,MURSHIDABAD,MALE,34.0,GENERAL,IND,Football,2278,0,2278,0.99,268221.0,5,BELLAL SK
WEST BENGAL,64,MURSHIDABAD,MALE,45.0,GENERAL,RSSCMJP,Envelope,1441,1,1442,0.63,268221.0,6,HABIB SAIKH
WEST BENGAL,64,MURSHIDABAD,MALE,32.0,SC,BSP,Elephant,1099,0,1099,0.48,268221.0,7,MADAN MOHAN MANDAL
WEST BENGAL,64,MURSHIDABAD,FEMALE,39.0,GENERAL,SUCI,Battery torch,1004,0,1004,0.44,268221.0,8,MILIA SAJEM
WEST BENGAL,64,MURSHIDABAD,FEMALE,37.0,GENERAL,IND,Cauliflower,753,0,753,0.33,268221.0,9,GOURI DAS SARKAR
WEST BENGAL,64,MURSHIDABAD,MALE,48.0,GENERAL,IND,Bat,700,0,700,0.31,268221.0,10,SUBIR GHOSH
WEST BENGAL,64,MURSHIDABAD,MALE,51.0,ST,IND,Boat with Man and Sail,535,0,535,0.23,268221.0,11,MAHIRAM MURMU
WEST BENGAL,64,MURSHIDABAD,MALE,33.0,GENERAL,DSPI,Laptop,238,0,238,0.1,268221.0,12,SUJAT SK
TURN OUT,,,,,TOTAL:,,,228020,1211,229231,85.46,,,
WEST BENGAL,65,NABAGRAM,MALE,67.0,SC,AITC,Flowers and Grass,99722,733,100455,48.18,251378.0,1,KANAI CHANDRA MONDAL
WEST BENGAL,65,NABAGRAM,MALE,39.0,SC,BJP,Lotus,64485,437,64922,31.14,251378.0,2,MOHAN HALDER
WEST BENGAL,65,NABAGRAM,FEMALE,47.0,SC,CPI(M),"Hammer, Sickle and Star",38926,203,39129,18.77,251378.0,3,KRIPALINI GHOSH
WEST BENGAL,65,NABAGRAM,,,,NOTA,NOTA,2625,4,2629,1.26,251378.0,4,NOTA
WEST BENGAL,65,NABAGRAM,MALE,53.0,SC,SUCI,Battery torch,1378,3,1381,0.66,251378.0,5,BARUN MANDAL
TURN OUT,,,,,TOTAL:,,,207136,1380,208516,82.95,,,
WEST BENGAL,66,KHARGRAM,MALE,48.0,SC,AITC,Flowers and Grass,92737,518,93255,50.15,228923.0,1,ASHIS MARJIT
WEST BENGAL,66,KHARGRAM,MALE,38.0,SC,BJP,Lotus,60281,401,60682,32.64,228923.0,2,ADITYA MOULIK
WEST BENGAL,66,KHARGRAM,MALE,48.0,SC,INC,Hand,27336,87,27423,14.75,228923.0,3,BIPAD TARAN BAGDI
WEST BENGAL,66,KHARGRAM,,,,NOTA,NOTA,1683,2,1685,0.91,228923.0,4,NOTA
WEST BENGAL,66,KHARGRAM,FEMALE,51.0,SC,CPI(ML)(L),Flag with Three Stars,1509,2,1511,0.81,228923.0,5,TULU BALA DAS
WEST BENGAL,66,KHARGRAM,MALE,39.0,SC,JD(U),Arrow,1378,2,1380,0.74,228923.0,6,MANIK KUMAR DAS
TURN OUT,,,,,TOTAL:,,,184924,1012,185936,81.22,,,
WEST BENGAL,67,BURWAN,MALE,44.0,SC,AITC,Flowers and Grass,81320,570,81890,46.32,217500.0,1,JIBAN KRISHNA SAHA
WEST BENGAL,67,BURWAN,MALE,37.0,SC,BJP,Lotus,78680,461,79141,44.76,217500.0,2,AMIYA KUMAR DAS
WEST BENGAL,67,BURWAN,MALE,43.0,SC,INC,Hand,12166,94,12260,6.93,217500.0,3,SHILADITYA HALDAR
WEST BENGAL,67,BURWAN,,,,NOTA,NOTA,2002,6,2008,1.14,217500.0,4,NOTA
WEST BENGAL,67,BURWAN,MALE,40.0,SC,IND,Cauliflower,1501,3,1504,0.85,217500.0,5,NARESH KUMAR DAS
TURN OUT,,,,,TOTAL:,,,175669,1134,176803,81.29,,,
WEST BENGAL,68,KANDI,MALE,57.0,GENERAL,AITC,Flowers and Grass,94594,805,95399,51.16,238973.0,1,APURBA SARKAR (DAVID)
WEST BENGAL,68,KANDI,MALE,59.0,GENERAL,BJP,Lotus,56625,694,57319,30.74,238973.0,2,GOUTAM ROY
WEST BENGAL,68,KANDI,MALE,63.0,GENERAL,INC,Hand,27296,259,27555,14.78,238973.0,3,SHAFIUL ALAM KHAN (BONU)
WEST BENGAL,68,KANDI,,,,NOTA,NOTA,3121,10,3131,1.68,238973.0,4,NOTA
WEST BENGAL,68,KANDI,MALE,44.0,GENERAL,IND,Football,1767,2,1769,0.95,238973.0,5,SYED AZIZUR HOSSAIN(NASHIM)
WEST BENGAL,68,KANDI,MALE,37.0,SC,IND,Bat,473,0,473,0.25,238973.0,6,SUFAL BAGDI
WEST BENGAL,68,KANDI,MALE,31.0,GENERAL,JSTDVPMTP,Gas Cylinder,357,3,360,0.19,238973.0,7,SHER ALAM
WEST BENGAL,68,KANDI,MALE,43.0,SC,SUCI,Battery torch,262,2,264,0.14,238973.0,8,SUKHEN HALDAR
WEST BENGAL,68,KANDI,MALE,40.0,SC,IND,Mike,210,1,211,0.11,238973.0,9,BODON DAS
TURN OUT,,,,,TOTAL:,,,184705,1776,186481,78.03,,,
WEST BENGAL,69,BHARATPUR,MALE,61.0,GENERAL,AITC,Flowers and Grass,95906,320,96226,50.9,243603.0,1,HUMAYUN KABIR
WEST BENGAL,69,BHARATPUR,MALE,38.0,GENERAL,BJP,Lotus,52809,334,53143,28.11,243603.0,2,IMAN KALYAN MUKHERJEE
WEST BENGAL,69,BHARATPUR,MALE,46.0,GENERAL,INC,Hand,30013,103,30116,15.93,243603.0,3,KAMALESH CHATTERJEE (GOPAL)
WEST BENGAL,69,BHARATPUR,MALE,64.0,GENERAL,AMB,Boat with Man and Sail,2581,0,2581,1.37,243603.0,4,BADAN GHOSH
WEST BENGAL,69,BHARATPUR,,,,NOTA,NOTA,2441,3,2444,1.29,243603.0,5,NOTA
WEST BENGAL,69,BHARATPUR,MALE,31.0,GENERAL,AIMIM,Kite,2067,9,2076,1.1,243603.0,6,SAJJAD HOSSAIN
WEST BENGAL,69,BHARATPUR,MALE,56.0,GENERAL,BSP,Elephant,1445,5,1450,0.77,243603.0,7,SHYAMAPADA GHOSH
WEST BENGAL,69,BHARATPUR,MALE,37.0,GENERAL,IND,Cauliflower,1010,1,1011,0.53,243603.0,8,BASUDEB SAHA
TURN OUT,,,,,TOTAL:,,,188272,775,189047,77.6,,,
WEST BENGAL,70,REJINAGAR,MALE,61.0,GENERAL,AITC,Flowers and Grass,117625,869,118494,56.31,259771.0,1,RABIUL ALAM CHOWDHURY
WEST BENGAL,70,REJINAGAR,MALE,53.0,GENERAL,BJP,Lotus,49611,615,50226,23.87,259771.0,2,ARABINDA BISWAS
WEST BENGAL,70,REJINAGAR,MALE,46.0,GENERAL,INC,Hand,36988,294,37282,17.72,259771.0,3,KAFIRUDDIN SK
WEST BENGAL,70,REJINAGAR,,,,NOTA,NOTA,1550,10,1560,0.74,259771.0,4,NOTA
WEST BENGAL,70,REJINAGAR,MALE,56.0,GENERAL,SUCI,Battery Torch,1338,0,1338,0.64,259771.0,5,MD. BABAR ALI
WEST BENGAL,70,REJINAGAR,MALE,43.0,GENERAL,IUML,Ladder,1035,4,1039,0.49,259771.0,6,MUJIBUR RAHAMAN
WEST BENGAL,70,REJINAGAR,MALE,26.0,GENERAL,HAMS,Pan,504,2,506,0.24,259771.0,7,HASANUR ZAMAN SK
TURN OUT,,,,,TOTAL:,,,208651,1794,210445,81.01,,,
WEST BENGAL,71,BELDANGA,MALE,47.0,GENERAL,AITC,Flowers and Grass,112173,689,112862,55.19,252944.0,1,HASANUZZAMAN SK
WEST BENGAL,71,BELDANGA,MALE,52.0,GENERAL,BJP,Lotus,58417,613,59030,28.86,252944.0,2,SUMIT GHOSH
WEST BENGAL,71,BELDANGA,MALE,63.0,GENERAL,INC,Hand,26742,207,26949,13.18,252944.0,3,SAFIUJJAMAN SEIKH
WEST BENGAL,71,BELDANGA,FEMALE,56.0,GENERAL,IND,COCONUT FARM,1965,3,1968,0.96,252944.0,4,KAJAL GHOSH BISWAS
WEST BENGAL,71,BELDANGA,,,,NOTA,NOTA,1361,7,1368,0.67,252944.0,5,NOTA
WEST BENGAL,71,BELDANGA,MALE,29.0,GENERAL,DSPI,Football,1173,3,1176,0.58,252944.0,6,MD: SAGIR HOSSAIN
WEST BENGAL,71,BELDANGA,MALE,56.0,SC,IND,Pendulum,678,2,680,0.33,252944.0,7,MUKTI PADA KONAI
WEST BENGAL,71,BELDANGA,MALE,39.0,GENERAL,SUCI,Battery Torch,472,6,478,0.23,252944.0,8,SARIFUL ISLAM
TURN OUT,,,,,TOTAL:,,,202981,1530,204511,80.85,,,
WEST BENGAL,72,BAHARAMPUR,MALE,54.0,GENERAL,BJP,Lotus,87759,1581,89340,45.21,260667.0,1,SUBRATA MAITRA (KANCHAN)
WEST BENGAL,72,BAHARAMPUR,MALE,41.0,GENERAL,AITC,Flowers and Grass,61835,653,62488,31.62,260667.0,2,NARU GOPAL MUKHERJEE
WEST BENGAL,72,BAHARAMPUR,MALE,67.0,GENERAL,INC,Hand,39377,790,40167,20.33,260667.0,3,MANOJ CHAKRABORTY
WEST BENGAL,72,BAHARAMPUR,,,,NOTA,NOTA,2504,21,2525,1.28,260667.0,4,NOTA
WEST BENGAL,72,BAHARAMPUR,MALE,46.0,GENERAL,BSP,Elephant,1081,7,1088,0.55,260667.0,5,SAJAL SEN
WEST BENGAL,72,BAHARAMPUR,MALE,64.0,GENERAL,SUCI,Battery torch,1029,9,1038,0.53,260667.0,6,GOUTAM GHOSH (DWARAK GHOSH)
WEST BENGAL,72,BAHARAMPUR,MALE,52.0,SC,IND,Bat,547,0,547,0.28,260667.0,7,SUJIT KUMAR DAS
WEST BENGAL,72,BAHARAMPUR,FEMALE,30.0,GENERAL,BMUP,Cot,413,1,414,0.21,260667.0,8,REKHA ROY
TURN OUT,,,,,TOTAL:,,,194545,3062,197607,75.81,,,
WEST BENGAL,73,HARIHARPARA,MALE,70.0,GENERAL,AITC,Flowers and Grass,101982,678,102660,47.51,247421.0,1,NIAMOT SHEIKH
WEST BENGAL,73,HARIHARPARA,MALE,49.0,GENERAL,INC,Hand,88000,594,88594,41.0,247421.0,2,MIR ALAMGIR (PALASH)
WEST BENGAL,73,HARIHARPARA,MALE,34.0,GENERAL,BJP,Lotus,18261,117,18378,8.51,247421.0,3,TANMOY BISWAS
WEST BENGAL,73,HARIHARPARA,MALE,54.0,GENERAL,SUCI,Battery torch,1711,14,1725,0.8,247421.0,4,GOLAM AMBIA
WEST BENGAL,73,HARIHARPARA,,,,NOTA,NOTA,1105,12,1117,0.52,247421.0,5,NOTA
WEST BENGAL,73,HARIHARPARA,MALE,32.0,GENERAL,IND,COCONUT FARM,1079,0,1079,0.5,247421.0,6,RAFIKUL ISLAM
WEST BENGAL,73,HARIHARPARA,MALE,46.0,GENERAL,IND,Bat,994,0,994,0.46,247421.0,7,SAHABUR RAHAMAN KHA
WEST BENGAL,73,HARIHARPARA,MALE,39.0,GENERAL,IND,Chappals,673,1,674,0.31,247421.0,8,MINTU HALDAR
WEST BENGAL,73,HARIHARPARA,MALE,64.0,GENERAL,IND,Cauliflower,265,2,267,0.12,247421.0,9,ABUBAKKAR MANDAL
WEST BENGAL,73,HARIHARPARA,MALE,39.0,GENERAL,IND,COMPUTER,230,1,231,0.11,247421.0,10,ALAMGIR MANDAL
WEST BENGAL,73,HARIHARPARA,MALE,48.0,GENERAL,IND,BOX,202,0,202,0.09,247421.0,11,WAHED ANSARY
WEST BENGAL,73,HARIHARPARA,MALE,51.0,SC,IND,Green Chilli,153,1,154,0.07,247421.0,12,INDRAJIT BAGDI
TURN OUT,,,,,TOTAL:,,,214655,1420,216075,87.33,,,
WEST BENGAL,74,NOWDA,FEMALE,55.0,GENERAL,AITC,Flowers and Grass,117130,554,117684,58.16,247688.0,1,SAHINA MOMTAZ KHAN
WEST BENGAL,74,NOWDA,MALE,32.0,GENERAL,BJP,Lotus,43238,293,43531,21.51,247688.0,2,ANUPAM MANDAL
WEST BENGAL,74,NOWDA,MALE,42.0,GENERAL,INC,Hand,31442,146,31588,15.61,247688.0,3,MOSARAF HOSSAIN MONDAL (MADHU)
WEST BENGAL,74,NOWDA,MALE,50.0,GENERAL,IND,Football,4323,70,4393,2.17,247688.0,4,SAMIK MANDAL
WEST BENGAL,74,NOWDA,MALE,26.0,GENERAL,IND,Bat,1397,0,1397,0.69,247688.0,5,SAMINUL ANSARY
WEST BENGAL,74,NOWDA,,,,NOTA,NOTA,1301,7,1308,0.65,247688.0,6,NOTA
WEST BENGAL,74,NOWDA,FEMALE,43.0,GENERAL,IND,Cauliflower,946,3,949,0.47,247688.0,7,SAHINA MAMTAJ
WEST BENGAL,74,NOWDA,MALE,26.0,GENERAL,HAMS,Pan,893,0,893,0.44,247688.0,8,MD. WASIM AKRAM
WEST BENGAL,74,NOWDA,MALE,60.0,GENERAL,SUCI,Battery Torch,350,2,352,0.17,247688.0,9,SAHIDUL ISLAM (KALU)
WEST BENGAL,74,NOWDA,MALE,38.0,GENERAL,IND,Tennis Racket & Ball,252,2,254,0.13,247688.0,10,MOSARROF HOSSAIN
TURN OUT,,,,,TOTAL:,,,201272,1077,202349,81.7,,,
WEST BENGAL,75,DOMKAL,MALE,45.0,GENERAL,AITC,Flowers and Grass,127173,498,127671,56.45,266283.0,1,JAFIKUL ISLAM
WEST BENGAL,75,DOMKAL,MALE,41.0,GENERAL,CPI(M),"Hammer, Sickle and Star",79968,474,80442,35.57,266283.0,2,MD. MOSTAFIJUR RAHAMAN (RANA)
WEST BENGAL,75,DOMKAL,FEMALE,39.0,GENERAL,BJP,Lotus,12247,101,12348,5.46,266283.0,3,BIYAMMA MONDAL (RUBIA)
WEST BENGAL,75,DOMKAL,,,,NOTA,NOTA,2413,6,2419,1.07,266283.0,4,NOTA
WEST BENGAL,75,DOMKAL,MALE,74.0,GENERAL,IND,BUCKET,729,0,729,0.32,266283.0,5,IMAN ALI BISWAS
WEST BENGAL,75,DOMKAL,MALE,27.0,GENERAL,JSTDVPMTP,Battery torch,678,1,679,0.3,266283.0,6,AMIR SOHAIL
WEST BENGAL,75,DOMKAL,MALE,29.0,GENERAL,IND,CHESS BOARD,611,1,612,0.27,266283.0,7,MD JEWEL MONDAL
WEST BENGAL,75,DOMKAL,MALE,61.0,GENERAL,IUML,Ladder,518,3,521,0.23,266283.0,8,HIKMAT ALI
WEST BENGAL,75,DOMKAL,MALE,54.0,GENERAL,IND,Basket containing Fruits,469,0,469,0.21,266283.0,9,AYENUL HAQUE
WEST BENGAL,75,DOMKAL,MALE,54.0,GENERAL,SUCI,Saw,291,2,293,0.13,266283.0,10,SAMSUZZAMAN(KAJAL)
TURN OUT,,,,,TOTAL:,,,225097,1086,226183,84.94,,,
WEST BENGAL,76,JALANGI,MALE,63.0,GENERAL,AITC,Flowers and Grass,123096,744,123840,55.74,261258.0,1,ABDUR RAZZAK
WEST BENGAL,76,JALANGI,MALE,65.0,GENERAL,CPI(M),"Hammer, Sickle and Star",44224,340,44564,20.06,261258.0,2,SAIFUL ISLAM MOLLA
WEST BENGAL,76,JALANGI,MALE,49.0,GENERAL,BJP,Lotus,43395,378,43773,19.7,261258.0,3,CHANDAN MANDAL
WEST BENGAL,76,JALANGI,FEMALE,27.0,GENERAL,IND,Table,4172,17,4189,1.89,261258.0,4,RAFIKA SULTANA
WEST BENGAL,76,JALANGI,,,,NOTA,NOTA,2540,11,2551,1.15,261258.0,5,NOTA
WEST BENGAL,76,JALANGI,MALE,34.0,GENERAL,AIMIM,Kite,1327,11,1338,0.6,261258.0,6,ALSOKUAT JAMAN
WEST BENGAL,76,JALANGI,MALE,50.0,GENERAL,IND,Gramophone,726,3,729,0.33,261258.0,7,NABENDU KUMAR MONDAL
WEST BENGAL,76,JALANGI,MALE,46.0,SC,AMB,Boat with Man and Sail,381,7,388,0.17,261258.0,8,SUBIR KUMAR SARKAR
WEST BENGAL,76,JALANGI,MALE,62.0,GENERAL,BMUP,Cot,277,0,277,0.12,261258.0,9,MD. ABDUL HAMID
WEST BENGAL,76,JALANGI,MALE,60.0,GENERAL,SUCI,Battery torch,261,3,264,0.12,261258.0,10,ENAMUL HAQUE
WEST BENGAL,76,JALANGI,MALE,33.0,GENERAL,JSTDVPMTP,Gas Cylinder,253,1,254,0.11,261258.0,11,SARIFUL MANDAL
TURN OUT,,,,,TOTAL:,,,220652,1515,222167,85.04,,,
WEST BENGAL,77,KARIMPUR,MALE,63.0,GENERAL,AITC,Flowers and Grass,108966,1945,110911,50.07,251039.0,1,BIMALENDU SINHA ROY
WEST BENGAL,77,KARIMPUR,MALE,49.0,GENERAL,BJP,Lotus,85825,1511,87336,39.43,251039.0,2,SAMARENDRANATH GHOSH
WEST BENGAL,77,KARIMPUR,MALE,52.0,GENERAL,CPI(M),"Hammer, Sickle and Star",16885,300,17185,7.76,251039.0,3,PRABHAS MAJUMDAR
WEST BENGAL,77,KARIMPUR,MALE,66.0,GENERAL,SUCI,Battery torch,1460,9,1469,0.66,251039.0,4,DHANAPATI MONDAL
WEST BENGAL,77,KARIMPUR,,,,NOTA,NOTA,1316,12,1328,0.6,251039.0,5,NOTA
WEST BENGAL,77,KARIMPUR,MALE,27.0,GENERAL,IND,Helicopter,1306,4,1310,0.59,251039.0,6,PREMANANDA MANDAL
WEST BENGAL,77,KARIMPUR,MALE,70.0,SC,BSP,Elephant,1261,11,1272,0.57,251039.0,7,JITENDRANATH HALDER
WEST BENGAL,77,KARIMPUR,FEMALE,39.0,SC,IND,Cauliflower,694,1,695,0.31,251039.0,8,MOUSUMI SAHA MANDAL
TURN OUT,,,,,TOTAL:,,,217713,3793,221506,88.24,,,
WEST BENGAL,78,TEHATTA,MALE,61.0,GENERAL,AITC,Flowers and Grass,96249,1599,97848,44.86,252454.0,1,TAPAS KUMAR SAHA
WEST BENGAL,78,TEHATTA,MALE,59.0,GENERAL,BJP,Lotus,89503,1430,90933,41.69,252454.0,2,ASHUTOSH PAUL
WEST BENGAL,78,TEHATTA,MALE,56.0,GENERAL,CPI(M),"Hammer, Sickle and Star",22905,334,23239,10.65,252454.0,3,SUBODH CHANDRA BISWAS
WEST BENGAL,78,TEHATTA,MALE,52.0,SC,BSP,Elephant,1846,30,1876,0.86,252454.0,4,TARAK NATH BISWAS
WEST BENGAL,78,TEHATTA,,,,NOTA,NOTA,1726,10,1736,0.8,252454.0,5,NOTA
WEST BENGAL,78,TEHATTA,MALE,43.0,SC,IND,Camera,1437,2,1439,0.66,252454.0,6,RABINDRANATH HALDER
WEST BENGAL,78,TEHATTA,MALE,33.0,SC,PMPT,Batsman,632,6,638,0.29,252454.0,7,SURYA BISWAS
WEST BENGAL,78,TEHATTA,MALE,32.0,SC,IND,FLUTE,395,5,400,0.18,252454.0,8,CHIRANJIT SARDAR
TURN OUT,,,,,TOTAL:,,,214693,3416,218109,86.4,,,
WEST BENGAL,79,PALASHIPARA,MALE,66.0,GENERAL,AITC,Flowers and Grass,108872,1402,110274,54.22,244867.0,1,DR. MANIK BHATTACHARYA
WEST BENGAL,79,PALASHIPARA,MALE,54.0,GENERAL,BJP,Lotus,58144,794,58938,28.98,244867.0,2,BIBHASH CHANDRA MANDAL
WEST BENGAL,79,PALASHIPARA,MALE,61.0,GENERAL,CPI(M),"Hammer, Sickle and Star",25861,367,26228,12.9,244867.0,3,S.M. SADI
WEST BENGAL,79,PALASHIPARA,MALE,48.0,GENERAL,SUCI,Battery torch,1678,18,1696,0.83,244867.0,4,MANIRUZZAMAN MONDAL
WEST BENGAL,79,PALASHIPARA,MALE,43.0,SC,BSP,Elephant,1677,13,1690,0.83,244867.0,5,RATIKANTA THAKUR
WEST BENGAL,79,PALASHIPARA,MALE,48.0,SC,IND,Helicopter,1688,0,1688,0.83,244867.0,6,RAMESH BARMAN
WEST BENGAL,79,PALASHIPARA,,,,NOTA,NOTA,1649,5,1654,0.81,244867.0,7,NOTA
WEST BENGAL,79,PALASHIPARA,MALE,54.0,GENERAL,IND,Football,916,0,916,0.45,244867.0,8,BIJOY DUTTA
WEST BENGAL,79,PALASHIPARA,MALE,40.0,GENERAL,IND,Bat,300,1,301,0.15,244867.0,9,PANCHANAN MANDAL
TURN OUT,,,,,TOTAL:,,,200785,2600,203385,83.06,,,
WEST BENGAL,80,KALIGANJ,MALE,67.0,GENERAL,AITC,Flowers and Grass,109917,1779,111696,53.35,248358.0,1,NASIRUDDIN AHAMED (LAL)
WEST BENGAL,80,KALIGANJ,MALE,45.0,GENERAL,BJP,Lotus,63629,1080,64709,30.91,248358.0,2,ABHIJIT GHOSH
WEST BENGAL,80,KALIGANJ,MALE,52.0,GENERAL,INC,Hand,24771,305,25076,11.98,248358.0,3,ABUL KASHEM
WEST BENGAL,80,KALIGANJ,,,,NOTA,NOTA,2044,7,2051,0.98,248358.0,4,NOTA
WEST BENGAL,80,KALIGANJ,MALE,26.0,GENERAL,IND,Cauliflower,1683,4,1687,0.81,248358.0,5,ABHIJIT GHOSH
WEST BENGAL,80,KALIGANJ,FEMALE,36.0,SC,BSP,Elephant,1556,11,1567,0.75,248358.0,6,SUJATA MANDAL
WEST BENGAL,80,KALIGANJ,MALE,43.0,GENERAL,BNARP,Ganna Kisan,980,2,982,0.47,248358.0,7,JAYANTA DAS
WEST BENGAL,80,KALIGANJ,MALE,57.0,GENERAL,SUCI,Battery torch,877,2,879,0.42,248358.0,8,MOHIUDDIN MONDAL
WEST BENGAL,80,KALIGANJ,MALE,50.0,GENERAL,IND,Truck,732,0,732,0.35,248358.0,9,KABIL UDDIN SHAIKH
TURN OUT,,,,,TOTAL:,,,206189,3190,209379,84.31,,,
WEST BENGAL,81,NAKASHIPARA,MALE,67.0,GENERAL,AITC,Flowers and Grass,103666,1146,104812,50.01,247691.0,1,KALLOL KHAN
WEST BENGAL,81,NAKASHIPARA,MALE,51.0,GENERAL,BJP,Lotus,82258,1283,83541,39.86,247691.0,2,SANTANU DEY
WEST BENGAL,81,NAKASHIPARA,MALE,51.0,GENERAL,IND,Football,11194,83,11277,5.38,247691.0,3,TANMAY GANGULI
WEST BENGAL,81,NAKASHIPARA,FEMALE,54.0,GENERAL,CPI(M),"Hammer, Sickle and Star",5254,111,5365,2.56,247691.0,4,SUKLA SAHA
WEST BENGAL,81,NAKASHIPARA,,,,NOTA,NOTA,1135,11,1146,0.55,247691.0,5,NOTA
WEST BENGAL,81,NAKASHIPARA,MALE,55.0,SC,BSP,Elephant,1074,6,1080,0.52,247691.0,6,AMAL CHANDRA SARKAR
WEST BENGAL,81,NAKASHIPARA,MALE,65.0,GENERAL,CPI(ML)(L),Flag with Three Stars,1020,3,1023,0.49,247691.0,7,KRISHNAPADA PRAMANIK
WEST BENGAL,81,NAKASHIPARA,MALE,61.0,SC,AMB,Boat with Man and Sail,1003,0,1003,0.48,247691.0,8,SWAPAN MONDAL
WEST BENGAL,81,NAKASHIPARA,MALE,72.0,GENERAL,SUCI,Battery torch,322,1,323,0.15,247691.0,9,KRISHNACHANDRA DEBNATH
TURN OUT,,,,,TOTAL:,,,206926,2644,209570,84.61,,,
WEST BENGAL,82,CHAPRA,MALE,52.0,GENERAL,AITC,Flowers and Grass,73187,679,73866,34.65,248014.0,1,RUKBANUR RAHMAN
WEST BENGAL,82,CHAPRA,MALE,43.0,GENERAL,IND,Football,61063,685,61748,28.97,248014.0,2,JEBER SEKH
WEST BENGAL,82,CHAPRA,MALE,61.0,GENERAL,BJP,Lotus,57380,788,58168,27.29,248014.0,3,KALYAN KUMAR NANDI
WEST BENGAL,82,CHAPRA,MALE,36.0,GENERAL,CPI(M),"Hammer, Sickle and Star",11542,180,11722,5.5,248014.0,4,JAHANGIR BISWAS (RAJU)
WEST BENGAL,82,CHAPRA,MALE,60.0,GENERAL,RSSCMJP,Envelope,3848,17,3865,1.81,248014.0,5,KANCHAN MAITRA
WEST BENGAL,82,CHAPRA,,,,NOTA,NOTA,2016,7,2023,0.95,248014.0,6,NOTA
WEST BENGAL,82,CHAPRA,MALE,25.0,GENERAL,BSP,Elephant,1064,6,1070,0.5,248014.0,7,ROKIBUL HOSSAIN MOLLA
WEST BENGAL,82,CHAPRA,MALE,37.0,GENERAL,SUCI,Battery torch,713,0,713,0.33,248014.0,8,MOZAMMEL HOSSAIN MONDAL
TURN OUT,,,,,TOTAL:,,,210813,2362,213175,85.95,,,
WEST BENGAL,83,KRISHNANAGAR UTTAR,MALE,67.0,GENERAL,BJP,Lotus,107492,1865,109357,54.19,238220.0,1,MUKUL ROY
WEST BENGAL,83,KRISHNANAGAR UTTAR,FEMALE,28.0,GENERAL,AITC,Flowers and Grass,73153,1115,74268,36.8,238220.0,2,KOUSHANI MUKHERJEE
WEST BENGAL,83,KRISHNANAGAR UTTAR,FEMALE,42.0,GENERAL,INC,Hand,11108,299,11407,5.65,238220.0,3,SILVI SAHA
WEST BENGAL,83,KRISHNANAGAR UTTAR,,,,NOTA,NOTA,1823,28,1851,0.92,238220.0,4,NOTA
WEST BENGAL,83,KRISHNANAGAR UTTAR,FEMALE,28.0,GENERAL,PMPT,Batsman,1455,5,1460,0.72,238220.0,5,DIPIKA PRAMANIK
WEST BENGAL,83,KRISHNANAGAR UTTAR,MALE,49.0,SC,IND,Cauliflower,1370,7,1377,0.68,238220.0,6,SADHAN KUMAR MANDAL
WEST BENGAL,83,KRISHNANAGAR UTTAR,MALE,48.0,SC,BSP,Elephant,1344,14,1358,0.67,238220.0,7,ASHOKE CHANDRA DAS
WEST BENGAL,83,KRISHNANAGAR UTTAR,MALE,61.0,GENERAL,SUCI,Battery torch,719,8,727,0.36,238220.0,8,JOYDIP CHAUDHURI
TURN OUT,,,,,TOTAL:,,,198464,3341,201805,84.71,,,
WEST BENGAL,84,NABADWIP,MALE,66.0,GENERAL,AITC,Flowers and Grass,100661,1509,102170,48.52,243159.0,1,PUNDARIKAKSHYA SAHA
WEST BENGAL,84,NABADWIP,MALE,51.0,SC,BJP,Lotus,82626,973,83599,39.7,243159.0,2,SIDHARTHA SHANKAR NASKAR
WEST BENGAL,84,NABADWIP,MALE,36.0,GENERAL,CPI(M),"Hammer, Sickle and Star",18218,322,18540,8.8,243159.0,3,SWARNENDU SINHA
WEST BENGAL,84,NABADWIP,,,,NOTA,NOTA,2331,13,2344,1.11,243159.0,4,NOTA
WEST BENGAL,84,NABADWIP,MALE,65.0,SC,BSP,Elephant,1611,6,1617,0.77,243159.0,5,RAJNATH SARKAR
WEST BENGAL,84,NABADWIP,MALE,39.0,GENERAL,IND,DIAMOND,1177,6,1183,0.56,243159.0,6,SOUMEN SAHA
WEST BENGAL,84,NABADWIP,MALE,26.0,SC,LJP,Bungalow,1131,5,1136,0.54,243159.0,7,RAMKRISHNA HALDER
TURN OUT,,,,,TOTAL:,,,207755,2834,210589,86.61,,,
WEST BENGAL,85,KRISHNANAGAR DAKSHIN,MALE,67.0,GENERAL,AITC,Flowers and Grass,90842,896,91738,46.88,225118.0,1,UJJAL BISWAS
WEST BENGAL,85,KRISHNANAGAR DAKSHIN,MALE,51.0,SC,BJP,Lotus,81609,824,82433,42.13,225118.0,2,MAHADEV SARKAR
WEST BENGAL,85,KRISHNANAGAR DAKSHIN,MALE,45.0,GENERAL,CPI(M),"Hammer, Sickle and Star",15414,192,15606,7.98,225118.0,3,BISWAS SUMIT
WEST BENGAL,85,KRISHNANAGAR DAKSHIN,,,,NOTA,NOTA,2156,9,2165,1.11,225118.0,4,NOTA
WEST BENGAL,85,KRISHNANAGAR DAKSHIN,MALE,45.0,SC,BSP,Elephant,1214,3,1217,0.62,225118.0,5,SWAPAN KUMAR SARKAR
WEST BENGAL,85,KRISHNANAGAR DAKSHIN,MALE,66.0,GENERAL,IND,Cauliflower,1072,4,1076,0.55,225118.0,6,ANANDA MODAK
WEST BENGAL,85,KRISHNANAGAR DAKSHIN,MALE,45.0,GENERAL,CPI(ML)(L),Flag with Three Stars,865,3,868,0.44,225118.0,7,SANTU BHATTACHARYA
WEST BENGAL,85,KRISHNANAGAR DAKSHIN,MALE,28.0,SC,IND,Pineapple,582,0,582,0.3,225118.0,8,DEBASISH MAJHI
TURN OUT,,,,,TOTAL:,,,193754,1931,195685,86.93,,,
WEST BENGAL,86,SANTIPUR,MALE,58.0,SC,BJP,Lotus,108638,1084,109722,49.94,255619.0,1,JAGANNATH SARKAR
WEST BENGAL,86,SANTIPUR,MALE,68.0,GENERAL,AITC,Flowers and Grass,92715,1129,93844,42.72,255619.0,2,AJOY DEY
WEST BENGAL,86,SANTIPUR,MALE,45.0,GENERAL,INC,Hand,9725,123,9848,4.48,255619.0,3,RITZU GHOSAL
WEST BENGAL,86,SANTIPUR,,,,NOTA,NOTA,2364,21,2385,1.09,255619.0,4,NOTA
WEST BENGAL,86,SANTIPUR,MALE,47.0,SC,BSP,Elephant,1288,6,1294,0.59,255619.0,5,PROFULLA KUMAR ROY
WEST BENGAL,86,SANTIPUR,MALE,53.0,SC,PMPT,Batsman,1095,4,1099,0.5,255619.0,6,SUKDEB BISWAS
WEST BENGAL,86,SANTIPUR,MALE,44.0,GENERAL,JASP,Tea Filter,885,7,892,0.41,255619.0,7,SUFAL SARKAR
WEST BENGAL,86,SANTIPUR,MALE,36.0,SC,SUCI,Battery torch,599,9,608,0.28,255619.0,8,NADIA CHAND BISWAS
TURN OUT,,,,,TOTAL:,,,217309,2383,219692,85.95,,,
WEST BENGAL,87,RANAGHAT UTTAR PASCHIM,MALE,67.0,GENERAL,BJP,Lotus,112413,1224,113637,50.91,265846.0,1,PARTHASARATHI CHATTERJEE
WEST BENGAL,87,RANAGHAT UTTAR PASCHIM,MALE,70.0,GENERAL,AITC,Flowers and Grass,89503,1006,90509,40.55,265846.0,2,SANKAR SINGHA
WEST BENGAL,87,RANAGHAT UTTAR PASCHIM,MALE,62.0,GENERAL,INC,Hand,10134,211,10345,4.64,265846.0,3,BIJAYENDU BISWAS (HABU)
WEST BENGAL,87,RANAGHAT UTTAR PASCHIM,,,,NOTA,NOTA,2216,42,2258,1.01,265846.0,4,NOTA
WEST BENGAL,87,RANAGHAT UTTAR PASCHIM,MALE,41.0,SC,BSP,Elephant,1299,13,1312,0.59,265846.0,5,AMAL SARKAR
WEST BENGAL,87,RANAGHAT UTTAR PASCHIM,MALE,32.0,GENERAL,IND,DIAMOND,1157,3,1160,0.52,265846.0,6,RATAN MALAKAR
WEST BENGAL,87,RANAGHAT UTTAR PASCHIM,MALE,74.0,GENERAL,IND,Football,1125,8,1133,0.51,265846.0,7,RABINDRA NATH BISWAS
WEST BENGAL,87,RANAGHAT UTTAR PASCHIM,FEMALE,58.0,GENERAL,IND,Balloon,1064,6,1070,0.48,265846.0,8,ALPANA BANDYOPADHYAY
WEST BENGAL,87,RANAGHAT UTTAR PASCHIM,FEMALE,53.0,GENERAL,SUCI,Battery torch,1062,6,1068,0.48,265846.0,9,APARNA GUHA
WEST BENGAL,87,RANAGHAT UTTAR PASCHIM,MALE,38.0,GENERAL,SP(I),Hat,701,0,701,0.31,265846.0,10,SOURAV CHAKRABORTY
TURN OUT,,,,,TOTAL:,,,220674,2519,223193,83.96,,,
WEST BENGAL,88,KRISHNAGANJ,MALE,54.0,SC,BJP,Lotus,116397,1271,117668,50.73,273728.0,1,ASHIS KUMAR BISWAS
WEST BENGAL,88,KRISHNAGANJ,MALE,49.0,SC,AITC,Flowers and Grass,95406,985,96391,41.56,273728.0,2,DR. TAPAS MANDAL
WEST BENGAL,88,KRISHNAGANJ,FEMALE,30.0,SC,CPI(M),"Hammer, Sickle and Star",10761,152,10913,4.71,273728.0,3,JHUNU BAIDYA
WEST BENGAL,88,KRISHNAGANJ,,,,NOTA,NOTA,2091,8,2099,0.9,273728.0,4,NOTA
WEST BENGAL,88,KRISHNAGANJ,FEMALE,37.0,SC,BSP,Elephant,1781,20,1801,0.78,273728.0,5,DIPALI BISWAS
WEST BENGAL,88,KRISHNAGANJ,MALE,31.0,SC,PMPT,Batsman,1379,1,1380,0.59,273728.0,6,SANAND ADHIKARY
WEST BENGAL,88,KRISHNAGANJ,MALE,49.0,SC,IND,Cauliflower,832,3,835,0.36,273728.0,7,ASHIS BISWAS
WEST BENGAL,88,KRISHNAGANJ,MALE,60.0,SC,SUCI,Battery torch,481,3,484,0.21,273728.0,8,ASIT BARAN BISWAS
WEST BENGAL,88,KRISHNAGANJ,MALE,38.0,SC,NDPOI,Envelope,365,2,367,0.16,273728.0,9,ANUP KUMAR MONDAL
TURN OUT,,,,,TOTAL:,,,229493,2445,231938,84.73,,,
WEST BENGAL,89,RANAGHAT UTTAR PURBA,MALE,45.0,SC,BJP,Lotus,115665,1121,116786,54.39,264929.0,1,ASHIM BISWAS
WEST BENGAL,89,RANAGHAT UTTAR PURBA,MALE,58.0,SC,AITC,Flowers and Grass,84146,858,85004,39.59,264929.0,2,SAMIR KUMAR PODDAR
WEST BENGAL,89,RANAGHAT UTTAR PURBA,MALE,61.0,SC,RSSCMJP,Envelope,5115,89,5204,2.42,264929.0,3,DINESH CHANDRA BISWAS
WEST BENGAL,89,RANAGHAT UTTAR PURBA,,,,NOTA,NOTA,2339,20,2359,1.1,264929.0,4,NOTA
WEST BENGAL,89,RANAGHAT UTTAR PURBA,MALE,41.0,SC,BSP,Elephant,2087,30,2117,0.99,264929.0,5,SANJIT KUMAR MANDAL
WEST BENGAL,89,RANAGHAT UTTAR PURBA,MALE,45.0,SC,IND,Cauliflower,1224,4,1228,0.57,264929.0,6,APURBA LAL ROY
WEST BENGAL,89,RANAGHAT UTTAR PURBA,MALE,39.0,SC,IND,DIAMOND,1060,5,1065,0.5,264929.0,7,KAMAL SARKAR
WEST BENGAL,89,RANAGHAT UTTAR PURBA,MALE,52.0,SC,BMUP,Cot,486,2,488,0.23,264929.0,8,SAMIR KUMAR BISWAS
WEST BENGAL,89,RANAGHAT UTTAR PURBA,MALE,26.0,SC,PMPT,Batsman,482,3,485,0.23,264929.0,9,SWADHIN BISWAS
TURN OUT,,,,,TOTAL:,,,212604,2132,214736,81.05,,,
WEST BENGAL,90,RANAGHAT DAKSHIN,MALE,31.0,SC,BJP,Lotus,118374,886,119260,49.34,285180.0,1,MUKUT MANI ADHIKARI
WEST BENGAL,90,RANAGHAT DAKSHIN,FEMALE,41.0,SC,AITC,Flowers and Grass,101882,863,102745,42.51,285180.0,2,BARNALI DEY ROY
WEST BENGAL,90,RANAGHAT DAKSHIN,FEMALE,61.0,SC,CPI(M),"Hammer, Sickle and Star",14921,203,15124,6.26,285180.0,3,RAMA BISWAS
WEST BENGAL,90,RANAGHAT DAKSHIN,MALE,56.0,SC,BSP,Elephant,1654,12,1666,0.69,285180.0,4,PRASANTA BISWAS
WEST BENGAL,90,RANAGHAT DAKSHIN,,,,NOTA,NOTA,1561,16,1577,0.65,285180.0,5,NOTA
WEST BENGAL,90,RANAGHAT DAKSHIN,MALE,39.0,SC,SUCI,Battery torch,1313,2,1315,0.54,285180.0,6,NANIGOPAL MISTRI
TURN OUT,,,,,TOTAL:,,,239705,1982,241687,84.75,,,
WEST BENGAL,91,CHAKDAHA,MALE,62.0,GENERAL,BJP,Lotus,97955,1413,99368,46.86,245514.0,1,BANKIM CHANDRA GHOSH
WEST BENGAL,91,CHAKDAHA,MALE,42.0,GENERAL,AITC,Flowers and Grass,86105,1583,87688,41.35,245514.0,2,SUBHANKAR SINGHA (JISHU)
WEST BENGAL,91,CHAKDAHA,MALE,57.0,GENERAL,CPI(M),"Hammer, Sickle and Star",17401,411,17812,8.4,245514.0,3,NARAYAN DAS GUPTA
WEST BENGAL,91,CHAKDAHA,MALE,37.0,GENERAL,BNARP,Ganna Kisan,1670,13,1683,0.79,245514.0,4,BIDHAN GHOSH
WEST BENGAL,91,CHAKDAHA,,,,NOTA,NOTA,1475,12,1487,0.7,245514.0,5,NOTA
WEST BENGAL,91,CHAKDAHA,MALE,33.0,GENERAL,IND,Auto- Rickshaw,1362,8,1370,0.65,245514.0,6,TAPAN BISWAS
WEST BENGAL,91,CHAKDAHA,MALE,42.0,SC,IND,Balloon,1182,11,1193,0.56,245514.0,7,ASHOKE KUMAR DAS
WEST BENGAL,91,CHAKDAHA,MALE,42.0,SC,BSP,Elephant,976,19,995,0.47,245514.0,8,ARUN MAJUMDAR
WEST BENGAL,91,CHAKDAHA,MALE,37.0,GENERAL,IND,Binoculars,465,3,468,0.22,245514.0,9,BHOWMICK KOUSHIK
TURN OUT,,,,,TOTAL:,,,208591,3473,212064,86.38,,,
WEST BENGAL,92,KALYANI,MALE,48.0,SC,BJP,Lotus,95995,1031,97026,44.04,257683.0,1,AMBIKA ROY
WEST BENGAL,92,KALYANI,MALE,37.0,SC,AITC,Flowers and Grass,93421,1399,94820,43.03,257683.0,2,ANIRUDDHA BISWAS
WEST BENGAL,92,KALYANI,MALE,32.0,SC,CPI(M),"Hammer, Sickle and Star",21562,603,22165,10.06,257683.0,3,SABUJ DAS
WEST BENGAL,92,KALYANI,,,,NOTA,NOTA,2556,21,2577,1.17,257683.0,4,NOTA
WEST BENGAL,92,KALYANI,MALE,37.0,SC,BSP,Elephant,1631,30,1661,0.75,257683.0,5,GOUTAM MALO
WEST BENGAL,92,KALYANI,MALE,35.0,SC,IND,Bat,955,2,957,0.43,257683.0,6,AMIT KUMAR DAS
WEST BENGAL,92,KALYANI,MALE,26.0,SC,PDS,Football,669,4,673,0.31,257683.0,7,SANGRAM BISWAS
WEST BENGAL,92,KALYANI,MALE,26.0,SC,IND,Batsman,456,3,459,0.21,257683.0,8,AGNIV HIRA
TURN OUT,,,,,TOTAL:,,,217245,3093,220338,85.51,,,
WEST BENGAL,93,HARINGHATA,MALE,60.0,SC,BJP,Lotus,96970,696,97666,46.31,240606.0,1,ASIM KUMAR SARKAR
WEST BENGAL,93,HARINGHATA,FEMALE,62.0,SC,AITC,Flowers and Grass,81686,780,82466,39.11,240606.0,2,NILIMA NAG (MALLICK)
WEST BENGAL,93,HARINGHATA,MALE,57.0,SC,CPI(M),"Hammer, Sickle and Star",24635,165,24800,11.76,240606.0,3,ALAKESH DAS
WEST BENGAL,93,HARINGHATA,,,,NOTA,NOTA,1420,7,1427,0.68,240606.0,4,NOTA
WEST BENGAL,93,HARINGHATA,MALE,28.0,SC,IND,Balloon,1154,2,1156,0.55,240606.0,5,NAYAN HALDER
WEST BENGAL,93,HARINGHATA,MALE,42.0,SC,BSP,Elephant,1153,0,1153,0.55,240606.0,6,SAMIR BISWAS
WEST BENGAL,93,HARINGHATA,MALE,34.0,SC,IND,Pineapple,980,0,980,0.46,240606.0,7,SHIBU DAS
WEST BENGAL,93,HARINGHATA,MALE,53.0,SC,PMPT,Batsman,444,2,446,0.21,240606.0,8,HARISH CHANDRA BISWAS
WEST BENGAL,93,HARINGHATA,MALE,42.0,SC,SUCI,Battery torch,403,1,404,0.19,240606.0,9,BIPLAB CHANDRA DAS
WEST BENGAL,93,HARINGHATA,MALE,60.0,SC,PDS,Football,376,0,376,0.18,240606.0,10,MADHAB BISWAS
TURN OUT,,,,,TOTAL:,,,209221,1653,210874,87.64,,,
WEST BENGAL,94,BAGDA,MALE,54.0,SC,BJP,Lotus,107242,869,108111,49.41,277464.0,1,BISWAJIT DAS
WEST BENGAL,94,BAGDA,MALE,57.0,SC,AITC,Flowers and Grass,97335,984,98319,44.94,277464.0,2,PARITOSH KUMAR SAHA
WEST BENGAL,94,BAGDA,MALE,43.0,SC,INC,Hand,8099,151,8250,3.77,277464.0,3,KIRTTANIYA PRABIR (BAPI)
WEST BENGAL,94,BAGDA,MALE,47.0,SC,BSP,Elephant,2229,11,2240,1.02,277464.0,4,SANTOSH BISWAS
WEST BENGAL,94,BAGDA,,,,NOTA,NOTA,1012,8,1020,0.47,277464.0,5,NOTA
WEST BENGAL,94,BAGDA,MALE,53.0,SC,IND,Pen Stand,848,3,851,0.39,277464.0,6,PRADIP KUMAR BISWAS
TURN OUT,,,,,TOTAL:,,,216765,2026,218791,78.85,,,
WEST BENGAL,95,BANGAON UTTAR,MALE,47.0,SC,BJP,Lotus,96676,1085,97761,47.65,251387.0,1,ASHOK KIRTANIA
WEST BENGAL,95,BANGAON UTTAR,MALE,68.0,SC,AITC,Flowers and Grass,86403,870,87273,42.54,251387.0,2,SHYAMAL ROY
WEST BENGAL,95,BANGAON UTTAR,MALE,48.0,SC,CPI(M),"Hammer, Sickle and Star",13780,271,14051,6.85,251387.0,3,PIJUSH KANTI SAHA
WEST BENGAL,95,BANGAON UTTAR,,,,NOTA,NOTA,1818,15,1833,0.89,251387.0,4,NOTA
WEST BENGAL,95,BANGAON UTTAR,MALE,27.0,SC,IND,Dish Antenna,1478,2,1480,0.72,251387.0,5,DINESH DAS
WEST BENGAL,95,BANGAON UTTAR,FEMALE,63.0,SC,BSP,Elephant,1078,4,1082,0.53,251387.0,6,SUNITI MALLICK
WEST BENGAL,95,BANGAON UTTAR,MALE,50.0,SC,IND,Pen Stand,578,2,580,0.28,251387.0,7,SUBHASIS BISWAS
WEST BENGAL,95,BANGAON UTTAR,FEMALE,25.0,SC,AMB,Football,423,2,425,0.21,251387.0,8,ARPITA MONDAL
WEST BENGAL,95,BANGAON UTTAR,MALE,66.0,SC,IND,Bat,320,1,321,0.16,251387.0,9,ARABINDA BISWAS
WEST BENGAL,95,BANGAON UTTAR,MALE,47.0,SC,SUCI,Battery torch,226,2,228,0.11,251387.0,10,SHYAMSUNDAR HALDAR
WEST BENGAL,95,BANGAON UTTAR,MALE,47.0,SC,BMUP,Cot,140,1,141,0.07,251387.0,11,SUBRATA BISWAS
TURN OUT,,,,,TOTAL:,,,202920,2255,205175,81.62,,,
WEST BENGAL,96,BANGAON DAKSHIN,MALE,39.0,SC,BJP,Lotus,96862,966,97828,47.07,248278.0,1,SWAPAN MAJUMDER
WEST BENGAL,96,BANGAON DAKSHIN,FEMALE,52.0,SC,AITC,Flowers and Grass,94889,935,95824,46.11,248278.0,2,ALO RANI SARKAR
WEST BENGAL,96,BANGAON DAKSHIN,MALE,47.0,SC,CPI(M),"Hammer, Sickle and Star",9894,175,10069,4.84,248278.0,3,TAPAS KUMAR BISWAS
WEST BENGAL,96,BANGAON DAKSHIN,,,,NOTA,NOTA,1529,13,1542,0.74,248278.0,4,NOTA
WEST BENGAL,96,BANGAON DAKSHIN,MALE,56.0,SC,SUCI,Battery torch,947,6,953,0.46,248278.0,5,RABINDRA NATH BARAI
WEST BENGAL,96,BANGAON DAKSHIN,MALE,42.0,SC,BSP,Elephant,818,2,820,0.39,248278.0,6,PRADIP KUMAR SARKAR
WEST BENGAL,96,BANGAON DAKSHIN,MALE,47.0,SC,IND,Hand Cart,461,1,462,0.22,248278.0,7,ALOKE BAIN
WEST BENGAL,96,BANGAON DAKSHIN,MALE,54.0,SC,IND,Laptop,332,4,336,0.16,248278.0,8,SUSHANTA KUMAR SARKAR
TURN OUT,,,,,TOTAL:,,,205732,2102,207834,83.71,,,
WEST BENGAL,97,GAIGHATA,MALE,41.0,SC,BJP,Lotus,99753,1055,100808,47.27,252053.0,1,SUBRATA THAKUR
WEST BENGAL,97,GAIGHATA,MALE,48.0,SC,AITC,Flowers and Grass,90150,1080,91230,42.78,252053.0,2,NAROTTAM BISWAS
WEST BENGAL,97,GAIGHATA,MALE,64.0,SC,CPI,Ears of Corn And Sickle,14576,262,14838,6.96,252053.0,3,KAPIL KRISHNA THAKUR
WEST BENGAL,97,GAIGHATA,MALE,37.0,SC,IND,Stethoscope,1521,5,1526,0.72,252053.0,4,DR. SAJAL BISWAS
WEST BENGAL,97,GAIGHATA,,,,NOTA,NOTA,1399,10,1409,0.66,252053.0,5,NOTA
WEST BENGAL,97,GAIGHATA,FEMALE,40.0,SC,BSP,Elephant,1378,7,1385,0.65,252053.0,6,BEAUTY SARKAR
WEST BENGAL,97,GAIGHATA,FEMALE,49.0,SC,SUCI,Battery Torch,808,6,814,0.38,252053.0,7,NANIBALA BISWAS (DAS)
WEST BENGAL,97,GAIGHATA,MALE,43.0,SC,IND,Pineapple,685,1,686,0.32,252053.0,8,TUSHAR KANTI HALDER
WEST BENGAL,97,GAIGHATA,MALE,33.0,SC,IND,Helmet,545,2,547,0.26,252053.0,9,BISWAJIT ROY
TURN OUT,,,,,TOTAL:,,,210815,2428,213243,84.6,,,
WEST BENGAL,98,SWARUPNAGAR,FEMALE,45.0,SC,AITC,Flowers and Grass,99438,346,99784,47.11,246109.0,1,BINA MONDAL
WEST BENGAL,98,SWARUPNAGAR,MALE,30.0,SC,BJP,Lotus,64666,318,64984,30.68,246109.0,2,BRINDABAN SARKAR
WEST BENGAL,98,SWARUPNAGAR,MALE,36.0,SC,CPI(M),"Hammer, Sickle and Star",43164,118,43282,20.43,246109.0,3,BISWAJIT MANDAL
WEST BENGAL,98,SWARUPNAGAR,,,,NOTA,NOTA,1254,2,1256,0.59,246109.0,4,NOTA
WEST BENGAL,98,SWARUPNAGAR,MALE,29.0,SC,IND,Batsman,923,0,923,0.44,246109.0,5,MRINMOY MONDAL
WEST BENGAL,98,SWARUPNAGAR,MALE,57.0,SC,SUCI,Battery torch,820,1,821,0.39,246109.0,6,DEBABRATA BISWAS
WEST BENGAL,98,SWARUPNAGAR,MALE,31.0,SC,IND,COCONUT FARM,753,1,754,0.36,246109.0,7,PRABIR SARKAR
TURN OUT,,,,,TOTAL:,,,211018,786,211804,86.06,,,
WEST BENGAL,99,BADURIA,MALE,53.0,GENERAL,AITC,Flowers and Grass,109200,501,109701,51.53,243747.0,1,ABDUR RAHIM QUAZI
WEST BENGAL,99,BADURIA,MALE,37.0,GENERAL,BJP,Lotus,52930,327,53257,25.02,243747.0,2,SUKALYAN BAIDYA
WEST BENGAL,99,BADURIA,MALE,52.0,GENERAL,INC,Hand,45095,136,45231,21.25,243747.0,3,ABDUS SATTAR
WEST BENGAL,99,BADURIA,,,,NOTA,NOTA,1952,1,1953,0.92,243747.0,4,NOTA
WEST BENGAL,99,BADURIA,MALE,56.0,SC,BSP,Elephant,1268,10,1278,0.6,243747.0,5,GOPAL DAS
WEST BENGAL,99,BADURIA,MALE,39.0,GENERAL,IND,Football,844,0,844,0.4,243747.0,6,SAFIKUL ISLAM DAFADAR
WEST BENGAL,99,BADURIA,MALE,61.0,GENERAL,SUCI,Battery torch,616,3,619,0.29,243747.0,7,NITAI KRISHNA PAL
TURN OUT,,,,,TOTAL:,,,211905,978,212883,87.34,,,
WEST BENGAL,100,HABRA,MALE,63.0,GENERAL,AITC,Flowers and Grass,89860,673,90533,44.34,242425.0,1,JYOTI PRIYA MALLICK
WEST BENGAL,100,HABRA,MALE,57.0,GENERAL,BJP,Lotus,86208,484,86692,42.46,242425.0,2,RAHUL (BISWAJIT) SINHA
WEST BENGAL,100,HABRA,MALE,53.0,SC,CPI(M),"Hammer, Sickle and Star",21781,213,21994,10.77,242425.0,3,RIJINANDAN BISWAS
WEST BENGAL,100,HABRA,,,,NOTA,NOTA,1276,14,1290,0.63,242425.0,4,NOTA
WEST BENGAL,100,HABRA,MALE,48.0,SC,BSP,Elephant,1120,5,1125,0.55,242425.0,5,SANTOSH BISWAS
WEST BENGAL,100,HABRA,MALE,42.0,GENERAL,IND,Pen Nib with Seven Rays,1113,2,1115,0.55,242425.0,6,AMAR KRISHNA MANDAL
WEST BENGAL,100,HABRA,MALE,46.0,SC,SUCI,Battery torch,1054,8,1062,0.52,242425.0,7,PROBODH KUMAR SARKAR
WEST BENGAL,100,HABRA,MALE,66.0,SC,PMPT,Batsman,360,0,360,0.18,242425.0,8,KISHOR BISWAS
TURN OUT,,,,,TOTAL:,,,202772,1399,204171,84.22,,,
WEST BENGAL,101,ASHOKNAGAR,MALE,51.0,GENERAL,AITC,Flowers and Grass,92573,1014,93587,43.18,257180.0,1,NARAYAN GOSWAMI
WEST BENGAL,101,ASHOKNAGAR,FEMALE,50.0,GENERAL,BJP,Lotus,69505,550,70055,32.32,257180.0,2,TANUJA CHAKRABORTY
WEST BENGAL,101,ASHOKNAGAR,MALE,57.0,GENERAL,RSSCMJP,Envelope,45386,409,45795,21.13,257180.0,3,TAPAS BANERJEE
WEST BENGAL,101,ASHOKNAGAR,,,,NOTA,NOTA,1604,7,1611,0.74,257180.0,4,NOTA
WEST BENGAL,101,ASHOKNAGAR,FEMALE,46.0,GENERAL,IND,Cauliflower,1551,5,1556,0.72,257180.0,5,TANUJA CHAKRABORTY
WEST BENGAL,101,ASHOKNAGAR,MALE,50.0,SC,GMM,Auto- Rickshaw,1269,9,1278,0.59,257180.0,6,ANGSHUMALI BARAI
WEST BENGAL,101,ASHOKNAGAR,MALE,62.0,SC,BSP,Elephant,1051,2,1053,0.49,257180.0,7,JAGADISH RAY
WEST BENGAL,101,ASHOKNAGAR,MALE,62.0,SC,IND,Apple,1045,5,1050,0.48,257180.0,8,DR. SUMAY HIRA
WEST BENGAL,101,ASHOKNAGAR,MALE,53.0,SC,SUCI,Battery torch,737,2,739,0.34,257180.0,9,TARAK RAJAK DAS
TURN OUT,,,,,TOTAL:,,,214721,2003,216724,84.27,,,
WEST BENGAL,102,AMDANGA,MALE,60.0,GENERAL,AITC,Flowers and Grass,88689,246,88935,42.0,242462.0,1,RAFIQUR RAHAMAN
WEST BENGAL,102,AMDANGA,MALE,62.0,GENERAL,BJP,Lotus,63238,217,63455,29.97,242462.0,2,JOYDEV MANNA
WEST BENGAL,102,AMDANGA,MALE,48.0,GENERAL,RSSCMJP,Envelope,50797,108,50905,24.04,242462.0,3,JAMAL UDDIN
WEST BENGAL,102,AMDANGA,,,,NOTA,NOTA,2314,10,2324,1.1,242462.0,4,NOTA
WEST BENGAL,102,AMDANGA,MALE,54.0,GENERAL,IND,Tractor Chalata Kisan,1738,0,1738,0.82,242462.0,5,RANJIT SANTRA
WEST BENGAL,102,AMDANGA,MALE,34.0,GENERAL,IND,Ganna Kisan,1289,1,1290,0.61,242462.0,6,MAFID MONDAL
WEST BENGAL,102,AMDANGA,MALE,46.0,GENERAL,BSP,Elephant,1036,2,1038,0.49,242462.0,7,SHAFIQUE ALI
WEST BENGAL,102,AMDANGA,MALE,32.0,GENERAL,UTSAP,Boat with Man and Sail,968,0,968,0.46,242462.0,8,SAHAJAN ALI
WEST BENGAL,102,AMDANGA,MALE,45.0,GENERAL,SUCI,Battery torch,567,4,571,0.27,242462.0,9,GOUTAM BISWAS
WEST BENGAL,102,AMDANGA,MALE,48.0,SC,LJP,Bungalow,518,0,518,0.24,242462.0,10,HARI PADA BISWAS
TURN OUT,,,,,TOTAL:,,,211154,588,211742,87.33,,,
WEST BENGAL,103,BIJPUR,MALE,48.0,GENERAL,AITC,Flowers and Grass,65954,671,66625,47.9,192316.0,1,SUBODH ADHIKARY
WEST BENGAL,103,BIJPUR,MALE,38.0,GENERAL,BJP,Lotus,52873,405,53278,38.3,192316.0,2,SUBHRANSHU ROY
WEST BENGAL,103,BIJPUR,MALE,46.0,GENERAL,CPI(M),"Hammer, Sickle and Star",14267,223,14490,10.42,192316.0,3,SUKANTA RAKSHIT (BABIN)
WEST BENGAL,103,BIJPUR,MALE,69.0,GENERAL,SUCI,Battery torch,1534,8,1542,1.11,192316.0,4,KALIPADA DEBNATH
WEST BENGAL,103,BIJPUR,,,,NOTA,NOTA,1222,5,1227,0.88,192316.0,5,NOTA
WEST BENGAL,103,BIJPUR,MALE,68.0,SC,BSP,Elephant,871,7,878,0.63,192316.0,6,ARJUN KRISHNA BARAI
WEST BENGAL,103,BIJPUR,MALE,47.0,GENERAL,IND,Cauliflower,651,9,660,0.47,192316.0,7,SUDHANSU SAHA
WEST BENGAL,103,BIJPUR,MALE,36.0,GENERAL,IND,Apple,391,5,396,0.28,192316.0,8,AVIJIT BISWAS
TURN OUT,,,,,TOTAL:,,,137763,1333,139096,72.33,,,
WEST BENGAL,104,NAIHATI,MALE,57.0,GENERAL,AITC,Flowers and Grass,76925,828,77753,49.69,193930.0,1,PARTHA BHOWMICK
WEST BENGAL,104,NAIHATI,FEMALE,46.0,GENERAL,BJP,Lotus,58481,417,58898,37.64,193930.0,2,PHALGUNI PATRA
WEST BENGAL,104,NAIHATI,FEMALE,43.0,GENERAL,CPI(M),"Hammer, Sickle and Star",15598,227,15825,10.11,193930.0,3,INDRANI KUNDU MUKHERJEE
WEST BENGAL,104,NAIHATI,,,,NOTA,NOTA,1689,12,1701,1.09,193930.0,4,NOTA
WEST BENGAL,104,NAIHATI,MALE,30.0,GENERAL,IND,Ganna Kisan,1373,5,1378,0.88,193930.0,5,KANAI DAS
WEST BENGAL,104,NAIHATI,MALE,48.0,GENERAL,BSP,Elephant,906,7,913,0.58,193930.0,6,PABITRA ROY
TURN OUT,,,,,TOTAL:,,,154972,1496,156468,80.68,,,
WEST BENGAL,105,BHATPARA,MALE,33.0,GENERAL,BJP,Lotus,57050,194,57244,53.4,154037.0,1,PAWAN KUMAR SINGH
WEST BENGAL,105,BHATPARA,MALE,50.0,GENERAL,AITC,Flowers and Grass,43385,172,43557,40.63,154037.0,2,JITENDRA SHAW (JITU)
WEST BENGAL,105,BHATPARA,MALE,52.0,GENERAL,INC,Hand,2144,25,2169,2.02,154037.0,3,DHARMENDRA SHAW
WEST BENGAL,105,BHATPARA,,,,NOTA,NOTA,1146,14,1160,1.08,154037.0,4,NOTA
WEST BENGAL,105,BHATPARA,MALE,32.0,GENERAL,IND,BOX,743,1,744,0.69,154037.0,5,VINOD KISHOR VERMA
WEST BENGAL,105,BHATPARA,MALE,32.0,SC,BSP,Elephant,677,5,682,0.64,154037.0,6,AJAY KUMAR RAM
WEST BENGAL,105,BHATPARA,FEMALE,45.0,GENERAL,IND,Neck Tie,609,1,610,0.57,154037.0,7,SABARI CHOWDHURY
WEST BENGAL,105,BHATPARA,MALE,55.0,GENERAL,SUCI,Battery torch,590,2,592,0.55,154037.0,8,PARTHA BHATTACHARYYA
WEST BENGAL,105,BHATPARA,MALE,26.0,GENERAL,IND,Batsman,248,0,248,0.23,154037.0,9,MUNEEL KUMAR RAJAK
WEST BENGAL,105,BHATPARA,MALE,43.0,SC,IND,Gas Cylinder,190,1,191,0.18,154037.0,10,UDAY VEER CHOUDHURY
TURN OUT,,,,,TOTAL:,,,106782,415,107197,69.59,,,
WEST BENGAL,106,JAGATDAL,MALE,50.0,GENERAL,AITC,Flowers and Grass,86266,764,87030,48.01,233871.0,1,SOMENATH SHYAM ICHINI
WEST BENGAL,106,JAGATDAL,MALE,41.0,GENERAL,BJP,Lotus,68221,445,68666,37.88,233871.0,2,ARINDAM BHATTACHARYA
WEST BENGAL,106,JAGATDAL,MALE,64.0,GENERAL,AIFB,Lion,16555,193,16748,9.24,233871.0,3,NEMAI SAHA
WEST BENGAL,106,JAGATDAL,,,,NOTA,NOTA,2558,10,2568,1.42,233871.0,4,NOTA
WEST BENGAL,106,JAGATDAL,MALE,44.0,GENERAL,IND,Table,1514,8,1522,0.84,233871.0,5,SUVAMAY PAN
WEST BENGAL,106,JAGATDAL,MALE,54.0,SC,BSP,Elephant,899,9,908,0.5,233871.0,6,KRISHNA CHANDRA SARKAR
WEST BENGAL,106,JAGATDAL,MALE,51.0,GENERAL,IND,Ganna Kisan,868,7,875,0.48,233871.0,7,SOMNATH SARKAR
WEST BENGAL,106,JAGATDAL,MALE,74.0,GENERAL,SUCI,Battery Torch,800,7,807,0.45,233871.0,8,RATANMOHAN LASKAR
WEST BENGAL,106,JAGATDAL,MALE,26.0,GENERAL,IND,Telephone,567,2,569,0.31,233871.0,9,SURAJ TIWARI
WEST BENGAL,106,JAGATDAL,MALE,36.0,GENERAL,IND,Laptop,452,2,454,0.25,233871.0,10,RAJA ANSARI
WEST BENGAL,106,JAGATDAL,MALE,41.0,GENERAL,IND,DIAMOND,443,1,444,0.24,233871.0,11,DEBASISH BHATTACHARJEE
WEST BENGAL,106,JAGATDAL,MALE,56.0,SC,IND,Auto- Rickshaw,436,0,436,0.24,233871.0,12,AJAY MAJUMDAR
WEST BENGAL,106,JAGATDAL,MALE,53.0,GENERAL,RSPI,Gas Cylinder,259,1,260,0.14,233871.0,13,BRAHMDEO GUPTA
TURN OUT,,,,,TOTAL:,,,179838,1449,181287,77.52,,,
WEST BENGAL,107,NOAPARA,FEMALE,68.0,GENERAL,AITC,Flowers and Grass,93515,688,94203,48.9,262153.0,1,MANJU BASU
WEST BENGAL,107,NOAPARA,MALE,54.0,GENERAL,BJP,Lotus,67098,395,67493,35.04,262153.0,2,SUNIL SINGH
WEST BENGAL,107,NOAPARA,MALE,61.0,GENERAL,INC,Hand,23210,292,23502,12.2,262153.0,3,SUBHANKAR SARKAR
WEST BENGAL,107,NOAPARA,,,,NOTA,NOTA,2873,13,2886,1.5,262153.0,4,NOTA
WEST BENGAL,107,NOAPARA,MALE,59.0,SC,BSP,Elephant,1289,16,1305,0.68,262153.0,5,RAJENDRA CHOUDHARY
WEST BENGAL,107,NOAPARA,MALE,55.0,GENERAL,IND,Auto- Rickshaw,857,0,857,0.44,262153.0,6,RABISHANKAR PAUL
WEST BENGAL,107,NOAPARA,MALE,42.0,SC,GMM,Boat with Man and Sail,657,4,661,0.34,262153.0,7,RANJIT BISWAS
WEST BENGAL,107,NOAPARA,MALE,34.0,GENERAL,IND,Football,613,9,622,0.32,262153.0,8,RABINDRA NATH BISWAS
WEST BENGAL,107,NOAPARA,MALE,67.0,GENERAL,IND,Helicopter,513,6,519,0.27,262153.0,9,SWAPAN KUMAR DEBNATH
WEST BENGAL,107,NOAPARA,MALE,40.0,GENERAL,IND,Battery Torch,306,3,309,0.16,262153.0,10,ANAND PANDEY
WEST BENGAL,107,NOAPARA,MALE,33.0,GENERAL,IND,Gas Cylinder,276,1,277,0.14,262153.0,11,AMIT KUMAR SHAW
TURN OUT,,,,,TOTAL:,,,191207,1427,192634,73.48,,,
WEST BENGAL,108,BARRACKPUR,MALE,46.0,GENERAL,AITC,Flowers and Grass,68441,446,68887,46.47,215356.0,1,RAJU CHAKRABORTY (RAJ)
WEST BENGAL,108,BARRACKPUR,MALE,64.0,GENERAL,BJP,Lotus,59255,410,59665,40.25,215356.0,2,CHANDRAMANI SHUKLA
WEST BENGAL,108,BARRACKPUR,MALE,60.0,GENERAL,CPI(M),"Hammer, Sickle and Star",15932,213,16145,10.89,215356.0,3,DEBASISH BHOWMICK
WEST BENGAL,108,BARRACKPUR,,,,NOTA,NOTA,1923,7,1930,1.3,215356.0,4,NOTA
WEST BENGAL,108,BARRACKPUR,MALE,50.0,SC,BSP,Elephant,955,15,970,0.65,215356.0,5,TAPASH SARKAR
WEST BENGAL,108,BARRACKPUR,MALE,43.0,GENERAL,IND,Syringe,650,2,652,0.44,215356.0,6,KUMAR BISHAL YADAB
TURN OUT,,,,,TOTAL:,,,147156,1093,148249,68.84,,,
WEST BENGAL,109,KHARDAHA,MALE,59.0,GENERAL,AITC,Flowers and Grass,89413,394,89807,49.04,232619.0,1,KAJAL SINHA
WEST BENGAL,109,KHARDAHA,MALE,62.0,GENERAL,BJP,Lotus,61372,295,61667,33.67,232619.0,2,SILBHADRA DATTA
WEST BENGAL,109,KHARDAHA,MALE,37.0,GENERAL,CPI(M),"Hammer, Sickle and Star",26730,186,26916,14.7,232619.0,3,DEBAJYOTI DAS (SUBHO)
WEST BENGAL,109,KHARDAHA,,,,NOTA,NOTA,2407,8,2415,1.32,232619.0,4,NOTA
WEST BENGAL,109,KHARDAHA,MALE,36.0,SC,BSP,Elephant,1091,6,1097,0.6,232619.0,5,SAMAR DAS
WEST BENGAL,109,KHARDAHA,MALE,33.0,SC,IND,Sitar,636,1,637,0.35,232619.0,6,BISWAJIT DAS
WEST BENGAL,109,KHARDAHA,MALE,40.0,GENERAL,IND,Baby Walker,605,3,608,0.33,232619.0,7,RAJU GHOSH
TURN OUT,,,,,TOTAL:,,,182254,893,183147,78.73,,,
WEST BENGAL,110,DUM DUM UTTAR,FEMALE,66.0,GENERAL,AITC,Flowers and Grass,95078,387,95465,44.79,273015.0,1,CHANDRIMA BHATTACHARYA
WEST BENGAL,110,DUM DUM UTTAR,FEMALE,60.0,SC,BJP,Lotus,66739,227,66966,31.42,273015.0,2,DR. ARCHANA MAJUMDAR
WEST BENGAL,110,DUM DUM UTTAR,MALE,63.0,GENERAL,CPI(M),"Hammer, Sickle and Star",45462,266,45728,21.45,273015.0,3,TANMOY BHATTACHARYA
WEST BENGAL,110,DUM DUM UTTAR,,,,NOTA,NOTA,2107,4,2111,0.99,273015.0,4,NOTA
WEST BENGAL,110,DUM DUM UTTAR,MALE,43.0,GENERAL,BNARP,Ganna Kisan,1223,6,1229,0.58,273015.0,5,SUNIL SINGH
WEST BENGAL,110,DUM DUM UTTAR,FEMALE,53.0,SC,BSP,Elephant,996,9,1005,0.47,273015.0,6,SOVA HOWLADER
WEST BENGAL,110,DUM DUM UTTAR,MALE,49.0,SC,DSPI,Football,642,3,645,0.3,273015.0,7,SANTANU MANDAL
TURN OUT,,,,,TOTAL:,,,212247,902,213149,78.07,,,
WEST BENGAL,111,PANIHATI,MALE,72.0,GENERAL,AITC,Flowers and Grass,85994,501,86495,49.61,230748.0,1,NIRMAL GHOSH
WEST BENGAL,111,PANIHATI,MALE,59.0,GENERAL,BJP,Lotus,60987,331,61318,35.17,230748.0,2,SANMOY BANDYOPADHYAY
WEST BENGAL,111,PANIHATI,MALE,58.0,GENERAL,INC,Hand,21002,167,21169,12.14,230748.0,3,TAPAS MAJUMDER
WEST BENGAL,111,PANIHATI,,,,NOTA,NOTA,2326,8,2334,1.34,230748.0,4,NOTA
WEST BENGAL,111,PANIHATI,MALE,40.0,SC,BSP,Elephant,1320,6,1326,0.76,230748.0,5,BHASKAR ROY
WEST BENGAL,111,PANIHATI,FEMALE,58.0,GENERAL,SUCI,Battery torch,878,9,887,0.51,230748.0,6,MANISHA DASGUPTA
WEST BENGAL,111,PANIHATI,MALE,40.0,GENERAL,IND,Football,827,0,827,0.47,230748.0,7,IMRAN KHAN
TURN OUT,,,,,TOTAL:,,,173334,1022,174356,75.56,,,
WEST BENGAL,112,KAMARHATI,MALE,66.0,GENERAL,AITC,Flowers and Grass,73491,354,73845,51.17,197103.0,1,MADAN MITRA
WEST BENGAL,112,KAMARHATI,MALE,51.0,GENERAL,BJP,Lotus,38235,202,38437,26.64,197103.0,2,ANINDYA BANERJEE
WEST BENGAL,112,KAMARHATI,MALE,40.0,GENERAL,CPI(M),"Hammer, Sickle and Star",28138,172,28310,19.62,197103.0,3,SAYANDEEP MITRA
WEST BENGAL,112,KAMARHATI,,,,NOTA,NOTA,1546,7,1553,1.08,197103.0,4,NOTA
WEST BENGAL,112,KAMARHATI,MALE,59.0,GENERAL,IND,Letter Box,823,5,828,0.57,197103.0,5,SATYA BRATA BANDYOPADHYAY
WEST BENGAL,112,KAMARHATI,FEMALE,30.0,GENERAL,PDS,Football,488,0,488,0.34,197103.0,6,BIDISHA ROYCHOWDHURY
WEST BENGAL,112,KAMARHATI,MALE,39.0,GENERAL,IND,Batsman,335,3,338,0.23,197103.0,7,SANJIB PANDIT
WEST BENGAL,112,KAMARHATI,MALE,35.0,GENERAL,IND,Bat,186,2,188,0.13,197103.0,8,ANINDA BANERJEE
WEST BENGAL,112,KAMARHATI,MALE,43.0,GENERAL,IND,Plate Containing Food,174,4,178,0.12,197103.0,9,KAPIL CHANDRA GHOSH
WEST BENGAL,112,KAMARHATI,MALE,36.0,GENERAL,JASP,COMPUTER,145,0,145,0.1,197103.0,10,RAJESH SAH
TURN OUT,,,,,TOTAL:,,,143561,749,144310,73.22,,,
WEST BENGAL,113,BARANAGAR,MALE,65.0,GENERAL,AITC,Flowers and Grass,84756,859,85615,53.42,217774.0,1,TAPAS ROY
WEST BENGAL,113,BARANAGAR,FEMALE,35.0,GENERAL,BJP,Lotus,50155,313,50468,31.49,217774.0,2,PARNO MITTRA
WEST BENGAL,113,BARANAGAR,MALE,54.0,GENERAL,INC,Hand,19883,252,20135,12.56,217774.0,3,AMAL KUMAR MUKHOPADHYAY
WEST BENGAL,113,BARANAGAR,,,,NOTA,NOTA,2365,13,2378,1.48,217774.0,4,NOTA
WEST BENGAL,113,BARANAGAR,MALE,51.0,GENERAL,IND,Binoculars,628,2,630,0.39,217774.0,5,SUBRATA DE
WEST BENGAL,113,BARANAGAR,MALE,38.0,GENERAL,NRPI,FLUTE,535,3,538,0.34,217774.0,6,SURAJIT GHOSH
WEST BENGAL,113,BARANAGAR,MALE,64.0,GENERAL,IND,Hat,491,4,495,0.31,217774.0,7,SHYAMAL CK
TURN OUT,,,,,TOTAL:,,,158813,1446,160259,73.59,,,
WEST BENGAL,114,DUM DUM,MALE,52.0,GENERAL,AITC,Flowers and Grass,87543,456,87999,47.48,247858.0,1,BRATYA BASU
WEST BENGAL,114,DUM DUM,MALE,59.0,GENERAL,BJP,Lotus,61038,230,61268,33.06,247858.0,2,BIMALSHANKAR NANDA
WEST BENGAL,114,DUM DUM,MALE,52.0,GENERAL,CPI(M),"Hammer, Sickle and Star",30520,133,30653,16.54,247858.0,3,PALASH DAS
WEST BENGAL,114,DUM DUM,,,,NOTA,NOTA,2035,4,2039,1.1,247858.0,4,NOTA
WEST BENGAL,114,DUM DUM,MALE,54.0,SC,BSP,Elephant,975,5,980,0.53,247858.0,5,SUBRATA KR. MAJUMDER
WEST BENGAL,114,DUM DUM,FEMALE,37.0,GENERAL,IND,Hour Glass,771,3,774,0.42,247858.0,6,RUPA SARKAR
WEST BENGAL,114,DUM DUM,MALE,36.0,GENERAL,BNARP,Ganna Kisan,737,2,739,0.4,247858.0,7,RANA PAL CHOUDHURY
WEST BENGAL,114,DUM DUM,MALE,40.0,GENERAL,IND,DIAMOND,462,2,464,0.25,247858.0,8,SHREE RAJU GHOSH
WEST BENGAL,114,DUM DUM,MALE,54.0,GENERAL,IND,Bat,417,1,418,0.23,247858.0,9,SUBRATA SEN
TURN OUT,,,,,TOTAL:,,,184498,836,185334,74.77,,,
WEST BENGAL,115,RAJARHAT NEW TOWN,MALE,59.0,GENERAL,AITC,Flowers and Grass,126945,429,127374,54.22,289075.0,1,TAPASH CHATTERJEE
WEST BENGAL,115,RAJARHAT NEW TOWN,MALE,49.0,GENERAL,BJP,Lotus,70658,284,70942,30.2,289075.0,2,BHASKAR ROY S/O - DULAL ROY
WEST BENGAL,115,RAJARHAT NEW TOWN,MALE,33.0,GENERAL,CPI(M),"Hammer, Sickle and Star",31419,124,31543,13.43,289075.0,3,SAPTARSHI DEB
WEST BENGAL,115,RAJARHAT NEW TOWN,,,,NOTA,NOTA,2028,4,2032,0.87,289075.0,4,NOTA
WEST BENGAL,115,RAJARHAT NEW TOWN,MALE,26.0,GENERAL,IND,Fountain,1310,3,1313,0.56,289075.0,5,SUBHENDU GHOSH
WEST BENGAL,115,RAJARHAT NEW TOWN,MALE,40.0,SC,BSP,Elephant,1127,10,1137,0.48,289075.0,6,BHASKAR ROY S/O - KRISHNA KANTA ROY
WEST BENGAL,115,RAJARHAT NEW TOWN,MALE,52.0,GENERAL,IND,CHESS BOARD,563,2,565,0.24,289075.0,7,SUBIR SAMADDAR
TURN OUT,,,,,TOTAL:,,,234050,856,234906,81.26,,,
WEST BENGAL,116,BIDHANNAGAR,MALE,58.0,GENERAL,AITC,Flowers and Grass,75306,606,75912,46.85,243360.0,1,SUJIT BOSE S/O - LATE AJIT BOSE
WEST BENGAL,116,BIDHANNAGAR,MALE,54.0,GENERAL,BJP,Lotus,67548,367,67915,41.91,243360.0,2,SABYA SACHI DUTTA S/O - LATE GOURI SANKAR DUTTA
WEST BENGAL,116,BIDHANNAGAR,MALE,39.0,GENERAL,INC,Hand,12664,157,12821,7.91,243360.0,3,ABHISEK BANERJEE
WEST BENGAL,116,BIDHANNAGAR,,,,NOTA,NOTA,2198,15,2213,1.37,243360.0,4,NOTA
WEST BENGAL,116,BIDHANNAGAR,MALE,51.0,GENERAL,IND,Saw,643,4,647,0.4,243360.0,5,SAMIR SARDAR
WEST BENGAL,116,BIDHANNAGAR,FEMALE,61.0,SC,BSP,Elephant,604,7,611,0.38,243360.0,6,SMRITI KANA HOWLADER
WEST BENGAL,116,BIDHANNAGAR,MALE,58.0,GENERAL,IND,Cauliflower,540,5,545,0.34,243360.0,7,SABYASACHI DUTTA S/O - LATE SHYAMAL DUTTA
WEST BENGAL,116,BIDHANNAGAR,MALE,58.0,GENERAL,IND,Peas,485,11,496,0.31,243360.0,8,SUJIT BOSE S/O - LATE SAMIR BOSE
WEST BENGAL,116,BIDHANNAGAR,MALE,56.0,SC,IND,Almirah,453,1,454,0.28,243360.0,9,BIPLAB KUMAR HALDER
WEST BENGAL,116,BIDHANNAGAR,FEMALE,36.0,GENERAL,IND,Bread,417,4,421,0.26,243360.0,10,SUSOMA LOHO
TURN OUT,,,,,TOTAL:,,,160858,1177,162035,66.58,,,
WEST BENGAL,117,RAJARHAT GOPALPUR,FEMALE,32.0,GENERAL,AITC,Flowers and Grass,87219,431,87650,49.04,257447.0,1,ADITI MUNSHI
WEST BENGAL,117,RAJARHAT GOPALPUR,MALE,57.0,GENERAL,BJP,Lotus,62092,262,62354,34.89,257447.0,2,SAMIK BHATTACHARYA
WEST BENGAL,117,RAJARHAT GOPALPUR,MALE,54.0,GENERAL,CPI(M),"Hammer, Sickle and Star",24333,178,24511,13.71,257447.0,3,SUBHAJIT DASGUPTA
WEST BENGAL,117,RAJARHAT GOPALPUR,,,,NOTA,NOTA,2251,7,2258,1.26,257447.0,4,NOTA
WEST BENGAL,117,RAJARHAT GOPALPUR,MALE,52.0,GENERAL,SUCI,Battery Torch,454,1,455,0.25,257447.0,5,JAGANMOY KARMAKAR
WEST BENGAL,117,RAJARHAT GOPALPUR,FEMALE,48.0,GENERAL,BNARP,Ganna Kisan,365,5,370,0.21,257447.0,6,RINA DEY
WEST BENGAL,117,RAJARHAT GOPALPUR,MALE,30.0,GENERAL,IND,Fountain,324,0,324,0.18,257447.0,7,LALU NEYE
WEST BENGAL,117,RAJARHAT GOPALPUR,MALE,40.0,GENERAL,IND,DIAMOND,279,1,280,0.16,257447.0,8,MD. JAVED
WEST BENGAL,117,RAJARHAT GOPALPUR,MALE,56.0,SC,IND,Bat,149,1,150,0.08,257447.0,9,DR. NITAI CHANDRA ROY
WEST BENGAL,117,RAJARHAT GOPALPUR,MALE,36.0,GENERAL,IND,Harmonium,101,1,102,0.06,257447.0,10,GOPAL MONDAL
WEST BENGAL,117,RAJARHAT GOPALPUR,MALE,41.0,SC,IND,Camera,94,1,95,0.05,257447.0,11,APURBA MONDAL
WEST BENGAL,117,RAJARHAT GOPALPUR,MALE,47.0,GENERAL,IND,Balloon,90,0,90,0.05,257447.0,12,AMITAVA BASU
WEST BENGAL,117,RAJARHAT GOPALPUR,FEMALE,26.0,SC,IND,Apple,82,2,84,0.05,257447.0,13,INDRANI HALDER
TURN OUT,,,,,TOTAL:,,,177833,890,178723,69.42,,,
WEST BENGAL,118,MADHYAMGRAM,MALE,63.0,GENERAL,AITC,Flowers and Grass,111610,1131,112741,48.93,272397.0,1,RATHIN GHOSH
WEST BENGAL,118,MADHYAMGRAM,FEMALE,34.0,SC,BJP,Lotus,64193,422,64615,28.04,272397.0,2,RAJASREE RAJBANSHI
WEST BENGAL,118,MADHYAMGRAM,MALE,39.0,GENERAL,RSSCMJP,Envelope,46461,287,46748,20.29,272397.0,3,BISWAJIT MAITY
WEST BENGAL,118,MADHYAMGRAM,,,,NOTA,NOTA,3137,15,3152,1.37,272397.0,4,NOTA
WEST BENGAL,118,MADHYAMGRAM,MALE,38.0,GENERAL,BSP,Elephant,1652,15,1667,0.72,272397.0,5,HIMANGSHU MONDAL
WEST BENGAL,118,MADHYAMGRAM,MALE,33.0,GENERAL,IND,Apple,863,6,869,0.38,272397.0,6,SAIFUDDIN MONDAL
WEST BENGAL,118,MADHYAMGRAM,MALE,66.0,GENERAL,SUCI,Battery torch,624,15,639,0.28,272397.0,7,BIPLAB DUTTA
TURN OUT,,,,,TOTAL:,,,228540,1891,230431,84.59,,,
WEST BENGAL,119,BARASAT,MALE,70.0,GENERAL,AITC,Flowers and Grass,103956,475,104431,46.27,279592.0,1,CHIRANJEET CHAKRABARTI
WEST BENGAL,119,BARASAT,MALE,55.0,GENERAL,BJP,Lotus,80189,459,80648,35.73,279592.0,2,SANKAR CHATTERJEE
WEST BENGAL,119,BARASAT,MALE,49.0,GENERAL,AIFB,Lion,33933,238,34171,15.14,279592.0,3,SANJIB CHATTOPADHYAY
WEST BENGAL,119,BARASAT,,,,NOTA,NOTA,2678,10,2688,1.19,279592.0,4,NOTA
WEST BENGAL,119,BARASAT,MALE,69.0,SC,BSP,Elephant,934,6,940,0.42,279592.0,5,SUNIL CHANDRA ROY
WEST BENGAL,119,BARASAT,MALE,58.0,GENERAL,IND,Binoculars,765,2,767,0.34,279592.0,6,TARUN DHAR
WEST BENGAL,119,BARASAT,MALE,73.0,SC,AMB,Pen Nib with Seven Rays,568,8,576,0.26,279592.0,7,MOHAN LAL ADHIKARI
WEST BENGAL,119,BARASAT,MALE,31.0,GENERAL,IND,Batsman,565,7,572,0.25,279592.0,8,AMIT KUMAR CHAKRABORTY
WEST BENGAL,119,BARASAT,MALE,60.0,GENERAL,JASP,Dish Antenna,490,6,496,0.22,279592.0,9,SUDARSHAN DAS
WEST BENGAL,119,BARASAT,FEMALE,49.0,GENERAL,SUCI,Battery torch,415,3,418,0.19,279592.0,10,KSHAMA DEBNATH (PANDA)
TURN OUT,,,,,TOTAL:,,,224493,1214,225707,80.73,,,
WEST BENGAL,120,DEGANGA,FEMALE,51.0,GENERAL,AITC,Flowers and Grass,99686,419,100105,46.7,242652.0,1,RAHIMA MONDAL
WEST BENGAL,120,DEGANGA,MALE,25.0,GENERAL,RSSCMJP,Envelope,67454,114,67568,31.52,242652.0,2,KARIM ALI
WEST BENGAL,120,DEGANGA,FEMALE,36.0,GENERAL,BJP,Lotus,38308,138,38446,17.93,242652.0,3,DIPIKA CHATTARJEE
WEST BENGAL,120,DEGANGA,MALE,48.0,GENERAL,AIFB,Lion,2930,12,2942,1.37,242652.0,4,MD. HASANOOR JAMAN CHOWDHURY
WEST BENGAL,120,DEGANGA,,,,NOTA,NOTA,2098,2,2100,0.98,242652.0,5,NOTA
WEST BENGAL,120,DEGANGA,MALE,43.0,GENERAL,BSP,Elephant,1353,1,1354,0.63,242652.0,6,SATTAR ALI
WEST BENGAL,120,DEGANGA,MALE,45.0,GENERAL,WPOI,Gas Cylinder,1075,3,1078,0.5,242652.0,7,MD. RAFIKUL ISLAM
WEST BENGAL,120,DEGANGA,MALE,64.0,GENERAL,SUCI,Battery torch,787,0,787,0.37,242652.0,8,AJOY SADHUKHAN
TURN OUT,,,,,TOTAL:,,,213691,689,214380,88.35,,,
WEST BENGAL,121,HAROA,MALE,57.0,GENERAL,AITC,Flowers and Grass,129743,655,130398,57.34,259206.0,1,ISLAM SK NURUL (HAJI)
WEST BENGAL,121,HAROA,MALE,35.0,GENERAL,RSSCMJP,Envelope,49326,94,49420,21.73,259206.0,2,KUTUBUDDIN FATHE
WEST BENGAL,121,HAROA,MALE,30.0,SC,BJP,Lotus,38349,157,38506,16.93,259206.0,3,RAJENDRA SAHA (SOMU)
WEST BENGAL,121,HAROA,,,,NOTA,NOTA,2928,2,2930,1.29,259206.0,4,NOTA
WEST BENGAL,121,HAROA,MALE,42.0,GENERAL,IND,Carrom Board,2484,0,2484,1.09,259206.0,5,MD KUTUBUDDIN
WEST BENGAL,121,HAROA,MALE,26.0,GENERAL,UTSAP,Boat with Man and Sail,2395,6,2401,1.06,259206.0,6,AKHER ALI MOLLA
WEST BENGAL,121,HAROA,MALE,30.0,GENERAL,JSTDVPMTP,Battery torch,1254,2,1256,0.55,259206.0,7,ABUL KALAM
TURN OUT,,,,,TOTAL:,,,226479,916,227395,87.73,,,
WEST BENGAL,122,MINAKHAN,FEMALE,47.0,SC,AITC,Flowers and Grass,109471,347,109818,51.72,236528.0,1,USHA RANI MONDAL
WEST BENGAL,122,MINAKHAN,MALE,39.0,SC,BJP,Lotus,53839,149,53988,25.42,236528.0,2,JAYANTA MONDAL
WEST BENGAL,122,MINAKHAN,MALE,36.0,SC,CPI(M),"Hammer, Sickle and Star",44520,86,44606,21.01,236528.0,3,PRADYUT ROY
WEST BENGAL,122,MINAKHAN,,,,NOTA,NOTA,3937,3,3940,1.86,236528.0,4,NOTA
TURN OUT,,,,,TOTAL:,,,211767,585,212352,89.78,,,
WEST BENGAL,123,SANDESHKHALI,MALE,44.0,ST,AITC,Flowers and Grass,111970,480,112450,54.64,238633.0,1,SUKUMAR MAHATA
WEST BENGAL,123,SANDESHKHALI,MALE,43.0,ST,BJP,Lotus,72416,349,72765,35.36,238633.0,2,DR. BHASKAR SARDAR
WEST BENGAL,123,SANDESHKHALI,MALE,38.0,ST,RSSCMJP,Envelope,14340,47,14387,6.99,238633.0,3,BARUN MAHATO
WEST BENGAL,123,SANDESHKHALI,,,,NOTA,NOTA,2454,2,2456,1.19,238633.0,4,NOTA
WEST BENGAL,123,SANDESHKHALI,MALE,55.0,ST,IND,Hand Cart,1955,6,1961,0.95,238633.0,5,HARISH CHANDRA SARDAR
WEST BENGAL,123,SANDESHKHALI,MALE,50.0,ST,IND,Football,1058,5,1063,0.52,238633.0,6,SUBAL CHANDRA SARDAR
WEST BENGAL,123,SANDESHKHALI,MALE,46.0,ST,IND,Pineapple,702,3,705,0.34,238633.0,7,KHOKAN SARDAR
TURN OUT,,,,,TOTAL:,,,204895,892,205787,86.24,,,
WEST BENGAL,124,BASIRHAT DAKSHIN,MALE,40.0,GENERAL,AITC,Flowers and Grass,115378,495,115873,49.15,275934.0,1,DR. SAPTARSHI BANERJEE
WEST BENGAL,124,BASIRHAT DAKSHIN,MALE,51.0,GENERAL,BJP,Lotus,90646,759,91405,38.77,275934.0,2,TARAK NATH GHOSH
WEST BENGAL,124,BASIRHAT DAKSHIN,MALE,57.0,GENERAL,INC,Hand,22943,146,23089,9.79,275934.0,3,AMIT MAJUMDAR
WEST BENGAL,124,BASIRHAT DAKSHIN,,,,NOTA,NOTA,1680,9,1689,0.72,275934.0,4,NOTA
WEST BENGAL,124,BASIRHAT DAKSHIN,MALE,27.0,SC,BSP,Elephant,1465,5,1470,0.62,275934.0,5,DEBASHIS SARKAR
WEST BENGAL,124,BASIRHAT DAKSHIN,MALE,55.0,SC,SUCI,Saw,1342,5,1347,0.57,275934.0,6,AJAY KUMAR BAIN
WEST BENGAL,124,BASIRHAT DAKSHIN,MALE,34.0,GENERAL,JSTDVPMTP,Battery torch,859,5,864,0.37,275934.0,7,AKTAR RASUL BACHHU
TURN OUT,,,,,TOTAL:,,,234313,1424,235737,85.43,,,
WEST BENGAL,125,BASIRHAT UTTAR,MALE,61.0,GENERAL,AITC,Flowers and Grass,136617,599,137216,57.55,268034.0,1,RAFIKUL ISLAM MONDAL
WEST BENGAL,125,BASIRHAT UTTAR,MALE,35.0,GENERAL,RSSCMJP,Envelope,47739,126,47865,20.08,268034.0,2,MD BAIJID AMIN
WEST BENGAL,125,BASIRHAT UTTAR,MALE,65.0,SC,BJP,Lotus,47236,269,47505,19.92,268034.0,3,NARAYAN CHANDRA MONDAL
WEST BENGAL,125,BASIRHAT UTTAR,FEMALE,30.0,GENERAL,IND,COCONUT FARM,2009,5,2014,0.84,268034.0,4,TASLIMA KHATUN
WEST BENGAL,125,BASIRHAT UTTAR,,,,NOTA,NOTA,1946,6,1952,0.82,268034.0,5,NOTA
WEST BENGAL,125,BASIRHAT UTTAR,MALE,32.0,GENERAL,IND,Air Conditioner,1870,4,1874,0.79,268034.0,6,MD KASED ALI SARDAR
TURN OUT,,,,,TOTAL:,,,237417,1009,238426,88.95,,,
WEST BENGAL,126,HINGALGANJ,MALE,56.0,SC,AITC,Flowers and Grass,103666,1040,104706,53.78,228508.0,1,DEBES MANDAL
WEST BENGAL,126,HINGALGANJ,MALE,56.0,SC,BJP,Lotus,78962,828,79790,40.98,228508.0,2,NEMAI DAS
WEST BENGAL,126,HINGALGANJ,MALE,66.0,SC,CPI,Ears of Corn And Sickle,5922,86,6008,3.09,228508.0,3,RANJAN KUMAR MONDAL
WEST BENGAL,126,HINGALGANJ,,,,NOTA,NOTA,1734,2,1736,0.89,228508.0,4,NOTA
WEST BENGAL,126,HINGALGANJ,MALE,41.0,SC,IND,Hand Cart,1156,2,1158,0.59,228508.0,5,KRISHNA GAYEN
WEST BENGAL,126,HINGALGANJ,MALE,40.0,SC,BSP,Elephant,836,14,850,0.44,228508.0,6,NIRMAL MUDI
WEST BENGAL,126,HINGALGANJ,MALE,45.0,SC,JASP,Dish Antenna,431,2,433,0.22,228508.0,7,SANJIT MONDAL
TURN OUT,,,,,TOTAL:,,,192707,1974,194681,85.2,,,
WEST BENGAL,127,GOSABA,MALE,73.0,SC,AITC,Flowers and Grass,104758,965,105723,53.99,230348.0,1,JAYANTA NASKAR
WEST BENGAL,127,GOSABA,MALE,55.0,SC,BJP,Lotus,81515,499,82014,41.88,230348.0,2,BARUN PRAMANIK (CHITTA)
WEST BENGAL,127,GOSABA,MALE,58.0,SC,RSP,Spade & Stoker,4848,23,4871,2.49,230348.0,3,ANIL CHANDRA MONDAL
WEST BENGAL,127,GOSABA,MALE,46.0,SC,BSP,Elephant,1270,1,1271,0.65,230348.0,4,HARIPADA MANDAL
WEST BENGAL,127,GOSABA,,,,NOTA,NOTA,1013,4,1017,0.52,230348.0,5,NOTA
WEST BENGAL,127,GOSABA,MALE,50.0,SC,SUCI,Battery torch,910,2,912,0.47,230348.0,6,TAPAN MISTRI
TURN OUT,,,,,TOTAL:,,,194314,1494,195808,85.01,,,
WEST BENGAL,128,BASANTI,MALE,56.0,SC,AITC,Flowers and Grass,110508,945,111453,52.1,260681.0,1,SHYAMAL MONDAL
WEST BENGAL,128,BASANTI,MALE,54.0,SC,BJP,Lotus,60313,498,60811,28.43,260681.0,2,RAMESH MAJHI
WEST BENGAL,128,BASANTI,MALE,69.0,SC,RSP,Spade & Stoker,36489,199,36688,17.15,260681.0,3,SUBHAS NASKAR
WEST BENGAL,128,BASANTI,,,,NOTA,NOTA,1905,2,1907,0.89,260681.0,4,NOTA
WEST BENGAL,128,BASANTI,MALE,29.0,SC,IND,Hat,1631,4,1635,0.76,260681.0,5,BISWAJIT MONDAL
WEST BENGAL,128,BASANTI,MALE,35.0,SC,IND,Football,722,6,728,0.34,260681.0,6,DEBABRATA MONDAL
WEST BENGAL,128,BASANTI,MALE,72.0,SC,SUCI,Battery torch,685,3,688,0.32,260681.0,7,NIMAI CHANDRA MONDAL
TURN OUT,,,,,TOTAL:,,,212253,1657,213910,82.06,,,
WEST BENGAL,129,KULTALI,MALE,40.0,SC,AITC,Flowers and Grass,116581,657,117238,51.57,265561.0,1,GANESH CHANDRA MONDAL
WEST BENGAL,129,KULTALI,MALE,38.0,SC,BJP,Lotus,69719,342,70061,30.82,265561.0,2,MINTU HALDER
WEST BENGAL,129,KULTALI,MALE,66.0,SC,CPI(M),"Hammer, Sickle and Star",19926,84,20010,8.8,265561.0,3,RAM SANKAR HALDER
WEST BENGAL,129,KULTALI,MALE,66.0,SC,SUCI,Battery torch,15209,97,15306,6.73,265561.0,4,JAYKRISHNA HALDAR
WEST BENGAL,129,KULTALI,FEMALE,62.0,SC,BSP,Elephant,1427,5,1432,0.63,265561.0,5,KANAN BALA MONDAL
WEST BENGAL,129,KULTALI,,,,NOTA,NOTA,1045,3,1048,0.46,265561.0,6,NOTA
WEST BENGAL,129,KULTALI,MALE,31.0,SC,IND,Boat with Man and Sail,999,3,1002,0.44,265561.0,7,RATAN KUMAR NASKAR
WEST BENGAL,129,KULTALI,MALE,34.0,SC,BMUP,Cot,454,4,458,0.2,265561.0,8,KARTICK MONDAL
WEST BENGAL,129,KULTALI,MALE,48.0,SC,IND,BENCH,447,3,450,0.2,265561.0,9,GOBINDA MAJHI
WEST BENGAL,129,KULTALI,MALE,35.0,SC,LJP,Bungalow,345,1,346,0.15,265561.0,10,BABLU SANFUI
TURN OUT,,,,,TOTAL:,,,226152,1199,227351,85.61,,,
WEST BENGAL,130,PATHARPRATIMA,MALE,71.0,GENERAL,AITC,Flowers and Grass,119590,591,120181,51.85,263675.0,1,SAMIR KUMAR JANA
WEST BENGAL,130,PATHARPRATIMA,MALE,42.0,SC,BJP,Lotus,97704,343,98047,42.3,263675.0,2,ASIT KUMAR HALDAR
WEST BENGAL,130,PATHARPRATIMA,MALE,66.0,GENERAL,INC,Hand,10120,62,10182,4.39,263675.0,3,SHUKDEB BERA
WEST BENGAL,130,PATHARPRATIMA,MALE,54.0,GENERAL,SUCI,Battery torch,1654,10,1664,0.72,263675.0,4,NARAYAN HALDAR
WEST BENGAL,130,PATHARPRATIMA,,,,NOTA,NOTA,1213,1,1214,0.52,263675.0,5,NOTA
WEST BENGAL,130,PATHARPRATIMA,MALE,65.0,GENERAL,LKSAMYP,Glass Tumbler,495,3,498,0.21,263675.0,6,SRIDHAR CHANDRA BAGARI
TURN OUT,,,,,TOTAL:,,,230776,1010,231786,87.91,,,
WEST BENGAL,131,KAKDWIP,MALE,57.0,GENERAL,AITC,Flowers and Grass,113940,553,114493,52.14,247826.0,1,MANTURAM PAKHIRA
WEST BENGAL,131,KAKDWIP,MALE,51.0,GENERAL,BJP,Lotus,88926,265,89191,40.62,247826.0,2,DIPANKAR JANA
WEST BENGAL,131,KAKDWIP,MALE,26.0,GENERAL,INC,Hand,12208,26,12234,5.57,247826.0,3,INDRANIL ROUT
WEST BENGAL,131,KAKDWIP,FEMALE,55.0,GENERAL,BSP,Elephant,1628,2,1630,0.74,247826.0,4,PARBATI BHUNIA
WEST BENGAL,131,KAKDWIP,MALE,49.0,GENERAL,SUCI,Battery torch,1023,3,1026,0.47,247826.0,5,JHANTU MAITY
WEST BENGAL,131,KAKDWIP,,,,NOTA,NOTA,1018,5,1023,0.47,247826.0,6,NOTA
TURN OUT,,,,,TOTAL:,,,218743,854,219597,88.61,,,
WEST BENGAL,132,SAGAR,MALE,71.0,GENERAL,AITC,Flowers and Grass,127861,1139,129000,53.96,274715.0,1,BANKIM CHANDRA HAZRA
WEST BENGAL,132,SAGAR,MALE,51.0,GENERAL,BJP,Lotus,98496,658,99154,41.48,274715.0,2,KAMILA BIKASH
WEST BENGAL,132,SAGAR,MALE,44.0,GENERAL,CPI(M),"Hammer, Sickle and Star",9033,63,9096,3.8,274715.0,3,SK MUKLESUR RAHAMAN
WEST BENGAL,132,SAGAR,,,,NOTA,NOTA,1023,2,1025,0.43,274715.0,4,NOTA
WEST BENGAL,132,SAGAR,MALE,57.0,GENERAL,SUCI,Battery torch,787,5,792,0.33,274715.0,5,SWARAJ DAS
TURN OUT,,,,,TOTAL:,,,237200,1867,239067,87.02,,,
WEST BENGAL,133,KULPI,MALE,67.0,GENERAL,AITC,Flowers and Grass,96029,548,96577,50.01,220144.0,1,JOGARANJAN HALDER
WEST BENGAL,133,KULPI,MALE,48.0,GENERAL,BJP,Lotus,62405,354,62759,32.5,220144.0,2,PRANAB KUMAR MALLIK
WEST BENGAL,133,KULPI,MALE,53.0,GENERAL,RSSCMJP,Envelope,29880,81,29961,15.51,220144.0,3,SIRAJ UDDIN GAZI
WEST BENGAL,133,KULPI,,,,NOTA,NOTA,1683,2,1685,0.87,220144.0,4,NOTA
WEST BENGAL,133,KULPI,MALE,43.0,GENERAL,SUCI,Battery torch,1189,2,1191,0.62,220144.0,5,RANAJIT SINGHA
WEST BENGAL,133,KULPI,MALE,39.0,SC,IND,Helicopter,956,1,957,0.5,220144.0,6,MRINMAY MANDAL
TURN OUT,,,,,TOTAL:,,,192142,988,193130,87.73,,,
WEST BENGAL,134,RAIDIGHI,MALE,54.0,SC,AITC,Flowers and Grass,114651,1056,115707,48.47,273558.0,1,ALOKE JALDATA
WEST BENGAL,134,RAIDIGHI,MALE,54.0,GENERAL,BJP,Lotus,79602,537,80139,33.57,273558.0,2,SANTANU BAPULI
WEST BENGAL,134,RAIDIGHI,MALE,77.0,GENERAL,CPI(M),"Hammer, Sickle and Star",36689,242,36931,15.47,273558.0,3,KANTI GANGULY
WEST BENGAL,134,RAIDIGHI,MALE,71.0,SC,SUCI,Battery torch,2818,44,2862,1.2,273558.0,4,GUNASINDHU HALDAR
WEST BENGAL,134,RAIDIGHI,,,,NOTA,NOTA,1457,5,1462,0.61,273558.0,5,NOTA
WEST BENGAL,134,RAIDIGHI,MALE,43.0,SC,BSP,Elephant,793,2,795,0.33,273558.0,6,MINTU MISTRI
WEST BENGAL,134,RAIDIGHI,MALE,26.0,GENERAL,IND,Football,530,2,532,0.22,273558.0,7,SOUVIK BAPULI
WEST BENGAL,134,RAIDIGHI,MALE,37.0,SC,IND,Cauliflower,290,2,292,0.12,273558.0,8,BABLU HALDAR
TURN OUT,,,,,TOTAL:,,,236830,1890,238720,87.26,,,
WEST BENGAL,135,MANDIRBAZAR,MALE,45.0,SC,AITC,Flowers and Grass,95309,525,95834,48.04,229129.0,1,JOYDEB HALDER
WEST BENGAL,135,MANDIRBAZAR,MALE,51.0,SC,BJP,Lotus,72001,341,72342,36.26,229129.0,2,DILIP KUMAR JATUA
WEST BENGAL,135,MANDIRBAZAR,MALE,55.0,SC,RSSCMJP,Envelope,25334,63,25397,12.73,229129.0,3,SANCHAY KUMAR SARKAR
WEST BENGAL,135,MANDIRBAZAR,,,,NOTA,NOTA,1822,0,1822,0.91,229129.0,4,NOTA
WEST BENGAL,135,MANDIRBAZAR,MALE,58.0,SC,SUCI,Battery torch,1112,5,1117,0.56,229129.0,5,SISIR KUMAR MONDAL
WEST BENGAL,135,MANDIRBAZAR,MALE,45.0,SC,BSP,Elephant,858,2,860,0.43,229129.0,6,SOUMEN SARKAR
WEST BENGAL,135,MANDIRBAZAR,MALE,40.0,SC,IND,Football Player,807,1,808,0.41,229129.0,7,SUBESH KUMAR HALDER
WEST BENGAL,135,MANDIRBAZAR,MALE,34.0,SC,BMUP,Cot,439,2,441,0.22,229129.0,8,PARTHA HALDER
WEST BENGAL,135,MANDIRBAZAR,MALE,44.0,SC,IND,Football,317,2,319,0.16,229129.0,9,PABITRA HALDER
WEST BENGAL,135,MANDIRBAZAR,MALE,45.0,SC,IND,Pen Drive,311,1,312,0.16,229129.0,10,SANJAY HALDER
WEST BENGAL,135,MANDIRBAZAR,MALE,30.0,SC,RPI(A),Apple,236,2,238,0.12,229129.0,11,MONGAL NASKAR
TURN OUT,,,,,TOTAL:,,,198546,944,199490,87.06,,,
WEST BENGAL,136,JAYNAGAR,MALE,55.0,SC,AITC,Flowers and Grass,104527,425,104952,51.85,239968.0,1,BISWANATH DAS
WEST BENGAL,136,JAYNAGAR,MALE,54.0,SC,BJP,Lotus,65943,326,66269,32.74,239968.0,2,RABIN SARDAR
WEST BENGAL,136,JAYNAGAR,MALE,32.0,SC,CPI(M),"Hammer, Sickle and Star",17308,60,17368,8.58,239968.0,3,APURBA PRAMANIK (APU)
WEST BENGAL,136,JAYNAGAR,MALE,63.0,SC,SUCI,Battery torch,9354,69,9423,4.65,239968.0,4,TARUN KANTI NASKAR
WEST BENGAL,136,JAYNAGAR,MALE,42.0,SC,IND,Football,1433,2,1435,0.71,239968.0,5,SWAPAN KUMAR NASKAR
WEST BENGAL,136,JAYNAGAR,,,,NOTA,NOTA,1162,2,1164,0.58,239968.0,6,NOTA
WEST BENGAL,136,JAYNAGAR,MALE,66.0,SC,BSP,Elephant,809,2,811,0.4,239968.0,7,SANKAR DEB MONDAL
WEST BENGAL,136,JAYNAGAR,MALE,64.0,SC,BMUP,Cot,571,3,574,0.28,239968.0,8,MONOTOSH NASKAR
WEST BENGAL,136,JAYNAGAR,MALE,35.0,SC,LJP,Bungalow,245,3,248,0.12,239968.0,9,UTPAL MANDAL
WEST BENGAL,136,JAYNAGAR,MALE,35.0,SC,RPI(A),Apple,186,1,187,0.09,239968.0,10,AMITAV NASKAR
TURN OUT,,,,,TOTAL:,,,201538,893,202431,84.36,,,
WEST BENGAL,137,BARUIPUR PURBA,MALE,45.0,SC,AITC,Flowers and Grass,122337,906,123243,54.75,265091.0,1,BIVAS SARDAR (VOBO)
WEST BENGAL,137,BARUIPUR PURBA,MALE,46.0,SC,BJP,Lotus,73238,364,73602,32.7,265091.0,2,CHANDAN MONDAL
WEST BENGAL,137,BARUIPUR PURBA,MALE,49.0,SC,CPI(M),"Hammer, Sickle and Star",21365,102,21467,9.54,265091.0,3,SWAPAN NASKAR
WEST BENGAL,137,BARUIPUR PURBA,,,,NOTA,NOTA,1851,4,1855,0.82,265091.0,4,NOTA
WEST BENGAL,137,BARUIPUR PURBA,MALE,26.0,SC,IND,Clip,1624,3,1627,0.72,265091.0,5,SNEHASIS SAHA
WEST BENGAL,137,BARUIPUR PURBA,MALE,50.0,SC,SUCI,Battery torch,1513,12,1525,0.68,265091.0,6,JOYDEV NASKAR
WEST BENGAL,137,BARUIPUR PURBA,MALE,66.0,SC,BSP,Elephant,1389,4,1393,0.62,265091.0,7,SANKAR DEB MONDAL
WEST BENGAL,137,BARUIPUR PURBA,MALE,37.0,SC,IND,Bat,399,3,402,0.18,265091.0,8,CHINMAY NASKAR
TURN OUT,,,,,TOTAL:,,,223716,1398,225114,84.92,,,
WEST BENGAL,138,CANNING PASCHIM,MALE,43.0,SC,AITC,Flowers and Grass,110418,641,111059,50.86,257681.0,1,PARESH RAM DAS
WEST BENGAL,138,CANNING PASCHIM,MALE,60.0,SC,BJP,Lotus,75414,402,75816,34.72,257681.0,2,ARNAB ROY
WEST BENGAL,138,CANNING PASCHIM,MALE,63.0,SC,IND,Envelope,13378,12,13390,6.13,257681.0,3,MEGHNATH HALDER
WEST BENGAL,138,CANNING PASCHIM,MALE,62.0,SC,INC,Hand,11862,46,11908,5.45,257681.0,4,PROTAP CHANDRA MONDAL
WEST BENGAL,138,CANNING PASCHIM,,,,NOTA,NOTA,3026,6,3032,1.39,257681.0,5,NOTA
WEST BENGAL,138,CANNING PASCHIM,MALE,43.0,SC,SUCI,Battery torch,1948,15,1963,0.9,257681.0,6,NARAYAN NASKAR
WEST BENGAL,138,CANNING PASCHIM,FEMALE,45.0,SC,IND,CHAIN,753,6,759,0.35,257681.0,7,MAYA BAG
WEST BENGAL,138,CANNING PASCHIM,MALE,58.0,SC,IND,Bat,426,1,427,0.2,257681.0,8,GOPAL CHANDRA MANDAL
TURN OUT,,,,,TOTAL:,,,217225,1129,218354,84.74,,,
WEST BENGAL,139,CANNING PURBA,MALE,49.0,GENERAL,AITC,Flowers and Grass,121562,739,122301,52.54,262349.0,1,SAOKAT MOLLA
WEST BENGAL,139,CANNING PURBA,MALE,33.0,GENERAL,RSSCMJP,Envelope,69154,140,69294,29.77,262349.0,2,GAZI SHAHABUDDIN SIRAJI
WEST BENGAL,139,CANNING PURBA,MALE,37.0,SC,BJP,Lotus,34306,197,34503,14.82,262349.0,3,KALIPADA NASKAR
WEST BENGAL,139,CANNING PURBA,MALE,54.0,GENERAL,SUCI,Battery torch,2670,16,2686,1.15,262349.0,4,RAFIK AKUNJE
WEST BENGAL,139,CANNING PURBA,,,,NOTA,NOTA,2258,9,2267,0.97,262349.0,5,NOTA
WEST BENGAL,139,CANNING PURBA,MALE,36.0,GENERAL,IND,Bat,1708,7,1715,0.74,262349.0,6,AJAY HALDAR
TURN OUT,,,,,TOTAL:,,,231658,1108,232766,88.72,,,
WEST BENGAL,140,BARUIPUR PASCHIM,MALE,72.0,GENERAL,AITC,Flowers and Grass,120184,822,121006,57.27,253749.0,1,BIMAN BANERJEE
WEST BENGAL,140,BARUIPUR PASCHIM,MALE,52.0,GENERAL,BJP,Lotus,58774,322,59096,27.97,253749.0,2,DEBOPAM CHATTOPADHYAYA(BABU)
WEST BENGAL,140,BARUIPUR PASCHIM,MALE,39.0,GENERAL,CPI(M),"Hammer, Sickle and Star",25458,181,25639,12.13,253749.0,3,MD LAHEK ALI
WEST BENGAL,140,BARUIPUR PASCHIM,MALE,64.0,GENERAL,IND,Auto- Rickshaw,1766,3,1769,0.84,253749.0,4,RANESWAR DAS
WEST BENGAL,140,BARUIPUR PASCHIM,,,,NOTA,NOTA,1528,8,1536,0.73,253749.0,5,NOTA
WEST BENGAL,140,BARUIPUR PASCHIM,MALE,36.0,SC,BSP,Elephant,910,2,912,0.43,253749.0,6,AJIT BAUL
WEST BENGAL,140,BARUIPUR PASCHIM,MALE,40.0,SC,IND,Pineapple,550,1,551,0.26,253749.0,7,SUKUMAR NASKAR
WEST BENGAL,140,BARUIPUR PASCHIM,MALE,44.0,SC,IND,CAN,398,1,399,0.19,253749.0,8,MUKUL MONDAL
WEST BENGAL,140,BARUIPUR PASCHIM,MALE,53.0,GENERAL,IND,Apple,384,1,385,0.18,253749.0,9,ANANDA KUNDU
TURN OUT,,,,,TOTAL:,,,209952,1341,211293,83.27,,,
WEST BENGAL,141,MAGRAHAT PURBA,FEMALE,68.0,SC,AITC,Flowers and Grass,110331,614,110945,53.82,242530.0,1,NAMITA SAHA
WEST BENGAL,141,MAGRAHAT PURBA,MALE,41.0,SC,BJP,Lotus,56541,325,56866,27.58,242530.0,2,CHANDAN KUMAR NASKAR
WEST BENGAL,141,MAGRAHAT PURBA,MALE,42.0,SC,CPI(M),"Hammer, Sickle and Star",33665,157,33822,16.41,242530.0,3,CHANDAN SAHA
WEST BENGAL,141,MAGRAHAT PURBA,,,,NOTA,NOTA,1480,0,1480,0.72,242530.0,4,NOTA
WEST BENGAL,141,MAGRAHAT PURBA,MALE,43.0,SC,SUCI,Battery torch,1203,6,1209,0.59,242530.0,5,SANJAY MANDAL
WEST BENGAL,141,MAGRAHAT PURBA,MALE,46.0,SC,IND,Apple,935,4,939,0.46,242530.0,6,SUDIPTA SANFUI
WEST BENGAL,141,MAGRAHAT PURBA,MALE,62.0,SC,IND,BUCKET,457,2,459,0.22,242530.0,7,SOMNATH SARKAR
WEST BENGAL,141,MAGRAHAT PURBA,MALE,26.0,SC,IND,Pan,430,3,433,0.21,242530.0,8,BISWAJIT BISWAS
TURN OUT,,,,,TOTAL:,,,205042,1111,206153,85.0,,,
WEST BENGAL,142,MAGRAHAT PASCHIM,MALE,64.0,GENERAL,AITC,Flowers and Grass,95974,1032,97006,49.93,229437.0,1,GIAS UDDIN MOLLA
WEST BENGAL,142,MAGRAHAT PASCHIM,MALE,60.0,SC,BJP,Lotus,49696,369,50065,25.77,229437.0,2,DHURJATI SAHA (MANAS)
WEST BENGAL,142,MAGRAHAT PASCHIM,MALE,38.0,GENERAL,RSSCMJP,Envelope,40526,159,40685,20.94,229437.0,3,MAIDUL ISLAM MOLLA
WEST BENGAL,142,MAGRAHAT PASCHIM,,,,NOTA,NOTA,2280,6,2286,1.18,229437.0,4,NOTA
WEST BENGAL,142,MAGRAHAT PASCHIM,MALE,51.0,SC,IND,Almirah,914,6,920,0.47,229437.0,5,HABUL KUMAR MANDAL
WEST BENGAL,142,MAGRAHAT PASCHIM,MALE,35.0,SC,IND,Bat,837,2,839,0.43,229437.0,6,SAMBHU NATH KANJI
WEST BENGAL,142,MAGRAHAT PASCHIM,MALE,68.0,GENERAL,SUCI,Battery torch,614,1,615,0.32,229437.0,7,AHAMMAD SARDAR
WEST BENGAL,142,MAGRAHAT PASCHIM,MALE,49.0,GENERAL,IND,Gas Cylinder,606,1,607,0.31,229437.0,8,SAMSUL HUDA LASKAR
WEST BENGAL,142,MAGRAHAT PASCHIM,MALE,34.0,GENERAL,IND,Football Player,528,10,538,0.28,229437.0,9,HAJI MURSID UDDIN SEKH
WEST BENGAL,142,MAGRAHAT PASCHIM,MALE,69.0,SC,PDS,Football,511,1,512,0.26,229437.0,10,HARAN BISWAS
WEST BENGAL,142,MAGRAHAT PASCHIM,MALE,35.0,SC,IND,Cake,206,3,209,0.11,229437.0,11,PALASH HALDER
TURN OUT,,,,,TOTAL:,,,192692,1590,194282,84.68,,,
WEST BENGAL,143,DIAMOND HARBOUR,MALE,70.0,GENERAL,AITC,Flowers and Grass,98032,446,98478,43.69,255132.0,1,PANNALAL HALDER
WEST BENGAL,143,DIAMOND HARBOUR,MALE,55.0,GENERAL,BJP,Lotus,81098,384,81482,36.15,255132.0,2,DIPAK KUMAR HALDER
WEST BENGAL,143,DIAMOND HARBOUR,MALE,30.0,GENERAL,CPI(M),"Hammer, Sickle and Star",38612,107,38719,17.18,255132.0,3,PRATIK UR RAHAMAN
WEST BENGAL,143,DIAMOND HARBOUR,MALE,42.0,GENERAL,IND,CAN,1585,0,1585,0.7,255132.0,4,SAFIULLA KHAN
WEST BENGAL,143,DIAMOND HARBOUR,,,,NOTA,NOTA,1446,3,1449,0.64,255132.0,5,NOTA
WEST BENGAL,143,DIAMOND HARBOUR,MALE,58.0,GENERAL,BSP,Elephant,1086,2,1088,0.48,255132.0,6,GOLAM ALI SEKH
WEST BENGAL,143,DIAMOND HARBOUR,MALE,57.0,GENERAL,IND,Tube light,800,0,800,0.35,255132.0,7,SWAPAN MONDAL
WEST BENGAL,143,DIAMOND HARBOUR,MALE,40.0,GENERAL,IND,Helicopter,750,4,754,0.33,255132.0,8,LATAB UDDIN MOLLA
WEST BENGAL,143,DIAMOND HARBOUR,FEMALE,37.0,GENERAL,SUCI,Battery torch,469,0,469,0.21,255132.0,9,MONARAMA HALDER
WEST BENGAL,143,DIAMOND HARBOUR,MALE,27.0,SC,IND,BUCKET,234,0,234,0.1,255132.0,10,BISWAJIT SARDAR
WEST BENGAL,143,DIAMOND HARBOUR,MALE,55.0,SC,RPI(A),Apple,174,0,174,0.08,255132.0,11,SACHINDRA NATH HALDER
WEST BENGAL,143,DIAMOND HARBOUR,MALE,32.0,SC,IND,Balloon,164,1,165,0.07,255132.0,12,KISHOR KUMAR MONDAL
TURN OUT,,,,,TOTAL:,,,224450,947,225397,88.35,,,
WEST BENGAL,144,FALTA,MALE,68.0,GENERAL,AITC,Flowers and Grass,116077,1102,117179,56.35,236768.0,1,SANKAR KUMAR NASKAR
WEST BENGAL,144,FALTA,MALE,40.0,SC,BJP,Lotus,76033,372,76405,36.75,236768.0,2,BIDHAN PARUI
WEST BENGAL,144,FALTA,MALE,59.0,GENERAL,INC,Hand,7413,39,7452,3.58,236768.0,3,ABDUR RAZZAK MOLLA
WEST BENGAL,144,FALTA,MALE,37.0,GENERAL,IND,Batsman,1674,3,1677,0.81,236768.0,4,M. RAQUIBUL HASAN MALLICK
WEST BENGAL,144,FALTA,,,,NOTA,NOTA,1180,5,1185,0.57,236768.0,5,NOTA
WEST BENGAL,144,FALTA,MALE,46.0,GENERAL,IND,Hat,1177,6,1183,0.57,236768.0,6,JULFIKAR SHAIK
WEST BENGAL,144,FALTA,MALE,34.0,SC,IND,DIAMOND,1019,7,1026,0.49,236768.0,7,SANTOSH SAMANTA
WEST BENGAL,144,FALTA,MALE,76.0,GENERAL,BSP,Elephant,772,4,776,0.37,236768.0,8,ATAL KUMAR PURKAIT
WEST BENGAL,144,FALTA,MALE,25.0,SC,IND,Iron,407,4,411,0.2,236768.0,9,SOMNATH MONDAL
WEST BENGAL,144,FALTA,MALE,39.0,GENERAL,IND,Cot,364,1,365,0.18,236768.0,10,MILAN DHUM
WEST BENGAL,144,FALTA,MALE,26.0,GENERAL,IND,Brick,272,1,273,0.13,236768.0,11,DEEPAK RAM
TURN OUT,,,,,TOTAL:,,,206388,1544,207932,87.82,,,
WEST BENGAL,145,SATGACHHIA,MALE,60.0,SC,AITC,Flowers and Grass,117974,661,118635,50.37,270193.0,1,MOHAN CHANDRA NASKAR
WEST BENGAL,145,SATGACHHIA,MALE,64.0,GENERAL,BJP,Lotus,94927,390,95317,40.47,270193.0,2,CHANDAN PAL
WEST BENGAL,145,SATGACHHIA,MALE,57.0,GENERAL,CPI(M),"Hammer, Sickle and Star",16134,86,16220,6.89,270193.0,3,GOUTAM PAL
WEST BENGAL,145,SATGACHHIA,MALE,61.0,GENERAL,SUCI,Battery torch,1622,3,1625,0.69,270193.0,4,SK RABIYAL
WEST BENGAL,145,SATGACHHIA,MALE,38.0,GENERAL,BSP,Elephant,1377,2,1379,0.59,270193.0,5,SANJAY KUMAR SAH
WEST BENGAL,145,SATGACHHIA,,,,NOTA,NOTA,1374,3,1377,0.58,270193.0,6,NOTA
WEST BENGAL,145,SATGACHHIA,MALE,53.0,GENERAL,IND,Football,990,3,993,0.42,270193.0,7,DEBAJYOTI BASU
TURN OUT,,,,,TOTAL:,,,234398,1148,235546,87.18,,,
WEST BENGAL,146,BISHNUPUR,MALE,54.0,SC,AITC,Flowers and Grass,135620,889,136509,57.46,278650.0,1,DILIP MONDAL
WEST BENGAL,146,BISHNUPUR,MALE,42.0,SC,BJP,Lotus,77379,298,77677,32.7,278650.0,2,AGNISWAR NASKAR
WEST BENGAL,146,BISHNUPUR,FEMALE,43.0,SC,CPI(M),"Hammer, Sickle and Star",17866,129,17995,7.57,278650.0,3,JHUMA KAYAL
WEST BENGAL,146,BISHNUPUR,MALE,44.0,SC,BSP,Elephant,2697,12,2709,1.14,278650.0,4,RABINDRANATH RANJAN
WEST BENGAL,146,BISHNUPUR,,,,NOTA,NOTA,1861,2,1863,0.78,278650.0,5,NOTA
WEST BENGAL,146,BISHNUPUR,MALE,39.0,SC,IND,Football,815,2,817,0.34,278650.0,6,UTTAM NASKAR
TURN OUT,,,,,TOTAL:,,,236238,1332,237570,85.26,,,
WEST BENGAL,147,SONARPUR DAKSHIN,FEMALE,30.0,GENERAL,AITC,Flowers and Grass,108408,814,109222,46.92,288263.0,1,ARUNDHUTI MAITRA (LOVELY)
WEST BENGAL,147,SONARPUR DAKSHIN,FEMALE,49.0,GENERAL,BJP,Lotus,82518,523,83041,35.67,288263.0,2,ANJANA BASU
WEST BENGAL,147,SONARPUR DAKSHIN,MALE,31.0,GENERAL,CPI,Ears of Corn And Sickle,31467,311,31778,13.65,288263.0,3,SHUVAM BANERJEE
WEST BENGAL,147,SONARPUR DAKSHIN,,,,NOTA,NOTA,2541,9,2550,1.1,288263.0,4,NOTA
WEST BENGAL,147,SONARPUR DAKSHIN,FEMALE,25.0,GENERAL,IND,Brick,1901,6,1907,0.82,288263.0,5,SHAMPA DAS
WEST BENGAL,147,SONARPUR DAKSHIN,MALE,61.0,SC,BSP,Elephant,1099,11,1110,0.48,288263.0,6,BIMAL KRISHNA MANDAL
WEST BENGAL,147,SONARPUR DAKSHIN,MALE,53.0,SC,IND,CCTV Camera,600,1,601,0.26,288263.0,7,DILIP KUMAR ROY
WEST BENGAL,147,SONARPUR DAKSHIN,MALE,36.0,GENERAL,IND,BOX,501,1,502,0.22,288263.0,8,RANGALAL BARIK
WEST BENGAL,147,SONARPUR DAKSHIN,MALE,55.0,SC,IND,Gas Cylinder,500,0,500,0.21,288263.0,9,PROVASH MONDAL
WEST BENGAL,147,SONARPUR DAKSHIN,MALE,63.0,SC,SUCI,Battery torch,436,5,441,0.19,288263.0,10,DIBAKAR HALDER
WEST BENGAL,147,SONARPUR DAKSHIN,FEMALE,30.0,GENERAL,RTORP,Pressure Cooker,369,3,372,0.16,288263.0,11,TRAYEE PRADHAN
WEST BENGAL,147,SONARPUR DAKSHIN,MALE,43.0,GENERAL,IND,Chappals,315,1,316,0.14,288263.0,12,UTTAM SAMUL
WEST BENGAL,147,SONARPUR DAKSHIN,MALE,55.0,SC,IND,Bat,194,1,195,0.08,288263.0,13,ARUN SARKAR
WEST BENGAL,147,SONARPUR DAKSHIN,MALE,36.0,GENERAL,AMB,CALCULATOR,144,2,146,0.06,288263.0,14,SANJAY ROY
WEST BENGAL,147,SONARPUR DAKSHIN,MALE,63.0,GENERAL,BMUP,Cot,124,2,126,0.05,288263.0,15,DEBASHIS RAKSHIT
TURN OUT,,,,,TOTAL:,,,231117,1690,232807,80.76,,,
WEST BENGAL,148,BHANGAR,MALE,28.0,GENERAL,RSSCMJP,Envelope,109063,174,109237,45.1,271897.0,1,MD. NAWSAD SIDDIQUE
WEST BENGAL,148,BHANGAR,MALE,56.0,GENERAL,AITC,Flowers and Grass,82850,236,83086,34.31,271897.0,2,KARIM REZAUL
WEST BENGAL,148,BHANGAR,FEMALE,29.0,GENERAL,BJP,Lotus,38636,90,38726,15.99,271897.0,3,SOUMI HATI
WEST BENGAL,148,BHANGAR,MALE,41.0,GENERAL,CPIM,Tractor Chalata Kisan,4925,5,4930,2.04,271897.0,4,MIRJA HASAN
WEST BENGAL,148,BHANGAR,,,,NOTA,NOTA,3243,0,3243,1.34,271897.0,5,NOTA
WEST BENGAL,148,BHANGAR,MALE,30.0,GENERAL,IND,Brick,1301,2,1303,0.54,271897.0,6,NOUSHAR ALI MOLLA
WEST BENGAL,148,BHANGAR,MALE,70.0,GENERAL,SUCI,Battery torch,933,4,937,0.39,271897.0,7,TAPAN GHOSH
WEST BENGAL,148,BHANGAR,MALE,28.0,GENERAL,IND,Cauliflower,720,3,723,0.3,271897.0,8,ISMAIL MOLLA
TURN OUT,,,,,TOTAL:,,,241671,514,242185,89.07,,,
WEST BENGAL,149,KASBA,MALE,64.0,GENERAL,AITC,Flowers and Grass,120957,415,121372,54.39,306266.0,1,AHMED JAVED KHAN
WEST BENGAL,149,KASBA,MALE,32.0,GENERAL,BJP,Lotus,57559,191,57750,25.88,306266.0,2,DR. INDRANIL KHAN
WEST BENGAL,149,KASBA,MALE,35.0,GENERAL,CPI(M),"Hammer, Sickle and Star",38971,209,39180,17.56,306266.0,3,SHATARUP GHOSH
WEST BENGAL,149,KASBA,,,,NOTA,NOTA,2465,11,2476,1.11,306266.0,4,NOTA
WEST BENGAL,149,KASBA,FEMALE,54.0,GENERAL,SUCI,Battery torch,671,2,673,0.3,306266.0,5,SHAMPA SARKAR
WEST BENGAL,149,KASBA,MALE,57.0,GENERAL,IND,Helicopter,502,1,503,0.23,306266.0,6,UMESH KR. SINGH
WEST BENGAL,149,KASBA,MALE,49.0,GENERAL,IND,Gas Stove,429,1,430,0.19,306266.0,7,TUSHAN MUKHERJEE
WEST BENGAL,149,KASBA,MALE,53.0,GENERAL,IND,DIAMOND,307,3,310,0.14,306266.0,8,INDRANIL MITRA
WEST BENGAL,149,KASBA,MALE,39.0,GENERAL,IND,Football,264,2,266,0.12,306266.0,9,GOUTAM DAS
WEST BENGAL,149,KASBA,MALE,53.0,GENERAL,IND,Whistle,194,0,194,0.09,306266.0,10,ARUNANSU KUMAR SARKAR
TURN OUT,,,,,TOTAL:,,,222319,835,223154,72.86,,,
WEST BENGAL,150,JADAVPUR,MALE,56.0,GENERAL,AITC,Flowers and Grass,97152,948,98100,45.54,299818.0,1,DEBABRATA MAJUMDAR (MALAY)
WEST BENGAL,150,JADAVPUR,MALE,62.0,GENERAL,CPI(M),"Hammer, Sickle and Star",58666,565,59231,27.5,299818.0,2,DR. SUJAN CHAKRABORTY
WEST BENGAL,150,JADAVPUR,FEMALE,36.0,GENERAL,BJP,Lotus,52795,344,53139,24.67,299818.0,3,RINKU NASKAR
WEST BENGAL,150,JADAVPUR,,,,NOTA,NOTA,2713,17,2730,1.27,299818.0,4,NOTA
WEST BENGAL,150,JADAVPUR,MALE,33.0,SC,BSP,Elephant,639,10,649,0.3,299818.0,5,SUJOY NASKAR
WEST BENGAL,150,JADAVPUR,FEMALE,26.0,GENERAL,IND,Letter Box,398,2,400,0.19,299818.0,6,MEGHA CHATTERJEE
WEST BENGAL,150,JADAVPUR,FEMALE,62.0,GENERAL,PDS,Football,380,5,385,0.18,299818.0,7,MONALISA GUPTA (DEBROY)
WEST BENGAL,150,JADAVPUR,MALE,26.0,SC,IND,Hour Glass,255,0,255,0.12,299818.0,8,MISTOO DAS
WEST BENGAL,150,JADAVPUR,MALE,67.0,GENERAL,IND,Boat with Man and Sail,225,4,229,0.11,299818.0,9,NRIPENDRA KRISHNA ROY
WEST BENGAL,150,JADAVPUR,MALE,26.0,SC,IND,BUCKET,106,4,110,0.05,299818.0,10,TANUJIT DAS
WEST BENGAL,150,JADAVPUR,MALE,32.0,GENERAL,IND,Brief Case,100,0,100,0.05,299818.0,11,ATANU CHATTERJEE
WEST BENGAL,150,JADAVPUR,MALE,54.0,GENERAL,IND,BOX,86,5,91,0.04,299818.0,12,ASHUTOSH DEY
TURN OUT,,,,,TOTAL:,,,213515,1904,215419,71.85,,,
WEST BENGAL,151,SONARPUR UTTAR,FEMALE,42.0,GENERAL,AITC,Flowers and Grass,119272,685,119957,49.88,300330.0,1,FIRDOUSI BEGUM
WEST BENGAL,151,SONARPUR UTTAR,MALE,38.0,SC,BJP,Lotus,83523,344,83867,34.87,300330.0,2,RANJAN BAIDYA
WEST BENGAL,151,SONARPUR UTTAR,FEMALE,39.0,GENERAL,CPI(M),"Hammer, Sickle and Star",29152,248,29400,12.22,300330.0,3,MONALISA SINHA
WEST BENGAL,151,SONARPUR UTTAR,,,,NOTA,NOTA,2105,9,2114,0.88,300330.0,4,NOTA
WEST BENGAL,151,SONARPUR UTTAR,MALE,62.0,GENERAL,IND,BELT,1520,1,1521,0.63,300330.0,5,SAMIR BHATTACHARYA
WEST BENGAL,151,SONARPUR UTTAR,MALE,36.0,SC,BSP,Elephant,1351,5,1356,0.56,300330.0,6,AJIT BAUL
WEST BENGAL,151,SONARPUR UTTAR,MALE,64.0,SC,IND,Cauliflower,990,3,993,0.41,300330.0,7,NEPAL CHANDRA NASKAR
WEST BENGAL,151,SONARPUR UTTAR,MALE,60.0,SC,IND,Water Melon,704,4,708,0.29,300330.0,8,DULAL DAS
WEST BENGAL,151,SONARPUR UTTAR,MALE,47.0,ST,IND,Bicycle Pump,576,3,579,0.24,300330.0,9,BINANDA SING
TURN OUT,,,,,TOTAL:,,,239193,1302,240495,80.08,,,
WEST BENGAL,152,TOLLYGANJ,MALE,57.0,GENERAL,AITC,Flowers and Grass,100491,949,101440,51.4,269713.0,1,AROOP BISWAS
WEST BENGAL,152,TOLLYGANJ,MALE,50.0,GENERAL,BJP,Lotus,51064,296,51360,26.02,269713.0,2,BABUL SUPRIYO
WEST BENGAL,152,TOLLYGANJ,MALE,49.0,GENERAL,CPI(M),"Hammer, Sickle and Star",40260,337,40597,20.57,269713.0,3,DEBDUT GHOSH
WEST BENGAL,152,TOLLYGANJ,,,,NOTA,NOTA,2297,13,2310,1.17,269713.0,4,NOTA
WEST BENGAL,152,TOLLYGANJ,MALE,45.0,GENERAL,SUCI,Battery torch,451,3,454,0.23,269713.0,5,DEBABRATA BERA
WEST BENGAL,152,TOLLYGANJ,MALE,40.0,GENERAL,IND,Brick,302,1,303,0.15,269713.0,6,SUDIPTA SOM
WEST BENGAL,152,TOLLYGANJ,MALE,66.0,GENERAL,IND,Pen Drive,195,0,195,0.1,269713.0,7,SAMAR KUMAR BISWAS
WEST BENGAL,152,TOLLYGANJ,MALE,29.0,GENERAL,IND,Bat,145,3,148,0.07,269713.0,8,SUBHODEEP DAS
WEST BENGAL,152,TOLLYGANJ,FEMALE,50.0,GENERAL,IND,CUBE,128,5,133,0.07,269713.0,9,ANINDITA BASU
WEST BENGAL,152,TOLLYGANJ,MALE,50.0,GENERAL,IND,COMPUTER,123,3,126,0.06,269713.0,10,RAJ KUMAR MISHRA
WEST BENGAL,152,TOLLYGANJ,MALE,45.0,SC,IND,Cauliflower,102,1,103,0.05,269713.0,11,RABI MALIK
WEST BENGAL,152,TOLLYGANJ,MALE,41.0,SC,IND,Almirah,101,1,102,0.05,269713.0,12,AVIJIT SARKAR
WEST BENGAL,152,TOLLYGANJ,MALE,54.0,GENERAL,IND,Mike,94,0,94,0.05,269713.0,13,DEBASHIS DAS
TURN OUT,,,,,TOTAL:,,,195753,1612,197365,73.18,,,
WEST BENGAL,153,BEHALA PURBA,FEMALE,49.0,GENERAL,AITC,Flowers and Grass,110294,674,110968,50.01,308285.0,1,RATNA CHATTERJEE
WEST BENGAL,153,BEHALA PURBA,FEMALE,39.0,GENERAL,BJP,Lotus,73137,403,73540,33.15,308285.0,2,PAYEL SARKAR
WEST BENGAL,153,BEHALA PURBA,FEMALE,52.0,GENERAL,CPI(M),"Hammer, Sickle and Star",29945,227,30172,13.6,308285.0,3,SAMITA HAR CHOWDHURY
WEST BENGAL,153,BEHALA PURBA,,,,NOTA,NOTA,2729,106,2835,1.28,308285.0,4,NOTA
WEST BENGAL,153,BEHALA PURBA,FEMALE,55.0,SC,BSP,Elephant,1158,17,1175,0.53,308285.0,5,RINA ROY
WEST BENGAL,153,BEHALA PURBA,FEMALE,40.0,SC,IND,Bread Toaster,1163,4,1167,0.53,308285.0,6,TULSI RANI PRAMANIK
WEST BENGAL,153,BEHALA PURBA,MALE,63.0,GENERAL,SUCI,Battery torch,658,5,663,0.3,308285.0,7,ASHIS KUMAR DANDA
WEST BENGAL,153,BEHALA PURBA,MALE,47.0,GENERAL,IND,BUCKET,398,5,403,0.18,308285.0,8,SUBRATA ROY
WEST BENGAL,153,BEHALA PURBA,MALE,78.0,SC,IND,DIAMOND,269,2,271,0.12,308285.0,9,DR. ARUN KUMAR GIRI
WEST BENGAL,153,BEHALA PURBA,MALE,63.0,GENERAL,IND,HOCKEY and BALL,270,0,270,0.12,308285.0,10,NIKHILESH GHOSH
WEST BENGAL,153,BEHALA PURBA,MALE,46.0,SC,IND,Football,262,3,265,0.12,308285.0,11,BHOLANATH PATRA
WEST BENGAL,153,BEHALA PURBA,MALE,31.0,GENERAL,IND,Window,142,1,143,0.06,308285.0,12,DHIMAN DEBNATH
TURN OUT,,,,,TOTAL:,,,220425,1447,221872,71.97,,,
WEST BENGAL,154,BEHALA PASCHIM,MALE,68.0,GENERAL,AITC,Flowers and Grass,113787,991,114778,49.51,313198.0,1,PARTHA CHATTERJEE
WEST BENGAL,154,BEHALA PASCHIM,FEMALE,33.0,GENERAL,BJP,Lotus,63500,394,63894,27.56,313198.0,2,SRABANTI CHATTERJEE
WEST BENGAL,154,BEHALA PASCHIM,MALE,50.0,SC,CPI(M),"Hammer, Sickle and Star",47156,353,47509,20.49,313198.0,3,NIHAR BHAKTA
WEST BENGAL,154,BEHALA PASCHIM,,,,NOTA,NOTA,2415,18,2433,1.05,313198.0,4,NOTA
WEST BENGAL,154,BEHALA PASCHIM,MALE,46.0,SC,IND,Rubber Stamp,872,1,873,0.38,313198.0,5,SANAT KUMAR BHAKAT
WEST BENGAL,154,BEHALA PASCHIM,MALE,61.0,SC,BSP,Elephant,855,7,862,0.37,313198.0,6,AMAL DHALI
WEST BENGAL,154,BEHALA PASCHIM,MALE,29.0,SC,IND,Football,550,0,550,0.24,313198.0,7,MRIDUL OJHA
WEST BENGAL,154,BEHALA PASCHIM,FEMALE,44.0,GENERAL,IND,Pen Nib with Seven Rays,527,5,532,0.23,313198.0,8,ARUNA RAY
WEST BENGAL,154,BEHALA PASCHIM,MALE,55.0,GENERAL,IND,Gas Cylinder,384,1,385,0.17,313198.0,9,VIJAY KUMAR SINGH
TURN OUT,,,,,TOTAL:,,,230046,1770,231816,74.02,,,
WEST BENGAL,155,MAHESHTALA,MALE,76.0,GENERAL,AITC,Flowers and Grass,123575,433,124008,56.38,271007.0,1,DULAL CHANDRA DAS
WEST BENGAL,155,MAHESHTALA,MALE,56.0,GENERAL,BJP,Lotus,65827,232,66059,30.03,271007.0,2,UMESH DAS
WEST BENGAL,155,MAHESHTALA,MALE,45.0,GENERAL,CPI(M),"Hammer, Sickle and Star",25127,149,25276,11.49,271007.0,3,PRAVAT CHOWDHURY
WEST BENGAL,155,MAHESHTALA,,,,NOTA,NOTA,2043,6,2049,0.93,271007.0,4,NOTA
WEST BENGAL,155,MAHESHTALA,MALE,39.0,GENERAL,IND,Bat,1162,3,1165,0.53,271007.0,5,SUBHENDU BARIK
WEST BENGAL,155,MAHESHTALA,FEMALE,45.0,GENERAL,BSP,Elephant,833,5,838,0.38,271007.0,6,RINA DEBI
WEST BENGAL,155,MAHESHTALA,MALE,50.0,GENERAL,IND,Helicopter,573,1,574,0.26,271007.0,7,DHRUBA KUMAR BOSE
TURN OUT,,,,,TOTAL:,,,219140,829,219969,81.17,,,
WEST BENGAL,156,BUDGE BUDGE,MALE,71.0,GENERAL,AITC,Flowers and Grass,121401,956,122357,56.41,256136.0,1,ASHOK KUMAR DEB
WEST BENGAL,156,BUDGE BUDGE,MALE,60.0,GENERAL,BJP,Lotus,77224,419,77643,35.8,256136.0,2,DR. TARUN KUMAR ADAK
WEST BENGAL,156,BUDGE BUDGE,MALE,41.0,GENERAL,INC,Hand,10687,122,10809,4.98,256136.0,3,SK MUJIBAR RAHAMAN
WEST BENGAL,156,BUDGE BUDGE,,,,NOTA,NOTA,2726,9,2735,1.26,256136.0,4,NOTA
WEST BENGAL,156,BUDGE BUDGE,MALE,49.0,GENERAL,IND,Black Board,1138,5,1143,0.53,256136.0,5,MUKUL CHANDRA JANA
WEST BENGAL,156,BUDGE BUDGE,MALE,49.0,GENERAL,BSP,Elephant,922,10,932,0.43,256136.0,6,BHARAT LAL DAS
WEST BENGAL,156,BUDGE BUDGE,MALE,54.0,GENERAL,SUCI,Battery torch,508,7,515,0.24,256136.0,7,UTTAM PAL
WEST BENGAL,156,BUDGE BUDGE,MALE,55.0,SC,IND,Cup & Saucer,385,2,387,0.18,256136.0,8,BISWAJIT DAS
WEST BENGAL,156,BUDGE BUDGE,MALE,26.0,GENERAL,IND,Football,367,4,371,0.17,256136.0,9,KASHYAP UPADHYAY
TURN OUT,,,,,TOTAL:,,,215358,1534,216892,84.68,,,
WEST BENGAL,157,METIABURUZ,MALE,76.0,GENERAL,AITC,Flowers and Grass,150792,274,151066,76.85,256315.0,1,ABDUL KHALEQUE MOLLA
WEST BENGAL,157,METIABURUZ,MALE,49.0,GENERAL,BJP,Lotus,31357,105,31462,16.0,256315.0,2,RAMJIT PRASAD
WEST BENGAL,157,METIABURUZ,MALE,38.0,GENERAL,RSSCMJP,Envelope,7362,27,7389,3.76,256315.0,3,NURUZAMAN MOLLA
WEST BENGAL,157,METIABURUZ,,,,NOTA,NOTA,3004,4,3008,1.53,256315.0,4,NOTA
WEST BENGAL,157,METIABURUZ,FEMALE,56.0,GENERAL,AMB,Boat with Man and Sail,825,4,829,0.42,256315.0,5,PRANATI PAUL
WEST BENGAL,157,METIABURUZ,MALE,39.0,GENERAL,IND,Walking Stick,731,4,735,0.37,256315.0,6,KRISHNENDU SENGUPTA
WEST BENGAL,157,METIABURUZ,MALE,45.0,GENERAL,BSP,Elephant,607,2,609,0.31,256315.0,7,SAMSAD ALAM
WEST BENGAL,157,METIABURUZ,MALE,40.0,GENERAL,IND,Air Conditioner,495,0,495,0.25,256315.0,8,MD. IMTIYAZ ALAM
WEST BENGAL,157,METIABURUZ,FEMALE,36.0,GENERAL,AIMF,Sewing Machine,404,5,409,0.21,256315.0,9,SABNAM BIBI
WEST BENGAL,157,METIABURUZ,FEMALE,40.0,GENERAL,JSTDVPMTP,Battery torch,308,3,311,0.16,256315.0,10,FIROZA KHATUN
WEST BENGAL,157,METIABURUZ,MALE,68.0,GENERAL,IND,Green Chilli,268,1,269,0.14,256315.0,11,ANWAR RAZA
TURN OUT,,,,,TOTAL:,,,196153,429,196582,76.7,,,
WEST BENGAL,158,KOLKATA PORT,MALE,62.0,GENERAL,AITC,Flowers and Grass,105202,341,105543,69.23,235933.0,1,FIRHAD HAKIM
WEST BENGAL,158,KOLKATA PORT,MALE,68.0,GENERAL,BJP,Lotus,36900,89,36989,24.26,235933.0,2,AWADH KISHORE GUPTA
WEST BENGAL,158,KOLKATA PORT,MALE,52.0,GENERAL,INC,Hand,5559,31,5590,3.67,235933.0,3,MD MUKHTAR
WEST BENGAL,158,KOLKATA PORT,,,,NOTA,NOTA,1355,5,1360,0.89,235933.0,4,NOTA
WEST BENGAL,158,KOLKATA PORT,MALE,51.0,GENERAL,IND,HOCKEY and BALL,1139,0,1139,0.75,235933.0,5,SANJAY DEY
WEST BENGAL,158,KOLKATA PORT,MALE,45.0,GENERAL,BSP,Elephant,745,3,748,0.49,235933.0,6,KHAN SARFARAZ
WEST BENGAL,158,KOLKATA PORT,FEMALE,45.0,GENERAL,IND,Football,427,1,428,0.28,235933.0,7,KALPANA CHOHAN
WEST BENGAL,158,KOLKATA PORT,MALE,44.0,GENERAL,SUCI,Battery torch,180,0,180,0.12,235933.0,8,SK JAYED HOSSAIN
WEST BENGAL,158,KOLKATA PORT,MALE,31.0,GENERAL,JD(U),Arrow,174,1,175,0.11,235933.0,9,MANJAY KUMAR ROY
WEST BENGAL,158,KOLKATA PORT,MALE,48.0,GENERAL,IND,Bat,164,1,165,0.11,235933.0,10,JAY PRAKASH SHAW
WEST BENGAL,158,KOLKATA PORT,MALE,61.0,GENERAL,IND,BOX,126,0,126,0.08,235933.0,11,BISWAJIT HALDER
TURN OUT,,,,,TOTAL:,,,151971,472,152443,64.61,,,
WEST BENGAL,159,BHABANIPUR,MALE,77.0,GENERAL,AITC,Flowers and Grass,73048,457,73505,57.71,206389.0,1,SOBHANDEB CHATTOPADHYAY
WEST BENGAL,159,BHABANIPUR,MALE,47.0,GENERAL,BJP,Lotus,44541,245,44786,35.16,206389.0,2,RUDRANIL GHOSH
WEST BENGAL,159,BHABANIPUR,MALE,35.0,GENERAL,INC,Hand,5159,52,5211,4.09,206389.0,3,MD. SHADAB KHAN
WEST BENGAL,159,BHABANIPUR,,,,NOTA,NOTA,1563,7,1570,1.23,206389.0,4,NOTA
WEST BENGAL,159,BHABANIPUR,FEMALE,34.0,GENERAL,BSP,Elephant,555,9,564,0.44,206389.0,5,ANITA RAJWAR
WEST BENGAL,159,BHABANIPUR,MALE,35.0,SC,IND,Balloon,520,3,523,0.41,206389.0,6,CHANDAN MALLICK
WEST BENGAL,159,BHABANIPUR,MALE,40.0,GENERAL,IND,SHIP,487,1,488,0.38,206389.0,7,ASHRAF ALAM
WEST BENGAL,159,BHABANIPUR,MALE,30.0,SC,IND,Auto- Rickshaw,282,1,283,0.22,206389.0,8,BIKKI RAJAK
WEST BENGAL,159,BHABANIPUR,MALE,60.0,GENERAL,IND,BOX,230,4,234,0.18,206389.0,9,DEEPAK PRASAD SINGH
WEST BENGAL,159,BHABANIPUR,MALE,60.0,GENERAL,IND,Camera,207,5,212,0.17,206389.0,10,NARAYAN DAS
TURN OUT,,,,,TOTAL:,,,126592,784,127376,61.72,,,
WEST BENGAL,160,RASHBEHARI,MALE,61.0,GENERAL,AITC,Flowers and Grass,64838,866,65704,52.79,206013.0,1,DEBASISH KUMAR
WEST BENGAL,160,RASHBEHARI,MALE,63.0,GENERAL,BJP,Lotus,43907,383,44290,35.59,206013.0,2,LT. GEN. (DR.) SUBRATA SAHA
WEST BENGAL,160,RASHBEHARI,MALE,34.0,GENERAL,INC,Hand,10156,158,10314,8.29,206013.0,3,ASHUTOSH CHATTERJEE
WEST BENGAL,160,RASHBEHARI,,,,NOTA,NOTA,1641,21,1662,1.34,206013.0,4,NOTA
WEST BENGAL,160,RASHBEHARI,MALE,41.0,GENERAL,IND,Peas,666,3,669,0.54,206013.0,5,PREETAM KUNDU
WEST BENGAL,160,RASHBEHARI,FEMALE,57.0,GENERAL,SUCI,Battery torch,536,10,546,0.44,206013.0,6,SUSMITA PAL
WEST BENGAL,160,RASHBEHARI,MALE,38.0,GENERAL,IND,Football,341,1,342,0.27,206013.0,7,PANKAJ THAKKAR
WEST BENGAL,160,RASHBEHARI,MALE,43.0,GENERAL,NRPI,FLUTE,310,11,321,0.26,206013.0,8,ROMIT CHOWDHURY
WEST BENGAL,160,RASHBEHARI,MALE,39.0,GENERAL,IND,Binoculars,177,4,181,0.15,206013.0,9,NIRAJ AGARWAL
WEST BENGAL,160,RASHBEHARI,FEMALE,37.0,GENERAL,IND,Bat,131,3,134,0.11,206013.0,10,MUSARAT PARVEEN
WEST BENGAL,160,RASHBEHARI,MALE,39.0,GENERAL,IND,Pen Nib with Seven Rays,121,2,123,0.1,206013.0,11,DEBASHIS NATH
WEST BENGAL,160,RASHBEHARI,MALE,49.0,GENERAL,IND,Batsman,96,1,97,0.08,206013.0,12,GOPAL GHOSH
WEST BENGAL,160,RASHBEHARI,MALE,57.0,GENERAL,BMUP,Cot,70,2,72,0.06,206013.0,13,SWAPAN DAS
TURN OUT,,,,,TOTAL:,,,122990,1465,124455,60.41,,,
WEST BENGAL,161,BALLYGUNGE,MALE,74.0,GENERAL,AITC,Flowers and Grass,106223,362,106585,70.6,247662.0,1,SUBRATA MUKHERJEE
WEST BENGAL,161,BALLYGUNGE,MALE,30.0,GENERAL,BJP,Lotus,31054,172,31226,20.68,247662.0,2,LOKENATH CHATTERJEE
WEST BENGAL,161,BALLYGUNGE,MALE,50.0,GENERAL,CPI(M),"Hammer, Sickle and Star",8428,46,8474,5.61,247662.0,3,DR. FUAD HALIM
WEST BENGAL,161,BALLYGUNGE,,,,NOTA,NOTA,1314,3,1317,0.87,247662.0,4,NOTA
WEST BENGAL,161,BALLYGUNGE,MALE,45.0,SC,BSP,Elephant,808,4,812,0.54,247662.0,5,RAJENDRA RAM DAS
WEST BENGAL,161,BALLYGUNGE,MALE,43.0,GENERAL,IND,Peas,642,1,643,0.43,247662.0,6,KAUSHIK GHOSHAL
WEST BENGAL,161,BALLYGUNGE,FEMALE,55.0,SC,BNARP,Ganna Kisan,576,4,580,0.38,247662.0,7,CHHANDA SAHA
WEST BENGAL,161,BALLYGUNGE,MALE,46.0,GENERAL,PMPT,Batsman,538,3,541,0.36,247662.0,8,ANIRBAN SAHA
WEST BENGAL,161,BALLYGUNGE,MALE,41.0,GENERAL,IND,Telephone,258,0,258,0.17,247662.0,9,ZUBIN RASHID
WEST BENGAL,161,BALLYGUNGE,MALE,29.0,GENERAL,IND,Bat,213,0,213,0.14,247662.0,10,SANTANU SAHA
WEST BENGAL,161,BALLYGUNGE,MALE,54.0,GENERAL,IND,CHESS BOARD,194,1,195,0.13,247662.0,11,AMITAVA DUTTA
WEST BENGAL,161,BALLYGUNGE,MALE,41.0,GENERAL,UTSAP,Boat with Man and Sail,116,2,118,0.08,247662.0,12,SEKH SADIK HUSSAIN
TURN OUT,,,,,TOTAL:,,,150364,598,150962,60.95,,,
WEST BENGAL,162,CHOWRANGEE,FEMALE,52.0,GENERAL,AITC,Flowers and Grass,69702,399,70101,62.87,208201.0,1,BANDYOPADHYAY NAYNA
WEST BENGAL,162,CHOWRANGEE,MALE,41.0,GENERAL,BJP,Lotus,24644,113,24757,22.2,208201.0,2,DEVDUTTA MAJI
WEST BENGAL,162,CHOWRANGEE,MALE,55.0,GENERAL,INC,Hand,14184,82,14266,12.8,208201.0,3,SANTOSH KUMAR PATHAK
WEST BENGAL,162,CHOWRANGEE,,,,NOTA,NOTA,1207,5,1212,1.09,208201.0,4,NOTA
WEST BENGAL,162,CHOWRANGEE,MALE,51.0,SC,BSP,Elephant,263,1,264,0.24,208201.0,5,SWAMINATH KORI
WEST BENGAL,162,CHOWRANGEE,FEMALE,45.0,GENERAL,SUCI,Battery torch,201,3,204,0.18,208201.0,6,MANIKA PAUL
WEST BENGAL,162,CHOWRANGEE,MALE,60.0,GENERAL,IND,Balloon,169,0,169,0.15,208201.0,7,SUMANTA BHOWMICK
WEST BENGAL,162,CHOWRANGEE,MALE,29.0,GENERAL,IND,Gas Cylinder,162,1,163,0.15,208201.0,8,SAYANTAN PATRA
WEST BENGAL,162,CHOWRANGEE,MALE,50.0,GENERAL,IND,Pen Nib with Seven Rays,109,0,109,0.1,208201.0,9,ISHRAT KHAN
WEST BENGAL,162,CHOWRANGEE,MALE,41.0,GENERAL,IND,Football,88,4,92,0.08,208201.0,10,ASHISH AGARWAL
WEST BENGAL,162,CHOWRANGEE,MALE,47.0,GENERAL,JD(U),Arrow,79,2,81,0.07,208201.0,11,ANIL KUMAR SINGH
WEST BENGAL,162,CHOWRANGEE,MALE,51.0,GENERAL,BMF,Slate,74,1,75,0.07,208201.0,12,AJAY KUMAR GUPTA
TURN OUT,,,,,TOTAL:,,,110882,611,111493,53.55,,,
WEST BENGAL,163,ENTALLY,MALE,72.0,GENERAL,AITC,Flowers and Grass,101266,443,101709,64.83,230814.0,1,SWARNA KAMAL SAHA
WEST BENGAL,163,ENTALLY,FEMALE,41.0,GENERAL,BJP,Lotus,43248,204,43452,27.7,230814.0,2,PRIYANKA TIBREWAL
WEST BENGAL,163,ENTALLY,MALE,53.0,GENERAL,RSSCMJP,Envelope,4297,57,4354,2.78,230814.0,3,MD. IQBAL ALAM
WEST BENGAL,163,ENTALLY,MALE,57.0,GENERAL,IND,Pears,1934,0,1934,1.23,230814.0,4,PRABIR DASGUPTA
WEST BENGAL,163,ENTALLY,,,,NOTA,NOTA,980,11,991,0.63,230814.0,5,NOTA
WEST BENGAL,163,ENTALLY,MALE,30.0,GENERAL,BSP,Elephant,824,3,827,0.53,230814.0,6,MD. FAYAZ
WEST BENGAL,163,ENTALLY,MALE,51.0,SC,WBSP,Ludo,797,1,798,0.51,230814.0,7,GOUTAM PRASAD
WEST BENGAL,163,ENTALLY,FEMALE,39.0,GENERAL,IND,Bangles,769,1,770,0.49,230814.0,8,MOUSUMI ROY
WEST BENGAL,163,ENTALLY,FEMALE,42.0,GENERAL,IND,Peas,671,0,671,0.43,230814.0,9,SALEHA TABASSUM
WEST BENGAL,163,ENTALLY,MALE,32.0,GENERAL,IND,Scissors,349,1,350,0.22,230814.0,10,MD. IMRAN
WEST BENGAL,163,ENTALLY,MALE,41.0,GENERAL,AIMF,School Bag,248,1,249,0.16,230814.0,11,MD. ENAYETULLAH ANSARI
WEST BENGAL,163,ENTALLY,MALE,37.0,GENERAL,IND,Bicycle Pump,205,2,207,0.13,230814.0,12,KUNDAN KUMAR SHAW
WEST BENGAL,163,ENTALLY,MALE,47.0,SC,IND,Balloon,155,1,156,0.1,230814.0,13,ASHOK DAS
WEST BENGAL,163,ENTALLY,MALE,50.0,GENERAL,IND,Bat,137,0,137,0.09,230814.0,14,ARINDAM ROY
WEST BENGAL,163,ENTALLY,MALE,28.0,GENERAL,JD(U),Arrow,135,2,137,0.09,230814.0,15,MD. NURUL HUDA
WEST BENGAL,163,ENTALLY,FEMALE,45.0,GENERAL,BNARP,Tent,131,1,132,0.08,230814.0,16,SWARNALATA SARKAR
TURN OUT,,,,,TOTAL:,,,156146,728,156874,67.97,,,
WEST BENGAL,164,BELEGHATA,MALE,75.0,GENERAL,AITC,Flowers and Grass,102478,704,103182,65.1,250881.0,1,PARESH PAUL
WEST BENGAL,164,BELEGHATA,MALE,66.0,GENERAL,BJP,Lotus,35817,225,36042,22.74,250881.0,2,KASHINATH BISWAS
WEST BENGAL,164,BELEGHATA,MALE,59.0,SC,CPI(M),"Hammer, Sickle and Star",13908,137,14045,8.86,250881.0,3,RAJIB BISWAS
WEST BENGAL,164,BELEGHATA,,,,NOTA,NOTA,1559,5,1564,0.99,250881.0,4,NOTA
WEST BENGAL,164,BELEGHATA,MALE,53.0,GENERAL,IND,Petrol Pump,1168,0,1168,0.74,250881.0,5,SURENDAR TEWARI
WEST BENGAL,164,BELEGHATA,MALE,32.0,GENERAL,BSP,Elephant,751,6,757,0.48,250881.0,6,ARJUN KUMAR DAS
WEST BENGAL,164,BELEGHATA,MALE,41.0,GENERAL,IND,Batsman,445,1,446,0.28,250881.0,7,SUSOVAN DUTTA
WEST BENGAL,164,BELEGHATA,MALE,44.0,GENERAL,IND,Sewing Machine,435,2,437,0.28,250881.0,8,SHAHAWAZ AFZAL
WEST BENGAL,164,BELEGHATA,MALE,48.0,GENERAL,ABHM,COCONUT FARM,204,2,206,0.13,250881.0,9,BAPI PAUL
WEST BENGAL,164,BELEGHATA,MALE,39.0,GENERAL,IND,Bat,166,11,177,0.11,250881.0,10,RAKESH SHAW
WEST BENGAL,164,BELEGHATA,MALE,62.0,GENERAL,SUCI,Battery torch,164,4,168,0.11,250881.0,11,TARUN KUMAR DAS
WEST BENGAL,164,BELEGHATA,MALE,43.0,GENERAL,IND,Hat,134,0,134,0.08,250881.0,12,AVIJIT GHOSH
WEST BENGAL,164,BELEGHATA,MALE,31.0,SC,IND,Boat with Man and Sail,89,5,94,0.06,250881.0,13,DIP SANKAR NAIYA
WEST BENGAL,164,BELEGHATA,MALE,50.0,GENERAL,IND,Air Conditioner,84,2,86,0.05,250881.0,14,MANASH CHOWDHURY
TURN OUT,,,,,TOTAL:,,,157402,1104,158506,63.18,,,
WEST BENGAL,165,JORASANKO,MALE,45.0,GENERAL,AITC,Flowers and Grass,51904,219,52123,52.67,197950.0,1,VIVEK GUPTA
WEST BENGAL,165,JORASANKO,FEMALE,60.0,GENERAL,BJP,Lotus,39238,142,39380,39.8,197950.0,2,MEENA DEVI PUROHIT
WEST BENGAL,165,JORASANKO,MALE,39.0,GENERAL,INC,Hand,4736,33,4769,4.82,197950.0,3,AJMAL KHAN
WEST BENGAL,165,JORASANKO,,,,NOTA,NOTA,1024,4,1028,1.04,197950.0,4,NOTA
WEST BENGAL,165,JORASANKO,MALE,77.0,GENERAL,BSP,Elephant,411,1,412,0.42,197950.0,5,NIRMAL KANTI SAMADDAR
WEST BENGAL,165,JORASANKO,MALE,61.0,GENERAL,SUCI,Battery torch,405,3,408,0.41,197950.0,6,BIJNAN KUMAR BERA
WEST BENGAL,165,JORASANKO,MALE,43.0,GENERAL,IND,Balloon,359,2,361,0.36,197950.0,7,NAWAL MONDAL
WEST BENGAL,165,JORASANKO,MALE,58.0,GENERAL,IND,Bat,178,1,179,0.18,197950.0,8,SUSHANTA GHOSH
WEST BENGAL,165,JORASANKO,MALE,35.0,GENERAL,IND,Nagrik,103,1,104,0.11,197950.0,9,RANJIT KUMAR THAKUR
WEST BENGAL,165,JORASANKO,MALE,27.0,GENERAL,IND,Door Handle,96,0,96,0.1,197950.0,10,ANAND SINGH KHARWAR
WEST BENGAL,165,JORASANKO,MALE,51.0,GENERAL,IND,Batsman,94,1,95,0.1,197950.0,11,ANIL KUMAR CHOUDHARY
TURN OUT,,,,,TOTAL:,,,98548,407,98955,49.99,,,
WEST BENGAL,166,SHYAMPUKUR,FEMALE,58.0,GENERAL,AITC,Flowers and Grass,55184,601,55785,54.18,176557.0,1,DR. SHASHI PANJA
WEST BENGAL,166,SHYAMPUKUR,MALE,65.0,GENERAL,BJP,Lotus,33099,166,33265,32.31,176557.0,2,SANDIPAN BISWAS
WEST BENGAL,166,SHYAMPUKUR,MALE,70.0,GENERAL,AIFB,Lion,10655,173,10828,10.52,176557.0,3,JIBAN PRAKASH SAHA
WEST BENGAL,166,SHYAMPUKUR,,,,NOTA,NOTA,1053,10,1063,1.03,176557.0,4,NOTA
WEST BENGAL,166,SHYAMPUKUR,MALE,26.0,GENERAL,IND,Door Bell,639,0,639,0.62,176557.0,5,SURAJIT GHOSH
WEST BENGAL,166,SHYAMPUKUR,FEMALE,46.0,GENERAL,SJSMP,Laptop,406,3,409,0.4,176557.0,6,MUNNI MALI
WEST BENGAL,166,SHYAMPUKUR,MALE,41.0,GENERAL,IND,Helicopter,279,1,280,0.27,176557.0,7,TARKESH RAI
WEST BENGAL,166,SHYAMPUKUR,MALE,46.0,GENERAL,IND,Black Board,180,6,186,0.18,176557.0,8,SANJAY NANDI
WEST BENGAL,166,SHYAMPUKUR,MALE,45.0,GENERAL,IND,Whistle,138,1,139,0.13,176557.0,9,PRAVEEN KUMAR JAIN
WEST BENGAL,166,SHYAMPUKUR,FEMALE,59.0,GENERAL,IND,Bat,119,3,122,0.12,176557.0,10,CHHAYA GHOSH
WEST BENGAL,166,SHYAMPUKUR,MALE,30.0,GENERAL,IND,Football Player,106,4,110,0.11,176557.0,11,CHINMOY BISWAS
WEST BENGAL,166,SHYAMPUKUR,FEMALE,42.0,GENERAL,IND,CARPET,94,0,94,0.09,176557.0,12,PURNIMA BANERJEE
WEST BENGAL,166,SHYAMPUKUR,MALE,61.0,GENERAL,IND,CALCULATOR,49,1,50,0.05,176557.0,13,DILIP DAS
TURN OUT,,,,,TOTAL:,,,102001,969,102970,58.32,,,
WEST BENGAL,167,MANIKTALA,MALE,70.0,GENERAL,AITC,Flowers and Grass,67180,397,67577,50.82,211308.0,1,SADHAN PANDE
WEST BENGAL,167,MANIKTALA,MALE,42.0,GENERAL,BJP,Lotus,47180,159,47339,35.6,211308.0,2,KALYAN CHAUBEY
WEST BENGAL,167,MANIKTALA,FEMALE,55.0,GENERAL,CPI(M),"Hammer, Sickle and Star",13390,123,13513,10.16,211308.0,3,RUPA BAGCHI
WEST BENGAL,167,MANIKTALA,,,,NOTA,NOTA,1413,7,1420,1.07,211308.0,4,NOTA
WEST BENGAL,167,MANIKTALA,MALE,48.0,GENERAL,IND,Auto- Rickshaw,783,0,783,0.59,211308.0,5,NIMAI NATH
WEST BENGAL,167,MANIKTALA,MALE,26.0,GENERAL,BSP,Elephant,667,2,669,0.5,211308.0,6,AJAY PRAJAPATI
WEST BENGAL,167,MANIKTALA,MALE,53.0,SC,BMUP,Cot,405,3,408,0.31,211308.0,7,SUBIR DAS
WEST BENGAL,167,MANIKTALA,MALE,30.0,GENERAL,IND,Gas Cylinder,390,0,390,0.29,211308.0,8,SOMNATH DAS
WEST BENGAL,167,MANIKTALA,MALE,40.0,GENERAL,IND,Dumbbells,257,0,257,0.19,211308.0,9,SOMEN DAS
WEST BENGAL,167,MANIKTALA,FEMALE,27.0,GENERAL,IND,Gramophone,239,1,240,0.18,211308.0,10,MOUMITA MANNA
WEST BENGAL,167,MANIKTALA,MALE,50.0,GENERAL,SP(I),Hat,203,0,203,0.15,211308.0,11,TARUN BANERJEE
WEST BENGAL,167,MANIKTALA,MALE,32.0,GENERAL,IND,Football,168,0,168,0.13,211308.0,12,BABLU DEY
TURN OUT,,,,,TOTAL:,,,132275,692,132967,62.93,,,
WEST BENGAL,168,KASHIPUR-BELGACHHIA,MALE,62.0,GENERAL,AITC,Flowers and Grass,75274,908,76182,56.48,223714.0,1,ATIN GHOSH
WEST BENGAL,168,KASHIPUR-BELGACHHIA,MALE,63.0,GENERAL,BJP,Lotus,40424,368,40792,30.24,223714.0,2,SIBAJI SINHA ROY
WEST BENGAL,168,KASHIPUR-BELGACHHIA,MALE,47.0,GENERAL,CPI(M),"Hammer, Sickle and Star",14504,253,14757,10.94,223714.0,3,PRATIP DASGUPTA
WEST BENGAL,168,KASHIPUR-BELGACHHIA,,,,NOTA,NOTA,1564,13,1577,1.17,223714.0,4,NOTA
WEST BENGAL,168,KASHIPUR-BELGACHHIA,MALE,47.0,SC,BSP,Elephant,532,7,539,0.4,223714.0,5,SHIO KUMAR KHATIK
WEST BENGAL,168,KASHIPUR-BELGACHHIA,MALE,33.0,SC,IND,Bat,233,1,234,0.17,223714.0,6,RAJESH KUMAR DAS
WEST BENGAL,168,KASHIPUR-BELGACHHIA,MALE,27.0,ST,IND,Batsman,229,5,234,0.17,223714.0,7,KUSH MAHALI
WEST BENGAL,168,KASHIPUR-BELGACHHIA,MALE,60.0,GENERAL,IND,Stethoscope,206,1,207,0.15,223714.0,8,SHREE NARAYAN TANDON
WEST BENGAL,168,KASHIPUR-BELGACHHIA,MALE,57.0,GENERAL,IND,Plastering Trowel,206,0,206,0.15,223714.0,9,TAPAS GHOSH
WEST BENGAL,168,KASHIPUR-BELGACHHIA,MALE,50.0,GENERAL,IND,Battery torch,137,7,144,0.11,223714.0,10,MD SHAKIL
TURN OUT,,,,,TOTAL:,,,133309,1563,134872,60.29,,,
WEST BENGAL,169,BALLY,MALE,48.0,GENERAL,AITC,Flowers and Grass,53223,124,53347,42.38,176197.0,1,RANA CHATTERJEE
WEST BENGAL,169,BALLY,FEMALE,51.0,GENERAL,BJP,Lotus,46992,118,47110,37.43,176197.0,2,BAISHALI DALMIYA
WEST BENGAL,169,BALLY,FEMALE,28.0,GENERAL,CPI(M),"Hammer, Sickle and Star",21924,116,22040,17.51,176197.0,3,DIPSITA DHAR
WEST BENGAL,169,BALLY,,,,NOTA,NOTA,1204,2,1206,0.96,176197.0,4,NOTA
WEST BENGAL,169,BALLY,MALE,48.0,SC,IND,Balloon,586,1,587,0.47,176197.0,5,RAJKUMAR DHANUK
WEST BENGAL,169,BALLY,FEMALE,47.0,GENERAL,SUCI,Battery torch,442,0,442,0.35,176197.0,6,PUTUL CHOWDHURY
WEST BENGAL,169,BALLY,MALE,48.0,GENERAL,IND,Football,404,0,404,0.32,176197.0,7,SURYA KANTA GHOSH
WEST BENGAL,169,BALLY,MALE,30.0,GENERAL,IND,Ganna Kisan,292,0,292,0.23,176197.0,8,JITENDRA PRASAD
WEST BENGAL,169,BALLY,FEMALE,41.0,GENERAL,IND,Envelope,171,1,172,0.14,176197.0,9,MAYA SAMANTA
WEST BENGAL,169,BALLY,MALE,45.0,SC,IND,Ring,98,0,98,0.08,176197.0,10,INDRANATH DAS
WEST BENGAL,169,BALLY,MALE,38.0,SC,IND,Air Conditioner,93,0,93,0.07,176197.0,11,GOUTAM DAS
WEST BENGAL,169,BALLY,FEMALE,39.0,SC,IND,Clip,82,0,82,0.07,176197.0,12,UJJWALA BISWAS
TURN OUT,,,,,TOTAL:,,,125511,362,125873,71.44,,,
WEST BENGAL,170,HOWRAH UTTAR,MALE,48.0,GENERAL,AITC,Flowers and Grass,71408,167,71575,47.81,218547.0,1,GAUTAM CHOWDHURI
WEST BENGAL,170,HOWRAH UTTAR,MALE,43.0,GENERAL,BJP,Lotus,65936,117,66053,44.12,218547.0,2,UMESH RAI
WEST BENGAL,170,HOWRAH UTTAR,MALE,43.0,GENERAL,CPI(M),"Hammer, Sickle and Star",8091,42,8133,5.43,218547.0,3,PAWAN KUMAR SINGH
WEST BENGAL,170,HOWRAH UTTAR,,,,NOTA,NOTA,1668,2,1670,1.12,218547.0,4,NOTA
WEST BENGAL,170,HOWRAH UTTAR,MALE,50.0,GENERAL,IND,Ear Rings,911,0,911,0.61,218547.0,5,SUBHASH KUMAR SINGHI
WEST BENGAL,170,HOWRAH UTTAR,MALE,44.0,GENERAL,IND,COCONUT FARM,302,0,302,0.2,218547.0,6,SUNIL SAU
WEST BENGAL,170,HOWRAH UTTAR,MALE,38.0,GENERAL,HAMS,Pan,250,1,251,0.17,218547.0,7,ASHOK KUMAR SHARMA
WEST BENGAL,170,HOWRAH UTTAR,MALE,49.0,SC,IND,Peas,167,0,167,0.11,218547.0,8,SHYAM PRASAD RAM
WEST BENGAL,170,HOWRAH UTTAR,MALE,50.0,GENERAL,IND,Pen Nib with Seven Rays,162,0,162,0.11,218547.0,9,VIJAY SHAH
WEST BENGAL,170,HOWRAH UTTAR,MALE,61.0,GENERAL,IND,Bat,104,2,106,0.07,218547.0,10,SISIR SAMANTA
WEST BENGAL,170,HOWRAH UTTAR,MALE,26.0,GENERAL,IND,SHIP,103,1,104,0.07,218547.0,11,DHARMENDRA RAI
WEST BENGAL,170,HOWRAH UTTAR,MALE,47.0,GENERAL,NRPI,FLUTE,98,0,98,0.07,218547.0,12,GANESHLAL GUPTA
WEST BENGAL,170,HOWRAH UTTAR,MALE,37.0,GENERAL,IND,Gas Cylinder,97,0,97,0.06,218547.0,13,VINIT KUMAR RAI
WEST BENGAL,170,HOWRAH UTTAR,MALE,48.0,SC,BMF,Slate,91,0,91,0.06,218547.0,14,RAJ KUMAR PASWAN
TURN OUT,,,,,TOTAL:,,,149388,332,149720,68.51,,,
WEST BENGAL,171,HOWRAH MADHYA,MALE,65.0,GENERAL,AITC,Flowers and Grass,111343,211,111554,57.16,266542.0,1,"ARUP ROY, S/O LATE PRABHAT ROY"
WEST BENGAL,171,HOWRAH MADHYA,MALE,52.0,GENERAL,BJP,Lotus,64885,122,65007,33.31,266542.0,2,SANJAY SINGH
WEST BENGAL,171,HOWRAH MADHYA,MALE,58.0,GENERAL,INC,Hand,12904,38,12942,6.63,266542.0,3,PALASH BHANDARI
WEST BENGAL,171,HOWRAH MADHYA,,,,NOTA,NOTA,2734,1,2735,1.4,266542.0,4,NOTA
WEST BENGAL,171,HOWRAH MADHYA,FEMALE,45.0,GENERAL,JD(U),Arrow,544,1,545,0.28,266542.0,5,ANAMIKA SINGH
WEST BENGAL,171,HOWRAH MADHYA,MALE,48.0,GENERAL,IND,Clip,488,0,488,0.25,266542.0,6,SAMIR MONDAL
WEST BENGAL,171,HOWRAH MADHYA,MALE,55.0,SC,IND,Chakki,460,0,460,0.24,266542.0,7,SUBRATA MONDAL
WEST BENGAL,171,HOWRAH MADHYA,MALE,60.0,GENERAL,SUCI,Battery torch,282,2,284,0.15,266542.0,8,SHRIRUP DAS
WEST BENGAL,171,HOWRAH MADHYA,MALE,54.0,SC,IND,Cauliflower,267,0,267,0.14,266542.0,9,"ARUP ROY, S/O LATE GOPAL ROY"
WEST BENGAL,171,HOWRAH MADHYA,MALE,47.0,GENERAL,IND,Iron,243,0,243,0.12,266542.0,10,MD. NAZIR ALAM
WEST BENGAL,171,HOWRAH MADHYA,MALE,45.0,SC,IND,Ginger,238,1,239,0.12,266542.0,11,PANKOJ GAR
WEST BENGAL,171,HOWRAH MADHYA,MALE,39.0,GENERAL,VINPA,COMPUTER,153,1,154,0.08,266542.0,12,CHANDRAKANT JAISWAL
WEST BENGAL,171,HOWRAH MADHYA,MALE,46.0,SC,IND,Almirah,124,1,125,0.06,266542.0,13,BABU MALICK
WEST BENGAL,171,HOWRAH MADHYA,MALE,44.0,SC,IND,BOX,101,0,101,0.05,266542.0,14,PRADIP KANJI
TURN OUT,,,,,TOTAL:,,,194766,378,195144,73.21,,,
WEST BENGAL,172,SHIBPUR,MALE,35.0,GENERAL,AITC,Flowers and Grass,92048,324,92372,50.69,233676.0,1,MANOJ TIWARY
WEST BENGAL,172,SHIBPUR,MALE,51.0,GENERAL,BJP,Lotus,59574,195,59769,32.8,233676.0,2,RATHIN CHAKRABARTY
WEST BENGAL,172,SHIBPUR,MALE,67.0,GENERAL,AIFB,Lion,24817,153,24970,13.7,233676.0,3,JAGANNATH BHATTACHARYYA
WEST BENGAL,172,SHIBPUR,,,,NOTA,NOTA,1901,11,1912,1.05,233676.0,4,NOTA
WEST BENGAL,172,SHIBPUR,MALE,29.0,GENERAL,IND,Ice Cream,905,2,907,0.5,233676.0,5,SUROJIT DAS
WEST BENGAL,172,SHIBPUR,MALE,29.0,GENERAL,IND,Camera,638,0,638,0.35,233676.0,6,RAJIB BHATTACHARYA
WEST BENGAL,172,SHIBPUR,MALE,56.0,GENERAL,SUCI,Battery torch,600,1,601,0.33,233676.0,7,KARTICK SHIL
WEST BENGAL,172,SHIBPUR,MALE,42.0,GENERAL,IND,Bangles,342,1,343,0.19,233676.0,8,ANUPAM SARKAR
WEST BENGAL,172,SHIBPUR,MALE,30.0,SC,IND,Balloon,267,4,271,0.15,233676.0,9,PRITAM DAS
WEST BENGAL,172,SHIBPUR,MALE,27.0,GENERAL,IND,Cauliflower,244,5,249,0.14,233676.0,10,ABHISEK KUMAR CHATTERJEE
WEST BENGAL,172,SHIBPUR,MALE,32.0,GENERAL,IND,Air Conditioner,186,1,187,0.1,233676.0,11,ARIM ROY
TURN OUT,,,,,TOTAL:,,,181522,697,182219,77.98,,,
WEST BENGAL,173,HOWRAH DAKSHIN,FEMALE,60.0,GENERAL,AITC,Flowers and Grass,116651,188,116839,53.86,294243.0,1,NANDITA CHOWDHURY
WEST BENGAL,173,HOWRAH DAKSHIN,MALE,62.0,GENERAL,BJP,Lotus,66088,182,66270,30.55,294243.0,2,RANTIDEV SENGUPTA
WEST BENGAL,173,HOWRAH DAKSHIN,MALE,46.0,GENERAL,CPI(M),"Hammer, Sickle and Star",27168,119,27287,12.58,294243.0,3,SUMITRO ADHIKARY
WEST BENGAL,173,HOWRAH DAKSHIN,,,,NOTA,NOTA,2937,11,2948,1.36,294243.0,4,NOTA
WEST BENGAL,173,HOWRAH DAKSHIN,MALE,43.0,GENERAL,IND,Grapes,1063,0,1063,0.49,294243.0,5,SUSHANTA MONDAL
WEST BENGAL,173,HOWRAH DAKSHIN,MALE,58.0,GENERAL,JD(U),Arrow,654,0,654,0.3,294243.0,6,AMIT KUMAR GHOSH
WEST BENGAL,173,HOWRAH DAKSHIN,MALE,37.0,GENERAL,IND,Brief Case,457,1,458,0.21,294243.0,7,SAMRAT CHATTOPADHYAY
WEST BENGAL,173,HOWRAH DAKSHIN,MALE,55.0,GENERAL,SUCI,Battery torch,320,2,322,0.15,294243.0,8,TAPAS KUMAR DAS
WEST BENGAL,173,HOWRAH DAKSHIN,FEMALE,51.0,GENERAL,IND,Football,321,1,322,0.15,294243.0,9,MAMATA BANERJEE
WEST BENGAL,173,HOWRAH DAKSHIN,MALE,48.0,SC,IND,SHIP,313,0,313,0.14,294243.0,10,SAMIR BACHAR
WEST BENGAL,173,HOWRAH DAKSHIN,MALE,32.0,GENERAL,IND,Camera,170,1,171,0.08,294243.0,11,RAJESH KUMAR SINGH
WEST BENGAL,173,HOWRAH DAKSHIN,MALE,30.0,SC,IND,Letter Box,157,0,157,0.07,294243.0,12,SAJAL SARDAR
WEST BENGAL,173,HOWRAH DAKSHIN,MALE,59.0,SC,IND,Bat,135,1,136,0.06,294243.0,13,PABITRA BISWAS
TURN OUT,,,,,TOTAL:,,,216434,506,216940,73.73,,,
WEST BENGAL,174,SANKRAIL,FEMALE,50.0,SC,AITC,Flowers and Grass,111758,130,111888,50.37,277076.0,1,PRIYA PAUL
WEST BENGAL,174,SANKRAIL,MALE,42.0,SC,BJP,Lotus,71333,128,71461,32.17,277076.0,2,PROBHAKAR PANDIT
WEST BENGAL,174,SANKRAIL,MALE,42.0,SC,CPI(M),"Hammer, Sickle and Star",34077,67,34144,15.37,277076.0,3,SAMIR MALICK
WEST BENGAL,174,SANKRAIL,,,,NOTA,NOTA,1848,2,1850,0.83,277076.0,4,NOTA
WEST BENGAL,174,SANKRAIL,MALE,28.0,SC,IND,Battery torch,1006,0,1006,0.45,277076.0,5,SAMIR SHIT
WEST BENGAL,174,SANKRAIL,MALE,28.0,SC,IND,Balloon,522,0,522,0.24,277076.0,6,SUVOMAY KHELO
WEST BENGAL,174,SANKRAIL,MALE,38.0,SC,IND,Head Phone,518,2,520,0.23,277076.0,7,TAPAS DOLUI
WEST BENGAL,174,SANKRAIL,MALE,65.0,SC,IND,Capsicum,396,0,396,0.18,277076.0,8,BIMAL KANTI NASKAR
WEST BENGAL,174,SANKRAIL,MALE,46.0,SC,IND,Bat,339,1,340,0.15,277076.0,9,BUDHEN PATRA
TURN OUT,,,,,TOTAL:,,,221797,330,222127,80.17,,,
WEST BENGAL,175,PANCHLA,MALE,63.0,GENERAL,AITC,Flowers and Grass,104377,195,104572,48.19,266183.0,1,GULSAN MULLICK
WEST BENGAL,175,PANCHLA,MALE,53.0,GENERAL,BJP,Lotus,71695,126,71821,33.1,266183.0,2,MOHIT LAL GHANTI
WEST BENGAL,175,PANCHLA,MALE,54.0,GENERAL,RSSCMJP,Envelope,35543,33,35576,16.39,266183.0,3,ABDUL JALIL SK
WEST BENGAL,175,PANCHLA,,,,NOTA,NOTA,2405,6,2411,1.11,266183.0,4,NOTA
WEST BENGAL,175,PANCHLA,MALE,45.0,GENERAL,AMB,Boat with Man and Sail,1408,3,1411,0.65,266183.0,5,AMAR CHATTERJEE
WEST BENGAL,175,PANCHLA,MALE,34.0,SC,IND,Television,1218,0,1218,0.56,266183.0,6,SHYAMAL MONDAL
TURN OUT,,,,,TOTAL:,,,216646,363,217009,81.53,,,
WEST BENGAL,176,ULUBERIA PURBA,MALE,67.0,GENERAL,AITC,Flowers and Grass,86322,204,86526,44.83,233764.0,1,BIDESH RANJAN BOSE
WEST BENGAL,176,ULUBERIA PURBA,MALE,42.0,GENERAL,BJP,Lotus,69110,290,69400,35.95,233764.0,2,PRATYUSH MANDAL
WEST BENGAL,176,ULUBERIA PURBA,MALE,49.0,GENERAL,RSSCMJP,Envelope,30377,81,30458,15.78,233764.0,3,ABBAS UDDIN KHAN
WEST BENGAL,176,ULUBERIA PURBA,,,,NOTA,NOTA,2100,11,2111,1.09,233764.0,4,NOTA
WEST BENGAL,176,ULUBERIA PURBA,MALE,53.0,SC,IND,Grapes,1616,1,1617,0.84,233764.0,5,SUSHANTA DOLUI
WEST BENGAL,176,ULUBERIA PURBA,MALE,49.0,GENERAL,IUC,SHIP,1231,2,1233,0.64,233764.0,6,ANOWAR MALLICK
WEST BENGAL,176,ULUBERIA PURBA,MALE,59.0,SC,IND,Carrom Board,1074,1,1075,0.56,233764.0,7,GANESH DAS
WEST BENGAL,176,ULUBERIA PURBA,MALE,53.0,GENERAL,IND,Football,600,1,601,0.31,233764.0,8,SIYABADDIN KAJI
TURN OUT,,,,,TOTAL:,,,192430,591,193021,82.57,,,
WEST BENGAL,177,ULUBERIA UTTAR,MALE,60.0,SC,AITC,Flowers and Grass,91324,177,91501,49.25,224423.0,1,DR. NIRMAL MAJI
WEST BENGAL,177,ULUBERIA UTTAR,MALE,32.0,SC,BJP,Lotus,70378,120,70498,37.95,224423.0,2,CHIRAN BERA
WEST BENGAL,177,ULUBERIA UTTAR,MALE,61.0,SC,CPI(M),"Hammer, Sickle and Star",19259,33,19292,10.38,224423.0,3,ASHOK DALUI
WEST BENGAL,177,ULUBERIA UTTAR,,,,NOTA,NOTA,1244,4,1248,0.67,224423.0,4,NOTA
WEST BENGAL,177,ULUBERIA UTTAR,MALE,66.0,SC,IND,Glass Tumbler,1181,0,1181,0.64,224423.0,5,NIRAPADA PANDIT
WEST BENGAL,177,ULUBERIA UTTAR,MALE,31.0,SC,IND,Funnel,935,0,935,0.5,224423.0,6,AVIJIT DAS
WEST BENGAL,177,ULUBERIA UTTAR,MALE,28.0,SC,IND,Bricks,758,0,758,0.41,224423.0,7,VIBEKANANDA MONDAL
WEST BENGAL,177,ULUBERIA UTTAR,MALE,54.0,SC,IND,Bat,365,2,367,0.2,224423.0,8,GANESH CHANDRA HAZRA
TURN OUT,,,,,TOTAL:,,,185444,336,185780,82.78,,,
WEST BENGAL,178,ULUBERIA DAKSHIN,MALE,55.0,GENERAL,AITC,Flowers and Grass,101796,84,101880,50.37,237620.0,1,PULAK ROY
WEST BENGAL,178,ULUBERIA DAKSHIN,FEMALE,56.0,GENERAL,BJP,Lotus,73363,79,73442,36.31,237620.0,2,PAPIA DEY (ADHIKARY)
WEST BENGAL,178,ULUBERIA DAKSHIN,MALE,71.0,GENERAL,AIFB,Lion,21098,12,21110,10.44,237620.0,3,SK KUTUB UDDIN AHMED
WEST BENGAL,178,ULUBERIA DAKSHIN,,,,NOTA,NOTA,1473,1,1474,0.73,237620.0,4,NOTA
WEST BENGAL,178,ULUBERIA DAKSHIN,MALE,46.0,SC,IND,Football,1314,0,1314,0.65,237620.0,5,AMAL KUMAR BARMAN
WEST BENGAL,178,ULUBERIA DAKSHIN,MALE,47.0,GENERAL,SUCI,Battery Torch,1165,0,1165,0.58,237620.0,6,JAYANTA KHATUA
WEST BENGAL,178,ULUBERIA DAKSHIN,MALE,57.0,SC,IUC,SHIP,1024,0,1024,0.51,237620.0,7,RAM PROSAD GHORAI
WEST BENGAL,178,ULUBERIA DAKSHIN,MALE,28.0,SC,IND,Almirah,857,0,857,0.42,237620.0,8,SUJIT MONDAL
TURN OUT,,,,,TOTAL:,,,202090,176,202266,85.12,,,
WEST BENGAL,179,SHYAMPUR,MALE,76.0,GENERAL,AITC,Flowers and Grass,114542,262,114804,51.74,257593.0,1,KALIPADA MANDAL
WEST BENGAL,179,SHYAMPUR,FEMALE,39.0,GENERAL,BJP,Lotus,83129,164,83293,37.54,257593.0,2,TNUSREE CHAKRABORTY
WEST BENGAL,179,SHYAMPUR,MALE,59.0,GENERAL,INC,Hand,20382,26,20408,9.2,257593.0,3,AMITABHA CHAKRABORTI
WEST BENGAL,179,SHYAMPUR,,,,NOTA,NOTA,1141,1,1142,0.51,257593.0,4,NOTA
WEST BENGAL,179,SHYAMPUR,MALE,53.0,GENERAL,SUCI,Battery torch,1001,1,1002,0.45,257593.0,5,PRADIP MANDAL
WEST BENGAL,179,SHYAMPUR,MALE,57.0,SC,IND,Baby Walker,632,0,632,0.28,257593.0,6,SANKAR MANDAL
WEST BENGAL,179,SHYAMPUR,MALE,31.0,GENERAL,IND,Apple,607,1,608,0.27,257593.0,7,TUSHARKANTI MAL
TURN OUT,,,,,TOTAL:,,,221434,455,221889,86.14,,,
WEST BENGAL,180,BAGNAN,MALE,45.0,GENERAL,AITC,Flowers and Grass,105867,175,106042,53.04,231216.0,1,ARUNAVA SEN (RAJA)
WEST BENGAL,180,BAGNAN,MALE,54.0,GENERAL,BJP,Lotus,75781,141,75922,37.97,231216.0,2,ANUPAM MALLIK
WEST BENGAL,180,BAGNAN,MALE,54.0,GENERAL,CPI(M),"Hammer, Sickle and Star",14512,43,14555,7.28,231216.0,3,SK BOSIR AHMED
WEST BENGAL,180,BAGNAN,,,,NOTA,NOTA,1546,2,1548,0.77,231216.0,4,NOTA
WEST BENGAL,180,BAGNAN,MALE,41.0,GENERAL,IND,Walking Stick,906,0,906,0.45,231216.0,5,SANJIT PATRA
WEST BENGAL,180,BAGNAN,FEMALE,51.0,GENERAL,SUCI,Battery torch,462,2,464,0.23,231216.0,6,PAMPA SARKAR BERA
WEST BENGAL,180,BAGNAN,MALE,45.0,GENERAL,IND,Balloon,284,0,284,0.14,231216.0,7,SUBHASISH ADHIKARY
WEST BENGAL,180,BAGNAN,MALE,49.0,SC,IND,Water Melon,213,1,214,0.11,231216.0,8,RAMESH KHANRA
TURN OUT,,,,,TOTAL:,,,199571,364,199935,86.47,,,
WEST BENGAL,181,AMTA,MALE,41.0,GENERAL,AITC,Flowers and Grass,102344,101,102445,49.06,261881.0,1,SUKANTA KUMAR PAUL
WEST BENGAL,181,AMTA,MALE,49.0,GENERAL,BJP,Lotus,76180,60,76240,36.51,261881.0,2,DEBTANU BHATTACHARYA
WEST BENGAL,181,AMTA,MALE,75.0,GENERAL,INC,Hand,25081,28,25109,12.02,261881.0,3,ASIT MITRA
WEST BENGAL,181,AMTA,,,,NOTA,NOTA,1302,0,1302,0.62,261881.0,4,NOTA
WEST BENGAL,181,AMTA,MALE,47.0,SC,IND,Football Player,1265,1,1266,0.61,261881.0,5,BISWANATH DAS
WEST BENGAL,181,AMTA,MALE,54.0,GENERAL,SUCI,Battery torch,1136,3,1139,0.55,261881.0,6,SANJEEB SANTRA
WEST BENGAL,181,AMTA,MALE,49.0,SC,IND,Bat,783,0,783,0.37,261881.0,7,RATAN CHANDRA MALICK
WEST BENGAL,181,AMTA,MALE,57.0,SC,IND,Laptop,526,0,526,0.25,261881.0,8,DILIP KUMAR HAIT
TURN OUT,,,,,TOTAL:,,,208617,193,208810,79.73,,,
WEST BENGAL,182,UDAYNARAYANPUR,MALE,55.0,GENERAL,AITC,Flowers and Grass,101023,487,101510,51.21,235467.0,1,SAMIR KUMAR PANJA
WEST BENGAL,182,UDAYNARAYANPUR,MALE,48.0,GENERAL,BJP,Lotus,87338,174,87512,44.15,235467.0,2,SUMIT RANJAN KARAR
WEST BENGAL,182,UDAYNARAYANPUR,MALE,58.0,GENERAL,INC,Hand,5158,20,5178,2.61,235467.0,3,ALOKE KOLEY
WEST BENGAL,182,UDAYNARAYANPUR,MALE,26.0,GENERAL,IND,Helmet,1716,2,1718,0.87,235467.0,4,ARNAB ADHIKARY
WEST BENGAL,182,UDAYNARAYANPUR,,,,NOTA,NOTA,1216,4,1220,0.62,235467.0,5,NOTA
WEST BENGAL,182,UDAYNARAYANPUR,MALE,34.0,GENERAL,IND,Almirah,1072,1,1073,0.54,235467.0,6,SAMIT KARMAKAR
TURN OUT,,,,,TOTAL:,,,197523,688,198211,84.18,,,
WEST BENGAL,183,JAGATBALLAVPUR,MALE,67.0,GENERAL,AITC,Flowers and Grass,116137,425,116562,49.45,288158.0,1,SITANATH GHOSH
WEST BENGAL,183,JAGATBALLAVPUR,MALE,42.0,GENERAL,BJP,Lotus,87016,350,87366,37.06,288158.0,2,ANUPAM GHOSH
WEST BENGAL,183,JAGATBALLAVPUR,MALE,45.0,GENERAL,RSSCMJP,Envelope,25279,83,25362,10.76,288158.0,3,SK SABBIR AHMED
WEST BENGAL,183,JAGATBALLAVPUR,,,,NOTA,NOTA,2760,9,2769,1.17,288158.0,4,NOTA
WEST BENGAL,183,JAGATBALLAVPUR,MALE,69.0,GENERAL,IUC,SHIP,1971,1,1972,0.84,288158.0,5,GOBARDHAN MANNA
WEST BENGAL,183,JAGATBALLAVPUR,MALE,28.0,GENERAL,IND,Almirah,1688,2,1690,0.72,288158.0,6,PANCHANAN MAHANTA
TURN OUT,,,,,TOTAL:,,,234851,870,235721,81.8,,,
WEST BENGAL,184,DOMJUR,MALE,60.0,GENERAL,AITC,Flowers and Grass,130278,221,130499,52.0,299250.0,1,KALYAN GHOSH
WEST BENGAL,184,DOMJUR,MALE,51.0,GENERAL,BJP,Lotus,87766,113,87879,35.01,299250.0,2,RAJIB BANERJEE S/O- LATE DHANANJOY BANERJEE
WEST BENGAL,184,DOMJUR,MALE,46.0,GENERAL,CPI(M),"Hammer, Sickle and Star",22727,41,22768,9.07,299250.0,3,UTTAM BERA
WEST BENGAL,184,DOMJUR,MALE,37.0,SC,IND,Batsman,2855,0,2855,1.14,299250.0,4,SUMANTA KAYAL
WEST BENGAL,184,DOMJUR,,,,NOTA,NOTA,2078,4,2082,0.83,299250.0,5,NOTA
WEST BENGAL,184,DOMJUR,MALE,30.0,SC,IND,Bat,1712,0,1712,0.68,299250.0,6,SUBHAS SANTRA
WEST BENGAL,184,DOMJUR,FEMALE,26.0,GENERAL,BNARP,Ganna Kisan,1300,0,1300,0.52,299250.0,7,RAJANI BEGUM
WEST BENGAL,184,DOMJUR,MALE,32.0,SC,IND,BUCKET,424,0,424,0.17,299250.0,8,SUBIR DALUI
WEST BENGAL,184,DOMJUR,MALE,26.0,GENERAL,IND,Scissors,272,0,272,0.11,299250.0,9,SK. SHAMIM HOSSAIN
WEST BENGAL,184,DOMJUR,MALE,31.0,SC,IND,Gift Pack,236,0,236,0.09,299250.0,10,TANMOY DAS
WEST BENGAL,184,DOMJUR,MALE,25.0,GENERAL,IND,Cauliflower,225,0,225,0.09,299250.0,11,RAJIB BANERJEE S/O- AMARNATH BANERJEE
WEST BENGAL,184,DOMJUR,FEMALE,26.0,SC,IND,DIAMOND,218,0,218,0.09,299250.0,12,NANDITA ROY
WEST BENGAL,184,DOMJUR,MALE,48.0,SC,IND,Tractor Chalata Kisan,198,0,198,0.08,299250.0,13,SRIKUMAR NASKAR
WEST BENGAL,184,DOMJUR,FEMALE,33.0,GENERAL,IND,CHESS BOARD,172,0,172,0.07,299250.0,14,SANCHAYITA GHOSH
WEST BENGAL,184,DOMJUR,MALE,25.0,GENERAL,IND,Air Conditioner,138,0,138,0.05,299250.0,15,RAJIB MONDAL
TURN OUT,,,,,TOTAL:,,,250599,379,250978,83.87,,,
WEST BENGAL,185,UTTARPARA,MALE,50.0,GENERAL,AITC,Flowers and Grass,93334,544,93878,46.96,259814.0,1,KANCHAN MULLICK
WEST BENGAL,185,UTTARPARA,MALE,64.0,GENERAL,BJP,Lotus,57603,286,57889,28.96,259814.0,2,PRABIR KUMAR GHOSAL
WEST BENGAL,185,UTTARPARA,MALE,43.0,GENERAL,CPI(M),"Hammer, Sickle and Star",42376,342,42718,21.37,259814.0,3,RAJAT BANERJEE (BAPPA)
WEST BENGAL,185,UTTARPARA,,,,NOTA,NOTA,3342,11,3353,1.68,259814.0,4,NOTA
WEST BENGAL,185,UTTARPARA,MALE,29.0,GENERAL,CPI(ML)(L),Flag with Three Stars,1217,6,1223,0.61,259814.0,5,SOURAV ROY
WEST BENGAL,185,UTTARPARA,MALE,45.0,GENERAL,IND,Bat,826,7,833,0.42,259814.0,6,RANJAN MUKHERJEE
TURN OUT,,,,,TOTAL:,,,198698,1196,199894,76.94,,,
WEST BENGAL,186,SREERAMPUR,MALE,72.0,GENERAL,AITC,Flowers and Grass,92435,586,93021,49.46,252758.0,1,DR. SUDIPTO ROY
WEST BENGAL,186,SREERAMPUR,MALE,37.0,GENERAL,BJP,Lotus,69241,347,69588,37.0,252758.0,2,KABIR SHANKAR BOSE
WEST BENGAL,186,SREERAMPUR,MALE,67.0,GENERAL,INC,Hand,19223,178,19401,10.32,252758.0,3,ALOK RANJAN BANERJEE
WEST BENGAL,186,SREERAMPUR,,,,NOTA,NOTA,2387,13,2400,1.28,252758.0,4,NOTA
WEST BENGAL,186,SREERAMPUR,MALE,58.0,GENERAL,IND,COMPUTER,1073,2,1075,0.57,252758.0,5,BISWANATH BHATTACHERJEE
WEST BENGAL,186,SREERAMPUR,MALE,50.0,GENERAL,IND,Gas Cylinder,906,8,914,0.49,252758.0,6,SANTOSH KUMAR SINGH
WEST BENGAL,186,SREERAMPUR,MALE,41.0,SC,BAHUMP,Table,905,9,914,0.49,252758.0,7,MANGAL SARKAR
WEST BENGAL,186,SREERAMPUR,MALE,58.0,GENERAL,SUCI,Battery torch,757,11,768,0.41,252758.0,8,SAMIR SARKAR
TURN OUT,,,,,TOTAL:,,,186927,1154,188081,74.41,,,
WEST BENGAL,187,CHAMPDANI,MALE,44.0,GENERAL,AITC,Flowers and Grass,100512,460,100972,50.2,263372.0,1,ARINDAM GUIN (BUBAI)
WEST BENGAL,187,CHAMPDANI,MALE,46.0,GENERAL,BJP,Lotus,70617,277,70894,35.25,263372.0,2,DILIP SINGH
WEST BENGAL,187,CHAMPDANI,MALE,68.0,GENERAL,INC,Hand,23053,219,23272,11.57,263372.0,3,ABDUL MANNAN
WEST BENGAL,187,CHAMPDANI,,,,NOTA,NOTA,3338,9,3347,1.66,263372.0,4,NOTA
WEST BENGAL,187,CHAMPDANI,MALE,34.0,SC,IND,Brick,807,1,808,0.4,263372.0,5,ARABIND KUMAR RABIDAS
WEST BENGAL,187,CHAMPDANI,MALE,41.0,SC,BAHUMP,Whistle,781,9,790,0.39,263372.0,6,MANGAL SARKAR
WEST BENGAL,187,CHAMPDANI,MALE,44.0,SC,IND,Bat,632,0,632,0.31,263372.0,7,DILIP DAS
WEST BENGAL,187,CHAMPDANI,MALE,36.0,GENERAL,IND,Air Conditioner,411,5,416,0.21,263372.0,8,AJAY YADAV
TURN OUT,,,,,TOTAL:,,,200151,980,201131,76.37,,,
WEST BENGAL,188,SINGUR,MALE,50.0,GENERAL,AITC,Flowers and Grass,99852,1225,101077,48.15,246867.0,1,BECHARAM MANNA
WEST BENGAL,188,SINGUR,MALE,89.0,GENERAL,BJP,Lotus,74595,559,75154,35.8,246867.0,2,RABINDRANATH BHATTACHARYA
WEST BENGAL,188,SINGUR,MALE,27.0,GENERAL,CPI(M),"Hammer, Sickle and Star",29639,377,30016,14.3,246867.0,3,SRIJAN BHATTACHARYYA
WEST BENGAL,188,SINGUR,,,,NOTA,NOTA,2335,10,2345,1.12,246867.0,4,NOTA
WEST BENGAL,188,SINGUR,MALE,74.0,GENERAL,SUCI,Battery torch,1339,7,1346,0.64,246867.0,5,SHANKAR JANA
TURN OUT,,,,,TOTAL:,,,207760,2178,209938,85.04,,,
WEST BENGAL,189,CHANDANNAGAR,MALE,55.0,GENERAL,AITC,Flowers and Grass,85604,1174,86778,47.63,229572.0,1,INDRANIL SEN
WEST BENGAL,189,CHANDANNAGAR,MALE,39.0,GENERAL,BJP,Lotus,55275,474,55749,30.6,229572.0,2,DEEPANJAN KUMAR GUHA
WEST BENGAL,189,CHANDANNAGAR,MALE,59.0,GENERAL,CPI(M),"Hammer, Sickle and Star",33071,631,33702,18.5,229572.0,3,GAUTAM SARKAR
WEST BENGAL,189,CHANDANNAGAR,,,,NOTA,NOTA,3000,23,3023,1.66,229572.0,4,NOTA
WEST BENGAL,189,CHANDANNAGAR,MALE,52.0,GENERAL,IND,Football,1179,5,1184,0.65,229572.0,5,RATAN KUMAR CHATTERJEE (R.K.C)
WEST BENGAL,189,CHANDANNAGAR,MALE,43.0,SC,IND,Gas Cylinder,532,6,538,0.3,229572.0,6,UDAY VEER CHOUDHURY
WEST BENGAL,189,CHANDANNAGAR,MALE,53.0,GENERAL,IND,Carrom Board,531,1,532,0.29,229572.0,7,SUBRATA DEY
WEST BENGAL,189,CHANDANNAGAR,FEMALE,60.0,GENERAL,IND,Triangle,352,13,365,0.2,229572.0,8,TANDRA BHATTACHARJEE (TANDRADI)
WEST BENGAL,189,CHANDANNAGAR,MALE,42.0,GENERAL,IND,Bat,304,3,307,0.17,229572.0,9,PRALOY MUKHERJEE
TURN OUT,,,,,TOTAL:,,,179848,2330,182178,79.36,,,
WEST BENGAL,190,CHUNCHURA,MALE,63.0,GENERAL,AITC,Flowers and Grass,115802,1302,117104,45.97,314274.0,1,ASIT MAZUMDER (TAPAN)
WEST BENGAL,190,CHUNCHURA,FEMALE,47.0,GENERAL,BJP,Lotus,98011,676,98687,38.74,314274.0,2,LOCKET CHATTERJEE
WEST BENGAL,190,CHUNCHURA,MALE,60.0,GENERAL,AIFB,Lion,28397,380,28777,11.3,314274.0,3,PRANAB KUMAR GHOSH
WEST BENGAL,190,CHUNCHURA,,,,NOTA,NOTA,4319,19,4338,1.7,314274.0,4,NOTA
WEST BENGAL,190,CHUNCHURA,MALE,42.0,SC,BSP,Elephant,1306,22,1328,0.52,314274.0,5,GOUTAM MONDAL
WEST BENGAL,190,CHUNCHURA,MALE,60.0,ST,IND,Football,1297,14,1311,0.51,314274.0,6,KASHINATH MURMU
WEST BENGAL,190,CHUNCHURA,FEMALE,56.0,GENERAL,SP(I),Hand Cart,1034,8,1042,0.41,314274.0,7,AJANTA SARKAR
WEST BENGAL,190,CHUNCHURA,MALE,52.0,ST,APoI,Coat,827,12,839,0.33,314274.0,8,AJIT KUMAR MURMU
WEST BENGAL,190,CHUNCHURA,MALE,37.0,GENERAL,IND,Bat,658,7,665,0.26,314274.0,9,DEBKANTA SIKDAR
WEST BENGAL,190,CHUNCHURA,MALE,40.0,GENERAL,IND,Gift Pack,639,7,646,0.25,314274.0,10,GOPAL JEE PANDEY
TURN OUT,,,,,TOTAL:,,,252290,2447,254737,81.06,,,
WEST BENGAL,191,BALAGARH,MALE,55.0,SC,AITC,Flowers and Grass,99524,840,100364,45.63,258955.0,1,MANORANJAN BAPARI
WEST BENGAL,191,BALAGARH,MALE,52.0,SC,BJP,Lotus,93993,587,94580,43.0,258955.0,2,SUBHAS CHANDRA HALDAR
WEST BENGAL,191,BALAGARH,FEMALE,46.0,SC,CPI(M),"Hammer, Sickle and Star",19592,174,19766,8.99,258955.0,3,MAHAMAYA MONDAL
WEST BENGAL,191,BALAGARH,,,,NOTA,NOTA,3098,7,3105,1.41,258955.0,4,NOTA
WEST BENGAL,191,BALAGARH,MALE,29.0,SC,SUCI,Battery torch,2133,9,2142,0.97,258955.0,5,SUKDEB BISWAS
TURN OUT,,,,,TOTAL:,,,218340,1617,219957,84.94,,,
WEST BENGAL,192,PANDUA,FEMALE,71.0,GENERAL,AITC,Flowers and Grass,102128,746,102874,45.99,270503.0,1,DR. RATNA DE NAG
WEST BENGAL,192,PANDUA,MALE,39.0,GENERAL,BJP,Lotus,70651,365,71016,31.75,270503.0,2,PARTHA SHARMA
WEST BENGAL,192,PANDUA,MALE,42.0,GENERAL,CPI(M),"Hammer, Sickle and Star",41205,269,41474,18.54,270503.0,3,AMJAD HOSSAIN SK.
WEST BENGAL,192,PANDUA,,,,NOTA,NOTA,2159,5,2164,0.97,270503.0,4,NOTA
WEST BENGAL,192,PANDUA,MALE,43.0,SC,SUCI,Battery torch,1971,11,1982,0.89,270503.0,5,PABAN MAZUMDER
WEST BENGAL,192,PANDUA,FEMALE,40.0,SC,BSP,Elephant,1632,18,1650,0.74,270503.0,6,MINA ROY
WEST BENGAL,192,PANDUA,MALE,47.0,ST,APoI,Coat,1254,6,1260,0.56,270503.0,7,BALAI SAREN
WEST BENGAL,192,PANDUA,MALE,49.0,GENERAL,LJP,Bungalow,1239,5,1244,0.56,270503.0,8,SK. NASIRUDDIN
TURN OUT,,,,,TOTAL:,,,222239,1425,223664,82.68,,,
WEST BENGAL,193,SAPTAGRAM,MALE,65.0,GENERAL,AITC,Flowers and Grass,92689,639,93328,48.56,234840.0,1,TAPAN DASGUPTA
WEST BENGAL,193,SAPTAGRAM,MALE,36.0,GENERAL,BJP,Lotus,83128,428,83556,43.48,234840.0,2,DEBABRATA BISWAS
WEST BENGAL,193,SAPTAGRAM,MALE,64.0,GENERAL,INC,Hand,8233,99,8332,4.34,234840.0,3,PABITRA DEB
WEST BENGAL,193,SAPTAGRAM,,,,NOTA,NOTA,3031,6,3037,1.58,234840.0,4,NOTA
WEST BENGAL,193,SAPTAGRAM,MALE,44.0,GENERAL,IND,Diesel Pump,1745,0,1745,0.91,234840.0,5,SUBIR ROY
WEST BENGAL,193,SAPTAGRAM,MALE,31.0,GENERAL,IND,Football,706,1,707,0.37,234840.0,6,MILAN DAS
WEST BENGAL,193,SAPTAGRAM,MALE,37.0,GENERAL,IND,Pen Nib with Seven Rays,595,6,601,0.31,234840.0,7,BISHNU CHOWDHURI
WEST BENGAL,193,SAPTAGRAM,MALE,43.0,GENERAL,IND,Hat,556,12,568,0.3,234840.0,8,AJOY DAS
WEST BENGAL,193,SAPTAGRAM,MALE,54.0,GENERAL,IND,BUCKET,306,10,316,0.16,234840.0,9,PARITOSH KARMAKAR
TURN OUT,,,,,TOTAL:,,,190989,1201,192190,81.84,,,
WEST BENGAL,194,CHANDITALA,FEMALE,54.0,GENERAL,AITC,Flowers and Grass,102719,399,103118,49.79,263257.0,1,SWATI KHANDOKER
WEST BENGAL,194,CHANDITALA,MALE,34.0,GENERAL,BJP,Lotus,61620,151,61771,29.83,263257.0,2,DEBASHISH DASGUPTA(YASH D GUPTAA)
WEST BENGAL,194,CHANDITALA,MALE,63.0,GENERAL,CPI(M),"Hammer, Sickle and Star",37005,156,37161,17.94,263257.0,3,MD. SALIM
WEST BENGAL,194,CHANDITALA,,,,NOTA,NOTA,2153,3,2156,1.04,263257.0,4,NOTA
WEST BENGAL,194,CHANDITALA,MALE,39.0,GENERAL,IND,Bat,1882,4,1886,0.91,263257.0,5,ABDUL RAHIM MOLLICK
WEST BENGAL,194,CHANDITALA,MALE,76.0,GENERAL,IND,Football,1011,3,1014,0.49,263257.0,6,ONKAR MAJUMDER
TURN OUT,,,,,TOTAL:,,,206390,716,207106,78.67,,,
WEST BENGAL,195,JANGIPARA,MALE,51.0,GENERAL,AITC,Flowers and Grass,101054,831,101885,48.42,257025.0,1,SNEHASIS CHAKRABORTY
WEST BENGAL,195,JANGIPARA,MALE,44.0,GENERAL,BJP,Lotus,83474,485,83959,39.9,257025.0,2,DEBJIT SARKAR
WEST BENGAL,195,JANGIPARA,MALE,47.0,GENERAL,RSSCMJP,Envelope,17661,95,17756,8.44,257025.0,3,SK. MAINUDDIN
WEST BENGAL,195,JANGIPARA,,,,NOTA,NOTA,3031,9,3040,1.44,257025.0,4,NOTA
WEST BENGAL,195,JANGIPARA,MALE,44.0,GENERAL,IND,Bat,1681,4,1685,0.8,257025.0,5,SK. SAMSUDDIN
WEST BENGAL,195,JANGIPARA,MALE,29.0,GENERAL,IND,Football,953,5,958,0.46,257025.0,6,SK. AMJAD ALI
WEST BENGAL,195,JANGIPARA,FEMALE,34.0,GENERAL,IND,BOX,654,7,661,0.31,257025.0,7,TANUSREE GHOSH
WEST BENGAL,195,JANGIPARA,MALE,38.0,GENERAL,IND,School Bag,449,18,467,0.22,257025.0,8,SAMIR BANDYOPADHYAY
TURN OUT,,,,,TOTAL:,,,208957,1454,210411,81.86,,,
WEST BENGAL,196,HARIPAL,FEMALE,46.0,GENERAL,AITC,Flowers and Grass,109128,1087,110215,49.92,269649.0,1,DR. KARABI MANNA
WEST BENGAL,196,HARIPAL,MALE,65.0,GENERAL,BJP,Lotus,86561,582,87143,39.47,269649.0,2,SAMIRAN MITRA
WEST BENGAL,196,HARIPAL,MALE,33.0,ST,RSSCMJP,Envelope,15662,133,15795,7.15,269649.0,3,SIMAL SAREN
WEST BENGAL,196,HARIPAL,,,,NOTA,NOTA,3344,23,3367,1.53,269649.0,4,NOTA
WEST BENGAL,196,HARIPAL,MALE,30.0,SC,BSP,Elephant,2108,24,2132,0.97,269649.0,5,TOTAN BAG
WEST BENGAL,196,HARIPAL,MALE,51.0,GENERAL,SUCI,Battery torch,2103,19,2122,0.96,269649.0,6,BISWANATH GHOSH
TURN OUT,,,,,TOTAL:,,,218906,1868,220774,81.87,,,
WEST BENGAL,197,DHANEKHALI,FEMALE,53.0,SC,AITC,Flowers and Grass,123509,1267,124776,53.36,271518.0,1,ASIMA PATRA
WEST BENGAL,197,DHANEKHALI,MALE,41.0,SC,BJP,Lotus,93861,756,94617,40.46,271518.0,2,TUSAR KUMAR MAJUMDAR
WEST BENGAL,197,DHANEKHALI,MALE,39.0,SC,INC,Hand,8929,104,9033,3.86,271518.0,3,ANIRBAN SAHA
WEST BENGAL,197,DHANEKHALI,MALE,40.0,SC,CPI(ML)(L),Flag with Three Stars,3215,15,3230,1.38,271518.0,4,SAJAL KUMAR DE
WEST BENGAL,197,DHANEKHALI,,,,NOTA,NOTA,2167,15,2182,0.93,271518.0,5,NOTA
TURN OUT,,,,,TOTAL:,,,231681,2157,233838,86.12,,,
WEST BENGAL,198,TARAKESWAR,MALE,54.0,GENERAL,AITC,Flowers and Grass,95384,1314,96698,46.96,239820.0,1,RAMENDU SINHARAY
WEST BENGAL,198,TARAKESWAR,MALE,65.0,GENERAL,BJP,Lotus,88461,753,89214,43.33,239820.0,2,DR. SWAPAN DASGUPTA
WEST BENGAL,198,TARAKESWAR,MALE,45.0,GENERAL,CPI(M),"Hammer, Sickle and Star",14396,199,14595,7.09,239820.0,3,SURAJIT GHOSH
WEST BENGAL,198,TARAKESWAR,,,,NOTA,NOTA,2740,12,2752,1.34,239820.0,4,NOTA
WEST BENGAL,198,TARAKESWAR,MALE,39.0,GENERAL,RPPRINAT,Cup & Saucer,1690,7,1697,0.82,239820.0,5,SANJU CHAKRABORTY
WEST BENGAL,198,TARAKESWAR,MALE,58.0,GENERAL,IND,COCONUT FARM,954,7,961,0.47,239820.0,6,SUKUMAR KHANRA
TURN OUT,,,,,TOTAL:,,,203625,2292,205917,85.86,,,
WEST BENGAL,199,PURSURAH,MALE,36.0,GENERAL,BJP,Lotus,118607,727,119334,53.5,259988.0,1,BIMAN GHOSH
WEST BENGAL,199,PURSURAH,MALE,58.0,GENERAL,AITC,Flowers and Grass,90505,651,91156,40.86,259988.0,2,DILIP YADAV
WEST BENGAL,199,PURSURAH,FEMALE,49.0,SC,INC,Hand,7733,95,7828,3.51,259988.0,3,MONIKA MALIK GHOSH
WEST BENGAL,199,PURSURAH,,,,NOTA,NOTA,2776,12,2788,1.25,259988.0,4,NOTA
WEST BENGAL,199,PURSURAH,MALE,31.0,GENERAL,IND,Football Player,1952,16,1968,0.88,259988.0,5,CHIRANJIT BARIK
TURN OUT,,,,,TOTAL:,,,221573,1501,223074,85.8,,,
WEST BENGAL,200,ARAMBAG,MALE,49.0,SC,BJP,Lotus,102518,590,103108,46.88,257621.0,1,MADHUSUDAN BAG
WEST BENGAL,200,ARAMBAG,FEMALE,34.0,SC,AITC,Flowers and Grass,95332,604,95936,43.62,257621.0,2,SUJATA MONDAL
WEST BENGAL,200,ARAMBAG,MALE,61.0,SC,CPI(M),"Hammer, Sickle and Star",14841,124,14965,6.8,257621.0,3,SAKTI MOHON MALIK
WEST BENGAL,200,ARAMBAG,,,,NOTA,NOTA,3163,8,3171,1.44,257621.0,4,NOTA
WEST BENGAL,200,ARAMBAG,MALE,43.0,SC,BSP,Elephant,2761,19,2780,1.26,257621.0,5,BANKIM CHANDRA SANTRA
TURN OUT,,,,,TOTAL:,,,218615,1345,219960,85.38,,,
WEST BENGAL,201,GOGHAT,MALE,60.0,SC,BJP,Lotus,101743,484,102227,46.56,246570.0,1,BISWANATH KARAK
WEST BENGAL,201,GOGHAT,MALE,41.0,SC,AITC,Flowers and Grass,97523,557,98080,44.67,246570.0,2,MANAS MAJUMDAR
WEST BENGAL,201,GOGHAT,MALE,64.0,SC,AIFB,Lion,14288,90,14378,6.55,246570.0,3,SHIBA PRASAD MALICK
WEST BENGAL,201,GOGHAT,,,,NOTA,NOTA,2472,10,2482,1.13,246570.0,4,NOTA
WEST BENGAL,201,GOGHAT,MALE,34.0,SC,BSP,Elephant,2364,14,2378,1.08,246570.0,5,SAMIR ROY
TURN OUT,,,,,TOTAL:,,,218390,1155,219545,89.04,,,
WEST BENGAL,202,KHANAKUL,MALE,32.0,GENERAL,BJP,Lotus,106819,584,107403,49.27,277259.0,1,SUSANTA GHOSH
WEST BENGAL,202,KHANAKUL,MALE,40.0,GENERAL,AITC,Flowers and Grass,94067,452,94519,43.36,277259.0,2,MUNSI NAZBUL KARIM
WEST BENGAL,202,KHANAKUL,MALE,38.0,GENERAL,RSSCMJP,Envelope,8666,66,8732,4.01,277259.0,3,FAISAL KHAN
WEST BENGAL,202,KHANAKUL,,,,NOTA,NOTA,3275,3,3278,1.5,277259.0,4,NOTA
WEST BENGAL,202,KHANAKUL,MALE,43.0,GENERAL,IND,Bat,2085,3,2088,0.96,277259.0,5,CHANDAN SAMANTA
WEST BENGAL,202,KHANAKUL,MALE,27.0,GENERAL,IND,Bead Necklace,1036,9,1045,0.48,277259.0,6,ADITYA MANIK
WEST BENGAL,202,KHANAKUL,MALE,41.0,GENERAL,IND,Apple,905,21,926,0.42,277259.0,7,ATANU SAMANTA
TURN OUT,,,,,TOTAL:,,,216853,1138,217991,78.62,,,
WEST BENGAL,203,TAMLUK,MALE,65.0,GENERAL,AITC,Flowers and Grass,107441,802,108243,45.86,266881.0,1,SAUMEN KUMAR MAHAPATRA
WEST BENGAL,203,TAMLUK,MALE,61.0,GENERAL,BJP,Lotus,106624,826,107450,45.52,266881.0,2,HARE KRISHNA BERA
WEST BENGAL,203,TAMLUK,MALE,61.0,GENERAL,CPI,Ears of Corn And Sickle,14552,166,14718,6.24,266881.0,3,GOUTAM PANDA
WEST BENGAL,203,TAMLUK,MALE,51.0,GENERAL,SUCI,Battery torch,2739,17,2756,1.17,266881.0,4,JNANANANDA ROY
WEST BENGAL,203,TAMLUK,,,,NOTA,NOTA,1130,6,1136,0.48,266881.0,5,NOTA
WEST BENGAL,203,TAMLUK,MALE,38.0,GENERAL,IND,Football,773,1,774,0.33,266881.0,6,BHIM PATRA
WEST BENGAL,203,TAMLUK,MALE,46.0,GENERAL,IND,Head Phone,760,2,762,0.32,266881.0,7,SANDIP BATABYAL
WEST BENGAL,203,TAMLUK,MALE,43.0,GENERAL,AMB,COMPUTER,189,3,192,0.08,266881.0,8,SULALIT MALLICK
TURN OUT,,,,,TOTAL:,,,234208,1823,236031,88.44,,,
WEST BENGAL,204,PANSKURA PURBA,MALE,74.0,GENERAL,AITC,Flowers and Grass,90972,241,91213,45.97,236306.0,1,BIPLAB ROY CHOWDHURY
WEST BENGAL,204,PANSKURA PURBA,MALE,41.0,GENERAL,BJP,Lotus,81318,235,81553,41.11,236306.0,2,DEBABRATA PATTANAYEK
WEST BENGAL,204,PANSKURA PURBA,MALE,32.0,GENERAL,CPI(M),"Hammer, Sickle and Star",20634,83,20717,10.44,236306.0,3,IBRAHIM ALI SK
WEST BENGAL,204,PANSKURA PURBA,MALE,60.0,GENERAL,SUCI,Battery Torch,1452,6,1458,0.73,236306.0,4,CHANDRAMOHAN MANIK
WEST BENGAL,204,PANSKURA PURBA,,,,NOTA,NOTA,1177,6,1183,0.6,236306.0,5,NOTA
WEST BENGAL,204,PANSKURA PURBA,MALE,32.0,GENERAL,IND,Football,977,3,980,0.49,236306.0,6,SAMIR HOSSAIN
WEST BENGAL,204,PANSKURA PURBA,MALE,47.0,GENERAL,AMB,COMPUTER,904,0,904,0.46,236306.0,7,BIMAL PORIA
WEST BENGAL,204,PANSKURA PURBA,MALE,39.0,SC,IUC,SHIP,391,1,392,0.2,236306.0,8,TARUN MANDAL
TURN OUT,,,,,TOTAL:,,,197825,575,198400,83.96,,,
WEST BENGAL,205,PANSKURA PASCHIM,FEMALE,70.0,GENERAL,AITC,Flowers and Grass,111047,658,111705,47.71,274092.0,1,PHIROJA BIBI
WEST BENGAL,205,PANSKURA PASCHIM,MALE,30.0,GENERAL,BJP,Lotus,102144,672,102816,43.91,274092.0,2,SINTU SENAPATI
WEST BENGAL,205,PANSKURA PASCHIM,MALE,71.0,GENERAL,CPI,Ears of Corn And Sickle,14984,140,15124,6.46,274092.0,3,CHITTARANJAN DASTHAKUR
WEST BENGAL,205,PANSKURA PASCHIM,,,,NOTA,NOTA,1331,6,1337,0.57,274092.0,4,NOTA
WEST BENGAL,205,PANSKURA PASCHIM,MALE,59.0,GENERAL,SUCI,Battery torch,1230,9,1239,0.53,274092.0,5,SUNIL KUMAR JANA
WEST BENGAL,205,PANSKURA PASCHIM,MALE,70.0,GENERAL,IND,Truck,1101,2,1103,0.47,274092.0,6,NARAYAN KINKAR MISHRA
WEST BENGAL,205,PANSKURA PASCHIM,FEMALE,30.0,GENERAL,LJP,Bungalow,813,4,817,0.35,274092.0,7,PREETILATA DAS TEWARI
TURN OUT,,,,,TOTAL:,,,232650,1491,234141,85.42,,,
WEST BENGAL,206,MOYNA,MALE,35.0,GENERAL,BJP,Lotus,107054,1055,108109,48.17,255164.0,1,ASHOKE DINDA
WEST BENGAL,206,MOYNA,MALE,41.0,SC,AITC,Flowers and Grass,106027,822,106849,47.61,255164.0,2,SANGRAM KUMAR DOLAI
WEST BENGAL,206,MOYNA,MALE,60.0,GENERAL,INC,Hand,5030,78,5108,2.28,255164.0,3,MANIK BHAUMIK
WEST BENGAL,206,MOYNA,MALE,46.0,SC,SUCI,Battery torch,1658,16,1674,0.75,255164.0,4,SUBRATA BAG
WEST BENGAL,206,MOYNA,,,,NOTA,NOTA,1324,11,1335,0.59,255164.0,5,NOTA
WEST BENGAL,206,MOYNA,MALE,41.0,SC,BSP,Elephant,761,5,766,0.34,255164.0,6,KAMAL BAG
WEST BENGAL,206,MOYNA,MALE,55.0,GENERAL,IND,Football,360,1,361,0.16,255164.0,7,MAHAMMAD ALI SK
WEST BENGAL,206,MOYNA,MALE,37.0,SC,IND,Apple,232,0,232,0.1,255164.0,8,BIPLAB BARAI
TURN OUT,,,,,TOTAL:,,,222446,1988,224434,87.96,,,
WEST BENGAL,207,NANDAKUMAR,MALE,60.0,GENERAL,AITC,Flowers and Grass,107330,851,108181,47.6,253829.0,1,SUKUMAR DE
WEST BENGAL,207,NANDAKUMAR,MALE,41.0,GENERAL,BJP,Lotus,102106,669,102775,45.22,253829.0,2,ADHIKARY NILANJAN
WEST BENGAL,207,NANDAKUMAR,MALE,53.0,GENERAL,CPI(M),"Hammer, Sickle and Star",12651,131,12782,5.62,253829.0,3,KARUNA SANKAR BHOWMIK
WEST BENGAL,207,NANDAKUMAR,,,,NOTA,NOTA,1471,2,1473,0.65,253829.0,4,NOTA
WEST BENGAL,207,NANDAKUMAR,MALE,38.0,GENERAL,SUCI,Battery Torch,1341,8,1349,0.59,253829.0,5,SAUMITRA PATTANAYAK
WEST BENGAL,207,NANDAKUMAR,MALE,58.0,GENERAL,IND,Grapes,711,4,715,0.31,253829.0,6,MARPHAT ALI KHAN
TURN OUT,,,,,TOTAL:,,,225610,1665,227275,89.54,,,
WEST BENGAL,208,MAHISADAL,MALE,55.0,GENERAL,AITC,Flowers and Grass,100768,1218,101986,46.49,245266.0,1,TILAK KUMAR CHAKRABORTY
WEST BENGAL,208,MAHISADAL,MALE,43.0,GENERAL,BJP,Lotus,98635,965,99600,45.41,245266.0,2,BISWANATH BANERJEE
WEST BENGAL,208,MAHISADAL,MALE,39.0,GENERAL,RSSCMJP,Envelope,13685,111,13796,6.29,245266.0,3,BIKRAM CHATTERJEE
WEST BENGAL,208,MAHISADAL,,,,NOTA,NOTA,1759,6,1765,0.8,245266.0,4,NOTA
WEST BENGAL,208,MAHISADAL,MALE,54.0,GENERAL,SUCI,Battery torch,969,13,982,0.45,245266.0,5,TAPAN KUMAR MAITY
WEST BENGAL,208,MAHISADAL,MALE,59.0,GENERAL,IND,Gas Cylinder,785,3,788,0.36,245266.0,6,PHAJLUR RAHAMAN SEK
WEST BENGAL,208,MAHISADAL,MALE,46.0,GENERAL,IND,Football,429,9,438,0.2,245266.0,7,KOUSHIK DAS
TURN OUT,,,,,TOTAL:,,,217030,2325,219355,89.44,,,
WEST BENGAL,209,HALDIA,FEMALE,49.0,SC,BJP,Lotus,103489,637,104126,47.15,251051.0,1,TAPASI MONDAL
WEST BENGAL,209,HALDIA,MALE,57.0,SC,AITC,Flowers and Grass,88663,455,89118,40.36,251051.0,2,SWAPAN NASKAR
WEST BENGAL,209,HALDIA,FEMALE,43.0,SC,CPI(M),"Hammer, Sickle and Star",22510,178,22688,10.27,251051.0,3,KAR PAIK MANIKA
WEST BENGAL,209,HALDIA,MALE,42.0,SC,BSP,Elephant,1920,2,1922,0.87,251051.0,4,SUBRATA GHORAI
WEST BENGAL,209,HALDIA,MALE,52.0,SC,SUCI,Battery torch,1548,8,1556,0.7,251051.0,5,NARAYAN PRAMANIK
WEST BENGAL,209,HALDIA,,,,NOTA,NOTA,1408,5,1413,0.64,251051.0,6,NOTA
TURN OUT,,,,,TOTAL:,,,219538,1285,220823,87.96,,,
WEST BENGAL,210,NANDIGRAM,MALE,50.0,GENERAL,BJP,Lotus,109673,1091,110764,48.49,257999.0,1,ADHIKARI SUVENDU
WEST BENGAL,210,NANDIGRAM,FEMALE,66.0,GENERAL,AITC,Flowers and Grass,107937,871,108808,47.64,257999.0,2,MAMATA BANERJEE
WEST BENGAL,210,NANDIGRAM,FEMALE,37.0,GENERAL,CPI(M),"Hammer, Sickle and Star",6198,69,6267,2.74,257999.0,3,MINAKSHI MUKHERJEE
WEST BENGAL,210,NANDIGRAM,,,,NOTA,NOTA,1089,1,1090,0.48,257999.0,4,NOTA
WEST BENGAL,210,NANDIGRAM,MALE,33.0,GENERAL,IND,Truck,773,3,776,0.34,257999.0,5,SWAPAN PARUA
WEST BENGAL,210,NANDIGRAM,MALE,28.0,GENERAL,IND,DIAMOND,310,3,313,0.14,257999.0,6,SK SADDAM HOSSAIN
WEST BENGAL,210,NANDIGRAM,MALE,49.0,GENERAL,SUCI,Battery torch,235,5,240,0.11,257999.0,7,MANOJ KUMAR DAS
WEST BENGAL,210,NANDIGRAM,MALE,44.0,GENERAL,IND,Bat,74,0,74,0.03,257999.0,8,DIPAK KUMAR GAYEN
WEST BENGAL,210,NANDIGRAM,MALE,62.0,GENERAL,IND,Brush,72,1,73,0.03,257999.0,9,SUBRATA BOSE
TURN OUT,,,,,TOTAL:,,,226361,2044,228405,88.53,,,
WEST BENGAL,211,CHANDIPUR,MALE,37.0,GENERAL,AITC,Flowers and Grass,109193,577,109770,49.82,245775.0,1,SOHAM CHAKRABORTY
WEST BENGAL,211,CHANDIPUR,MALE,39.0,GENERAL,BJP,Lotus,95695,603,96298,43.71,245775.0,2,PULAK KANTI GURIA
WEST BENGAL,211,CHANDIPUR,MALE,32.0,GENERAL,CPI(M),"Hammer, Sickle and Star",9708,129,9837,4.46,245775.0,3,ASHIS KUMAR GUCHHAIT
WEST BENGAL,211,CHANDIPUR,MALE,51.0,GENERAL,WBSP,Tractor Chalata Kisan,1365,0,1365,0.62,245775.0,4,BIKASH CHANDRA DAS
WEST BENGAL,211,CHANDIPUR,MALE,54.0,SC,BSP,Elephant,1253,1,1254,0.57,245775.0,5,BISWANATH GHORAI
WEST BENGAL,211,CHANDIPUR,,,,NOTA,NOTA,726,10,736,0.33,245775.0,6,NOTA
WEST BENGAL,211,CHANDIPUR,MALE,39.0,GENERAL,IND,Television,589,3,592,0.27,245775.0,7,ARUP KUMAR SAHOO
WEST BENGAL,211,CHANDIPUR,MALE,57.0,GENERAL,SUCI,Battery torch,470,5,475,0.22,245775.0,8,SWAPAN KUMAR BHOWMIK
TURN OUT,,,,,TOTAL:,,,218999,1328,220327,89.65,,,
WEST BENGAL,212,PATASHPUR,MALE,46.0,GENERAL,AITC,Flowers and Grass,104268,1031,105299,50.42,236413.0,1,UTTAM BARIK
WEST BENGAL,212,PATASHPUR,MALE,68.0,GENERAL,BJP,Lotus,94402,903,95305,45.64,236413.0,2,AMBUJAKSHA MAHANTI
WEST BENGAL,212,PATASHPUR,MALE,31.0,GENERAL,CPI,Ears of Corn And Sickle,6525,106,6631,3.18,236413.0,3,SAIKAT GIRI
WEST BENGAL,212,PATASHPUR,,,,NOTA,NOTA,856,5,861,0.41,236413.0,4,NOTA
WEST BENGAL,212,PATASHPUR,MALE,36.0,GENERAL,SUCI,Battery torch,721,10,731,0.35,236413.0,5,SURJYENDU BIKASH PATRA
TURN OUT,,,,,TOTAL:,,,206772,2055,208827,88.33,,,
WEST BENGAL,213,KANTHI UTTAR,FEMALE,53.0,GENERAL,BJP,Lotus,112677,847,113524,49.7,257427.0,1,SUMITA SINHA
WEST BENGAL,213,KANTHI UTTAR,MALE,45.0,GENERAL,AITC,Flowers and Grass,103116,1078,104194,45.62,257427.0,2,TARUN KUMAR JANA
WEST BENGAL,213,KANTHI UTTAR,MALE,45.0,GENERAL,CPI(M),"Hammer, Sickle and Star",6432,72,6504,2.85,257427.0,3,SUTANU MAITY
WEST BENGAL,213,KANTHI UTTAR,,,,NOTA,NOTA,1486,6,1492,0.65,257427.0,4,NOTA
WEST BENGAL,213,KANTHI UTTAR,MALE,43.0,GENERAL,IND,Football,864,2,866,0.38,257427.0,5,PRABIR MISHRA
WEST BENGAL,213,KANTHI UTTAR,MALE,45.0,GENERAL,SUCI,Battery torch,767,6,773,0.34,257427.0,6,PANCHANAN DAS
WEST BENGAL,213,KANTHI UTTAR,FEMALE,26.0,GENERAL,IND,Tractor Chalata Kisan,649,3,652,0.29,257427.0,7,LIRIKA MUKTAR
WEST BENGAL,213,KANTHI UTTAR,MALE,43.0,GENERAL,IND,Apple,213,0,213,0.09,257427.0,8,DEBASIS DAS
WEST BENGAL,213,KANTHI UTTAR,MALE,55.0,SC,IUC,Glass Tumbler,198,0,198,0.09,257427.0,9,BISWANATH DAS
TURN OUT,,,,,TOTAL:,,,226402,2014,228416,88.73,,,
WEST BENGAL,214,BHAGABANPUR,MALE,50.0,GENERAL,BJP,Lotus,120633,847,121480,54.56,254184.0,1,RABINDRANATH MAITY
WEST BENGAL,214,BHAGABANPUR,MALE,68.0,GENERAL,AITC,Flowers and Grass,93228,703,93931,42.19,254184.0,2,ARDHENDU MAITY
WEST BENGAL,214,BHAGABANPUR,MALE,42.0,GENERAL,INC,Hand,5192,82,5274,2.37,254184.0,3,SHIU MAITI
WEST BENGAL,214,BHAGABANPUR,,,,NOTA,NOTA,1013,6,1019,0.46,254184.0,4,NOTA
WEST BENGAL,214,BHAGABANPUR,MALE,59.0,GENERAL,SUCI,Battery torch,938,8,946,0.42,254184.0,5,ASOKTARU PRADHAN
TURN OUT,,,,,TOTAL:,,,221004,1646,222650,87.59,,,
WEST BENGAL,215,KHEJURI,MALE,36.0,SC,BJP,Lotus,109697,710,110407,51.93,238630.0,1,SANTANU PRAMANIK
WEST BENGAL,215,KHEJURI,MALE,50.0,SC,AITC,Flowers and Grass,91814,628,92442,43.48,238630.0,2,PARTHA PRATIM DAS
WEST BENGAL,215,KHEJURI,MALE,60.0,SC,CPI(M),"Hammer, Sickle and Star",7747,65,7812,3.67,238630.0,3,HIMANGSHU DAS
WEST BENGAL,215,KHEJURI,,,,NOTA,NOTA,1129,7,1136,0.53,238630.0,4,NOTA
WEST BENGAL,215,KHEJURI,MALE,67.0,SC,SUCI,Battery torch,817,7,824,0.39,238630.0,5,SOMNATH MANDAL
TURN OUT,,,,,TOTAL:,,,211204,1417,212621,89.1,,,
WEST BENGAL,216,KANTHI DAKSHIN,MALE,63.0,GENERAL,BJP,Lotus,97499,978,98477,50.58,224657.0,1,ARUP KUMAR DAS
WEST BENGAL,216,KANTHI DAKSHIN,MALE,73.0,GENERAL,AITC,Flowers and Grass,87257,927,88184,45.3,224657.0,2,JYOTIRMOY KAR
WEST BENGAL,216,KANTHI DAKSHIN,MALE,80.0,GENERAL,CPI,Ears of Corn And Sickle,5895,119,6014,3.09,224657.0,3,ANURUP PANDA
WEST BENGAL,216,KANTHI DAKSHIN,FEMALE,53.0,GENERAL,SUCI,Battery Torch,1130,6,1136,0.58,224657.0,4,SHRABANI PAHARI
WEST BENGAL,216,KANTHI DAKSHIN,,,,NOTA,NOTA,863,7,870,0.45,224657.0,5,NOTA
TURN OUT,,,,,TOTAL:,,,192644,2037,194681,86.66,,,
WEST BENGAL,217,RAMNAGAR,MALE,62.0,GENERAL,AITC,Flowers and Grass,111870,752,112622,50.72,264900.0,1,AKHIL GIRI
WEST BENGAL,217,RAMNAGAR,MALE,66.0,GENERAL,BJP,Lotus,99477,628,100105,45.08,264900.0,2,SWADESH RANJAN NAYAK
WEST BENGAL,217,RAMNAGAR,MALE,59.0,GENERAL,CPI(M),"Hammer, Sickle and Star",6657,94,6751,3.04,264900.0,3,SABYASACHI JANA
WEST BENGAL,217,RAMNAGAR,,,,NOTA,NOTA,1230,3,1233,0.56,264900.0,4,NOTA
WEST BENGAL,217,RAMNAGAR,FEMALE,54.0,GENERAL,SUCI,Battery torch,942,2,944,0.43,264900.0,5,ARATI PAHARI
WEST BENGAL,217,RAMNAGAR,FEMALE,30.0,GENERAL,RTORP,Pressure Cooker,399,6,405,0.18,264900.0,6,TRAYEE PRADHAN
TURN OUT,,,,,TOTAL:,,,220575,1485,222060,83.83,,,
WEST BENGAL,218,EGRA,MALE,53.0,GENERAL,AITC,Flowers and Grass,124805,958,125763,52.22,284614.0,1,TARUN KUMAR MAITY
WEST BENGAL,218,EGRA,MALE,30.0,GENERAL,BJP,Lotus,106357,915,107272,44.55,284614.0,2,ARUP DASH
WEST BENGAL,218,EGRA,MALE,60.0,GENERAL,INC,Hand,4997,89,5086,2.11,284614.0,3,MANAS KUMAR KARMAHAPATRA
WEST BENGAL,218,EGRA,,,,NOTA,NOTA,1388,5,1393,0.58,284614.0,4,NOTA
WEST BENGAL,218,EGRA,MALE,60.0,GENERAL,SUCI,Battery torch,1290,13,1303,0.54,284614.0,5,JAGADIS SAU
TURN OUT,,,,,TOTAL:,,,238837,1980,240817,84.61,,,
WEST BENGAL,219,DANTAN,MALE,67.0,GENERAL,AITC,Flowers and Grass,94609,600,95209,48.13,233841.0,1,BIKRAM CHANDRA PRADHAN
WEST BENGAL,219,DANTAN,MALE,61.0,GENERAL,BJP,Lotus,93834,752,94586,47.82,233841.0,2,SAKTIPADA NAYAK
WEST BENGAL,219,DANTAN,MALE,46.0,GENERAL,CPI,Ears of Corn And Sickle,5556,96,5652,2.86,233841.0,3,SISIR KUMAR PATRA
WEST BENGAL,219,DANTAN,,,,NOTA,NOTA,1245,5,1250,0.63,233841.0,4,NOTA
WEST BENGAL,219,DANTAN,MALE,59.0,GENERAL,SUCI,Battery Torch,1096,5,1101,0.56,233841.0,5,SUBHAS DAS
TURN OUT,,,,,TOTAL:,,,196340,1458,197798,84.59,,,
WEST BENGAL,220,NAYAGRAM,MALE,44.0,ST,AITC,Flowers and Grass,99825,1078,100903,52.46,226791.0,1,DULAL MURMU
WEST BENGAL,220,NAYAGRAM,MALE,52.0,ST,BJP,Lotus,77089,1060,78149,40.63,226791.0,2,BAKUL MURMU
WEST BENGAL,220,NAYAGRAM,MALE,42.0,ST,CPI(M),"Hammer, Sickle and Star",5755,108,5863,3.05,226791.0,3,HARIPADA SAREN
WEST BENGAL,220,NAYAGRAM,,,,NOTA,NOTA,3077,9,3086,1.6,226791.0,4,NOTA
WEST BENGAL,220,NAYAGRAM,MALE,37.0,ST,BSP,Elephant,1844,14,1858,0.97,226791.0,5,SHYAM MANDI
WEST BENGAL,220,NAYAGRAM,MALE,36.0,ST,IND,Football,896,9,905,0.47,226791.0,6,BIDHAN CHANDRA SING
WEST BENGAL,220,NAYAGRAM,MALE,32.0,ST,IND,FLUTE,897,4,901,0.47,226791.0,7,SHYAMLAL HANSDA
WEST BENGAL,220,NAYAGRAM,MALE,38.0,ST,SUCI,Battery torch,685,4,689,0.36,226791.0,8,KALICHARAN BESHRA
TURN OUT,,,,,TOTAL:,,,190068,2286,192354,84.82,,,
WEST BENGAL,221,GOPIBALLAVPUR,MALE,39.0,GENERAL,AITC,Flowers and Grass,102710,1405,104115,52.3,226417.0,1,DR. KHAGENDRA NATH MAHATA
WEST BENGAL,221,GOPIBALLAVPUR,MALE,43.0,GENERAL,BJP,Lotus,79106,1241,80347,40.36,226417.0,2,SANJIT MAHATA
WEST BENGAL,221,GOPIBALLAVPUR,MALE,56.0,GENERAL,CPI(M),"Hammer, Sickle and Star",5689,130,5819,2.92,226417.0,3,PRASANTA KUMAR DAS
WEST BENGAL,221,GOPIBALLAVPUR,,,,NOTA,NOTA,2781,10,2791,1.4,226417.0,4,NOTA
WEST BENGAL,221,GOPIBALLAVPUR,MALE,46.0,SC,BSP,Elephant,1248,12,1260,0.63,226417.0,5,BANAMALI NAYEK
WEST BENGAL,221,GOPIBALLAVPUR,MALE,42.0,GENERAL,IND,Grapes,1214,10,1224,0.61,226417.0,6,SUBHAS MAHATA (BULA BABU)
WEST BENGAL,221,GOPIBALLAVPUR,MALE,46.0,GENERAL,IND,Football,1162,5,1167,0.59,226417.0,7,RAJESH MAHATO
WEST BENGAL,221,GOPIBALLAVPUR,MALE,30.0,GENERAL,IND,Whistle,972,8,980,0.49,226417.0,8,ASHOKE MAHATA
WEST BENGAL,221,GOPIBALLAVPUR,MALE,56.0,GENERAL,IND,Bat,767,11,778,0.39,226417.0,9,SUSANTA KUMAR DAS
WEST BENGAL,221,GOPIBALLAVPUR,MALE,64.0,GENERAL,IND,Battery torch,572,17,589,0.3,226417.0,10,JITEN GIRI
TURN OUT,,,,,TOTAL:,,,196221,2849,199070,87.92,,,
WEST BENGAL,222,JHARGRAM,FEMALE,38.0,ST,AITC,Flowers and Grass,108044,1449,109493,54.26,236035.0,1,BIRBAHA HANSDA
WEST BENGAL,222,JHARGRAM,MALE,52.0,GENERAL,BJP,Lotus,70048,1205,71253,35.31,236035.0,2,SUKHAMAY SATPATHY (JAHAR)
WEST BENGAL,222,JHARGRAM,FEMALE,37.0,GENERAL,CPI(M),"Hammer, Sickle and Star",10179,251,10430,5.17,236035.0,3,MADHUJA SEN ROY
WEST BENGAL,222,JHARGRAM,,,,NOTA,NOTA,3615,21,3636,1.8,236035.0,4,NOTA
WEST BENGAL,222,JHARGRAM,MALE,73.0,GENERAL,BSP,Elephant,1786,16,1802,0.89,236035.0,5,RAMKRISHNA SARKAR
WEST BENGAL,222,JHARGRAM,FEMALE,52.0,GENERAL,SUCI,Battery torch,1187,6,1193,0.59,236035.0,6,ARCHANA SAIN
WEST BENGAL,222,JHARGRAM,MALE,44.0,GENERAL,IND,Football,1155,4,1159,0.57,236035.0,7,MADHUSUDAN SINGHA
WEST BENGAL,222,JHARGRAM,MALE,57.0,ST,IND,FLUTE,941,11,952,0.47,236035.0,8,HAMLET BASKEY
WEST BENGAL,222,JHARGRAM,MALE,47.0,GENERAL,IND,Balloon,786,14,800,0.4,236035.0,9,SIBAJI MAHATA
WEST BENGAL,222,JHARGRAM,MALE,26.0,ST,AMB,COMPUTER,573,7,580,0.29,236035.0,10,LAXMAN HANSDA
WEST BENGAL,222,JHARGRAM,MALE,57.0,SC,IND,Bat,488,11,499,0.25,236035.0,11,ASHUTOSH RANA
TURN OUT,,,,,TOTAL:,,,198802,2995,201797,85.49,,,
WEST BENGAL,223,KESHIARY,MALE,52.0,ST,AITC,Flowers and Grass,105826,540,106366,50.01,238835.0,1,PARESH MURMU
WEST BENGAL,223,KESHIARY,FEMALE,40.0,ST,BJP,Lotus,90298,738,91036,42.8,238835.0,2,SONALI MURMU SOREN
WEST BENGAL,223,KESHIARY,MALE,53.0,ST,CPI(M),"Hammer, Sickle and Star",9165,105,9270,4.36,238835.0,3,DR. PULIN BIHARI BASKE
WEST BENGAL,223,KESHIARY,,,,NOTA,NOTA,2564,6,2570,1.21,238835.0,4,NOTA
WEST BENGAL,223,KESHIARY,MALE,30.0,ST,BSP,Elephant,1899,5,1904,0.9,238835.0,5,MITHUN MANDI
WEST BENGAL,223,KESHIARY,MALE,49.0,ST,SUCI,Battery Torch,1523,12,1535,0.72,238835.0,6,JHARESWAR ROUTH
TURN OUT,,,,,TOTAL:,,,211275,1406,212681,89.05,,,
WEST BENGAL,224,KHARAGPUR SADAR,MALE,45.0,GENERAL,BJP,Lotus,79129,478,79607,46.45,234672.0,1,HIRANMOY CHATTOPADHYAYA
WEST BENGAL,224,KHARAGPUR SADAR,MALE,49.0,GENERAL,AITC,Flowers and Grass,75461,375,75836,44.25,234672.0,2,PRADIP SARKAR
WEST BENGAL,224,KHARAGPUR SADAR,FEMALE,62.0,GENERAL,INC,Hand,10705,86,10791,6.3,234672.0,3,REETA SHARMA
WEST BENGAL,224,KHARAGPUR SADAR,,,,NOTA,NOTA,2628,15,2643,1.54,234672.0,4,NOTA
WEST BENGAL,224,KHARAGPUR SADAR,MALE,43.0,GENERAL,HUMP,CCTV Camera,1697,4,1701,0.99,234672.0,5,D. MADHUSUDAN RAO
WEST BENGAL,224,KHARAGPUR SADAR,MALE,53.0,GENERAL,SUCI,Battery torch,800,7,807,0.47,234672.0,6,SURANJAN MAHAPATRA
TURN OUT,,,,,TOTAL:,,,170420,965,171385,73.03,,,
WEST BENGAL,225,NARAYANGARH,MALE,57.0,GENERAL,AITC,Flowers and Grass,100440,454,100894,46.33,243832.0,1,ATTA SURJA KANTA
WEST BENGAL,225,NARAYANGARH,MALE,45.0,GENERAL,BJP,Lotus,97758,720,98478,45.23,243832.0,2,RAMA PRASAD GIRI
WEST BENGAL,225,NARAYANGARH,MALE,54.0,GENERAL,CPI(M),"Hammer, Sickle and Star",13070,159,13229,6.08,243832.0,3,TAPAS SINHA
WEST BENGAL,225,NARAYANGARH,MALE,63.0,GENERAL,SUCI,Battery torch,2812,21,2833,1.3,243832.0,4,SHYAMA PADA JANA
WEST BENGAL,225,NARAYANGARH,,,,NOTA,NOTA,1750,6,1756,0.81,243832.0,5,NOTA
WEST BENGAL,225,NARAYANGARH,MALE,33.0,GENERAL,IND,Bat,557,3,560,0.26,243832.0,6,BANAMALI DAS
TURN OUT,,,,,TOTAL:,,,216387,1363,217750,89.3,,,
WEST BENGAL,226,SABANG,MALE,68.0,GENERAL,AITC,Flowers and Grass,110370,1728,112098,47.46,264783.0,1,MANAS RANJAN BHUNIA
WEST BENGAL,226,SABANG,MALE,63.0,GENERAL,BJP,Lotus,100807,1427,102234,43.28,264783.0,2,AMULYA MAITY
WEST BENGAL,226,SABANG,MALE,47.0,GENERAL,INC,Hand,17099,344,17443,7.38,264783.0,3,CHIRANJIB BHOWMIK
WEST BENGAL,226,SABANG,,,,NOTA,NOTA,1515,19,1534,0.65,264783.0,4,NOTA
WEST BENGAL,226,SABANG,MALE,59.0,GENERAL,SUCI,Battery torch,1453,29,1482,0.63,264783.0,5,HAREKRISHNA MAITI
WEST BENGAL,226,SABANG,MALE,27.0,SC,AMB,COMPUTER,1408,2,1410,0.6,264783.0,6,DEBASHIS BARMAN
TURN OUT,,,,,TOTAL:,,,232652,3549,236201,89.21,,,
WEST BENGAL,227,PINGLA,MALE,66.0,GENERAL,AITC,Flowers and Grass,111624,811,112435,49.17,255054.0,1,AJIT MAITY
WEST BENGAL,227,PINGLA,FEMALE,47.0,GENERAL,BJP,Lotus,104754,1025,105779,46.26,255054.0,2,ANTARA BHATTACHARYYA
WEST BENGAL,227,PINGLA,MALE,72.0,GENERAL,INC,Hand,7021,82,7103,3.11,255054.0,3,SAMIR ROY
WEST BENGAL,227,PINGLA,,,,NOTA,NOTA,2060,13,2073,0.91,255054.0,4,NOTA
WEST BENGAL,227,PINGLA,MALE,39.0,GENERAL,SUCI,Battery torch,1270,9,1279,0.56,255054.0,5,SISHIR KUMAR MANNA
TURN OUT,,,,,TOTAL:,,,226729,1940,228669,89.66,,,
WEST BENGAL,228,KHARAGPUR,MALE,65.0,GENERAL,AITC,Flowers and Grass,109250,477,109727,54.85,227081.0,1,DINEN ROY
WEST BENGAL,228,KHARAGPUR,MALE,45.0,GENERAL,BJP,Lotus,72505,992,73497,36.74,227081.0,2,TAPAN BHUYA
WEST BENGAL,228,KHARAGPUR,MALE,29.0,GENERAL,CPI(M),"Hammer, Sickle and Star",11156,89,11245,5.62,227081.0,3,SYED SADDAM ALI
WEST BENGAL,228,KHARAGPUR,,,,NOTA,NOTA,2310,4,2314,1.16,227081.0,4,NOTA
WEST BENGAL,228,KHARAGPUR,MALE,38.0,GENERAL,HUMP,CCTV Camera,1687,3,1690,0.84,227081.0,5,SEKH ABDUR RAHAMAN
WEST BENGAL,228,KHARAGPUR,MALE,49.0,SC,SUCI,Battery torch,949,5,954,0.48,227081.0,6,MANIK CHANDRA PARIA
WEST BENGAL,228,KHARAGPUR,FEMALE,27.0,GENERAL,AMB,Bat,611,6,617,0.31,227081.0,7,BARSHA MAHAPATRA
TURN OUT,,,,,TOTAL:,,,198468,1576,200044,88.09,,,
WEST BENGAL,229,DEBRA,MALE,59.0,GENERAL,AITC,Flowers and Grass,94683,1167,95850,46.79,234184.0,1,HUMAYUN KABIR
WEST BENGAL,229,DEBRA,FEMALE,58.0,GENERAL,BJP,Lotus,83654,970,84624,41.31,234184.0,2,BHARATI GHOSH
WEST BENGAL,229,DEBRA,MALE,51.0,GENERAL,CPI(M),"Hammer, Sickle and Star",20450,273,20723,10.12,234184.0,3,PRANKRISHNA MONDAL
WEST BENGAL,229,DEBRA,MALE,49.0,GENERAL,SUCI,BUCKET,1501,8,1509,0.74,234184.0,4,DIPANKAR MAITY
WEST BENGAL,229,DEBRA,,,,NOTA,NOTA,1346,7,1353,0.66,234184.0,5,NOTA
WEST BENGAL,229,DEBRA,MALE,44.0,GENERAL,IND,Batsman,806,1,807,0.39,234184.0,6,SUKANTA DAS
TURN OUT,,,,,TOTAL:,,,202440,2426,204866,87.48,,,
WEST BENGAL,230,DASPUR,FEMALE,59.0,GENERAL,AITC,Flowers and Grass,113911,842,114753,51.58,298096.0,1,MAMATA BHUNIA
WEST BENGAL,230,DASPUR,MALE,36.0,GENERAL,BJP,Lotus,87178,733,87911,39.52,298096.0,2,PRASANTA BERA
WEST BENGAL,230,DASPUR,MALE,49.0,GENERAL,CPI(M),"Hammer, Sickle and Star",16649,396,17045,7.66,298096.0,3,DHRUBA SEKHAR MANDAL
WEST BENGAL,230,DASPUR,MALE,41.0,GENERAL,SUCI,Battery torch,1379,8,1387,0.62,298096.0,4,JAGADISH MONDAL ADHIKARY
WEST BENGAL,230,DASPUR,,,,NOTA,NOTA,1356,12,1368,0.61,298096.0,5,NOTA
TURN OUT,,,,,TOTAL:,,,220473,1991,222464,74.63,,,
WEST BENGAL,231,GHATAL,MALE,31.0,SC,BJP,Lotus,104753,1059,105812,46.95,279908.0,1,SITAL KAPAT
WEST BENGAL,231,GHATAL,MALE,63.0,SC,AITC,Flowers and Grass,104044,802,104846,46.52,279908.0,2,SHANKAR DOLAI
WEST BENGAL,231,GHATAL,MALE,47.0,SC,CPI(M),"Hammer, Sickle and Star",9931,234,10165,4.51,279908.0,3,KAMAL CHANDRA DOLUI
WEST BENGAL,231,GHATAL,MALE,58.0,SC,SUCI,Battery torch,1998,10,2008,0.89,279908.0,4,ANJAN JANA
WEST BENGAL,231,GHATAL,,,,NOTA,NOTA,1295,10,1305,0.58,279908.0,5,NOTA
WEST BENGAL,231,GHATAL,MALE,51.0,SC,IND,Pen Nib with Seven Rays,1232,7,1239,0.55,279908.0,6,TAPAN KUMAR DOLUI
TURN OUT,,,,,TOTAL:,,,223253,2122,225375,80.52,,,
WEST BENGAL,232,CHANDRAKONA,MALE,40.0,SC,AITC,Flowers and Grass,121315,531,121846,48.87,279867.0,1,ARUP DHARA
WEST BENGAL,232,CHANDRAKONA,MALE,44.0,SC,BJP,Lotus,109831,734,110565,44.35,279867.0,2,SIBARAM DAS
WEST BENGAL,232,CHANDRAKONA,MALE,65.0,SC,RSSCMJP,Envelope,10712,89,10801,4.33,279867.0,3,GOURANGA DAS
WEST BENGAL,232,CHANDRAKONA,,,,NOTA,NOTA,2900,6,2906,1.17,279867.0,4,NOTA
WEST BENGAL,232,CHANDRAKONA,MALE,65.0,SC,IND,Camera,1666,4,1670,0.67,279867.0,5,SUDHIR ARI
WEST BENGAL,232,CHANDRAKONA,MALE,53.0,SC,SUCI,Battery torch,1524,3,1527,0.61,279867.0,6,AKSHAY KHAN
TURN OUT,,,,,TOTAL:,,,247948,1367,249315,89.08,,,
WEST BENGAL,233,GARBETA,FEMALE,56.0,GENERAL,AITC,Flowers and Grass,94358,570,94928,45.71,232046.0,1,UTTARA SINGHA (HAZRA)
WEST BENGAL,233,GARBETA,MALE,49.0,GENERAL,BJP,Lotus,83739,617,84356,40.62,232046.0,2,MADAN RUIDAS
WEST BENGAL,233,GARBETA,MALE,59.0,GENERAL,CPI(M),"Hammer, Sickle and Star",22912,130,23042,11.09,232046.0,3,GHOSH KUMAR TAPAN
WEST BENGAL,233,GARBETA,,,,NOTA,NOTA,2701,18,2719,1.31,232046.0,4,NOTA
WEST BENGAL,233,GARBETA,MALE,52.0,GENERAL,SUCI,Battery torch,1796,7,1803,0.87,232046.0,5,TAPAS KUMAR MISHRA
WEST BENGAL,233,GARBETA,MALE,25.0,GENERAL,IND,Bat,830,3,833,0.4,232046.0,6,KUTUBUDDIN KHAN
TURN OUT,,,,,TOTAL:,,,206336,1345,207681,89.5,,,
WEST BENGAL,234,SALBONI,MALE,45.0,GENERAL,AITC,Flowers and Grass,125097,923,126020,50.57,276940.0,1,SRIKANTA MAHATA
WEST BENGAL,234,SALBONI,MALE,40.0,GENERAL,BJP,Lotus,92415,961,93376,37.47,276940.0,2,RAJIB KUNDU
WEST BENGAL,234,SALBONI,MALE,63.0,GENERAL,CPI(M),"Hammer, Sickle and Star",19650,209,19859,7.97,276940.0,3,GHOSH SUSANTA
WEST BENGAL,234,SALBONI,MALE,37.0,GENERAL,IND,Football,2632,11,2643,1.06,276940.0,4,RASBIHARI MAHATA
WEST BENGAL,234,SALBONI,,,,NOTA,NOTA,1956,9,1965,0.79,276940.0,5,NOTA
WEST BENGAL,234,SALBONI,MALE,37.0,ST,IND,Football Player,1643,14,1657,0.66,276940.0,6,LAKSMI KANTA MURMU
WEST BENGAL,234,SALBONI,MALE,28.0,GENERAL,AMB,Pen Nib with Seven Rays,1591,18,1609,0.65,276940.0,7,AKSHAYA KUMAR MAHATA
WEST BENGAL,234,SALBONI,MALE,44.0,GENERAL,HUMP,CCTV Camera,753,3,756,0.3,276940.0,8,MD. KABIRUL ISLAM KHAN
WEST BENGAL,234,SALBONI,MALE,38.0,GENERAL,IND,Boat with Man and Sail,741,4,745,0.3,276940.0,9,ANIMESH MAHATA
WEST BENGAL,234,SALBONI,MALE,44.0,GENERAL,SUCI,Battery torch,563,2,565,0.23,276940.0,10,PARESH CHANDRA DUTTA
TURN OUT,,,,,TOTAL:,,,247041,2154,249195,89.98,,,
WEST BENGAL,235,KESHPUR,FEMALE,51.0,SC,AITC,Flowers and Grass,116520,472,116992,50.81,261529.0,1,SEULI SAHA
WEST BENGAL,235,KESHPUR,MALE,57.0,SC,BJP,Lotus,95859,413,96272,41.82,261529.0,2,PRITISH RANJAN KUAR
WEST BENGAL,235,KESHPUR,MALE,68.0,SC,CPI(M),"Hammer, Sickle and Star",13572,98,13670,5.94,261529.0,3,RAMESWAR DOLOI
WEST BENGAL,235,KESHPUR,,,,NOTA,NOTA,3287,11,3298,1.43,261529.0,4,NOTA
TURN OUT,,,,,TOTAL:,,,229238,994,230232,88.03,,,
WEST BENGAL,236,MEDINIPUR,FEMALE,51.0,GENERAL,AITC,Flowers and Grass,119964,1211,121175,50.72,280060.0,1,JUNE MALIAH
WEST BENGAL,236,MEDINIPUR,MALE,51.0,GENERAL,BJP,Lotus,95168,1610,96778,40.51,280060.0,2,SAMIT KUMAR DASH
WEST BENGAL,236,MEDINIPUR,MALE,61.0,GENERAL,CPI,Ears of Corn And Sickle,12565,419,12984,5.43,280060.0,3,TARUN KUMAR GHOSH
WEST BENGAL,236,MEDINIPUR,,,,NOTA,NOTA,3900,28,3928,1.64,280060.0,4,NOTA
WEST BENGAL,236,MEDINIPUR,MALE,66.0,GENERAL,AMB,Pen Nib with Seven Rays,1548,17,1565,0.66,280060.0,5,SUKESH PALMAL
WEST BENGAL,236,MEDINIPUR,MALE,49.0,GENERAL,SUCI,Battery torch,1468,32,1500,0.63,280060.0,6,DEBASISH AICH
WEST BENGAL,236,MEDINIPUR,MALE,44.0,GENERAL,IND,Football,957,11,968,0.41,280060.0,7,BISHWAJIT MAHATA
TURN OUT,,,,,TOTAL:,,,235570,3328,238898,85.3,,,
WEST BENGAL,237,BINPUR,MALE,38.0,ST,AITC,Flowers and Grass,99786,491,100277,53.11,224036.0,1,DEBNATH HANSDA
WEST BENGAL,237,BINPUR,MALE,28.0,ST,BJP,Lotus,60213,570,60783,32.19,224036.0,2,PALAN SAREN
WEST BENGAL,237,BINPUR,MALE,62.0,ST,CPI(M),"Hammer, Sickle and Star",8268,85,8353,4.42,224036.0,3,DIBAKAR HANSDA
WEST BENGAL,237,BINPUR,MALE,25.0,ST,IND,Pan,6308,10,6318,3.35,224036.0,4,NITYALAL SING
WEST BENGAL,237,BINPUR,MALE,44.0,ST,BSP,Elephant,3526,4,3530,1.87,224036.0,5,PATAL CHANDRA MURMU
WEST BENGAL,237,BINPUR,,,,NOTA,NOTA,3296,9,3305,1.75,224036.0,6,NOTA
WEST BENGAL,237,BINPUR,MALE,42.0,ST,IND,FLUTE,2679,6,2685,1.42,224036.0,7,BABLU MURMU
WEST BENGAL,237,BINPUR,MALE,46.0,ST,IND,Pineapple,1813,2,1815,0.96,224036.0,8,MANGAL CHANDRA SARDAR
WEST BENGAL,237,BINPUR,MALE,34.0,ST,SUCI,Battery torch,1729,3,1732,0.92,224036.0,9,RAJIB MUDI
TURN OUT,,,,,TOTAL:,,,187618,1180,188798,84.27,,,
WEST BENGAL,238,BANDWAN,MALE,47.0,ST,AITC,Flowers and Grass,112183,1154,113337,47.02,284840.0,1,RAJIB LOCHAN SAREN
WEST BENGAL,238,BANDWAN,MALE,41.0,ST,BJP,Lotus,93298,1208,94506,39.21,284840.0,2,PARCY MURMU
WEST BENGAL,238,BANDWAN,MALE,41.0,ST,CPI(M),"Hammer, Sickle and Star",21928,276,22204,9.21,284840.0,3,BESRA SUSANTA KUMAR
WEST BENGAL,238,BANDWAN,MALE,50.0,ST,IND,BENCH,5008,59,5067,2.1,284840.0,4,SIB SANKAR SINGH
WEST BENGAL,238,BANDWAN,MALE,49.0,ST,BSP,Elephant,2976,11,2987,1.24,284840.0,5,TIKARAM HEMBRAM
WEST BENGAL,238,BANDWAN,,,,NOTA,NOTA,2939,15,2954,1.23,284840.0,6,NOTA
TURN OUT,,,,,TOTAL:,,,238332,2723,241055,84.63,,,
WEST BENGAL,239,BALARAMPUR,MALE,48.0,GENERAL,BJP,Lotus,88803,718,89521,45.22,238113.0,1,BANESWAR MAHATO
WEST BENGAL,239,BALARAMPUR,MALE,68.0,GENERAL,AITC,Flowers and Grass,88530,568,89098,45.01,238113.0,2,SHANTIRAM MAHATO
WEST BENGAL,239,BALARAMPUR,MALE,64.0,GENERAL,INC,Hand,8842,53,8895,4.49,238113.0,3,UTTAM KUMAR BANDYOPADHYAY
WEST BENGAL,239,BALARAMPUR,,,,NOTA,NOTA,2432,9,2441,1.23,238113.0,4,NOTA
WEST BENGAL,239,BALARAMPUR,MALE,46.0,ST,APoI,Coat,2150,3,2153,1.09,238113.0,5,SITARAM HANSDA
WEST BENGAL,239,BALARAMPUR,MALE,38.0,GENERAL,SUCI,Battery torch,1791,2,1793,0.91,238113.0,6,DIPAK KUMAR
WEST BENGAL,239,BALARAMPUR,MALE,49.0,ST,IND,Tiller,1467,11,1478,0.75,238113.0,7,ASWINI SINGH SARDAR
WEST BENGAL,239,BALARAMPUR,FEMALE,52.0,ST,BSP,Elephant,1410,6,1416,0.72,238113.0,8,ANANDI TUDU
WEST BENGAL,239,BALARAMPUR,MALE,51.0,GENERAL,BHMP,Slate,1167,3,1170,0.59,238113.0,9,SUBHASH MAHATO
TURN OUT,,,,,TOTAL:,,,196592,1373,197965,83.14,,,
WEST BENGAL,240,BAGHMUNDI,MALE,39.0,GENERAL,AITC,Flowers and Grass,75245,660,75905,36.79,249613.0,1,SUSHANTA MAHATO
WEST BENGAL,240,BAGHMUNDI,MALE,53.0,GENERAL,AJSUP,Banana,61510,426,61936,30.02,249613.0,2,ASHUTOSH MAHATO
WEST BENGAL,240,BAGHMUNDI,MALE,59.0,GENERAL,INC,Hand,50615,431,51046,24.74,249613.0,3,NEPAL CHANDRA MAHATO
WEST BENGAL,240,BAGHMUNDI,MALE,37.0,GENERAL,AIFB,Lion,11733,109,11842,5.74,249613.0,4,DEBRANJAN MAHATO
WEST BENGAL,240,BAGHMUNDI,,,,NOTA,NOTA,2375,11,2386,1.16,249613.0,5,NOTA
WEST BENGAL,240,BAGHMUNDI,MALE,66.0,GENERAL,AMB,Boat with Man and Sail,1992,8,2000,0.97,249613.0,6,PASHUPATI MAHATO
WEST BENGAL,240,BAGHMUNDI,MALE,56.0,ST,SUCI,Battery torch,1182,6,1188,0.58,249613.0,7,MRITYUNJOY SINGH BABU
TURN OUT,,,,,TOTAL:,,,204652,1651,206303,82.65,,,
WEST BENGAL,241,JOYPUR,MALE,65.0,GENERAL,BJP,Lotus,73713,667,74380,36.68,249621.0,1,NARA HARI MAHATO
WEST BENGAL,241,JOYPUR,MALE,55.0,GENERAL,INC,Hand,61611,569,62180,30.67,249621.0,2,PHANIBHUSHAN KUMAR
WEST BENGAL,241,JOYPUR,MALE,36.0,GENERAL,IND,Football,35281,148,35429,17.47,249621.0,3,DIBYAJOTI SINGH DEO
WEST BENGAL,241,JOYPUR,MALE,65.0,GENERAL,AIFB,Lion,19200,213,19413,9.57,249621.0,4,DHIRENDRA NATH MAHATO
WEST BENGAL,241,JOYPUR,,,,NOTA,NOTA,2944,12,2956,1.46,249621.0,5,NOTA
WEST BENGAL,241,JOYPUR,MALE,67.0,GENERAL,MPOI,Whistle,2086,16,2102,1.04,249621.0,6,JAWAHAR LAL MAHATO
WEST BENGAL,241,JOYPUR,MALE,34.0,GENERAL,IND,Bat,1928,52,1980,0.98,249621.0,7,NEPAL CHANDRA MAHATO
WEST BENGAL,241,JOYPUR,MALE,62.0,GENERAL,IND,Boat with Man and Sail,1405,14,1419,0.7,249621.0,8,NAGESWAR MAHATO
WEST BENGAL,241,JOYPUR,MALE,47.0,GENERAL,IND,BUCKET,1162,7,1169,0.58,249621.0,9,BAHADUR KUSHBAHA KUIRI
WEST BENGAL,241,JOYPUR,MALE,33.0,GENERAL,SUCI,Battery torch,1121,5,1126,0.56,249621.0,10,BHAGIRATH MAHATO
WEST BENGAL,241,JOYPUR,MALE,70.0,GENERAL,ABHM,Cot,606,7,613,0.3,249621.0,11,TIRTHANATH MAHATA
TURN OUT,,,,,TOTAL:,,,201057,1710,202767,81.23,,,
WEST BENGAL,242,PURULIA,MALE,51.0,GENERAL,BJP,Lotus,88899,834,89733,43.38,258947.0,1,SUDIP KUMAR MUKHERJEE
WEST BENGAL,242,PURULIA,MALE,63.0,GENERAL,AITC,Flowers and Grass,82134,581,82715,39.98,258947.0,2,SUJOY BANERJEE
WEST BENGAL,242,PURULIA,MALE,53.0,GENERAL,INC,Hand,24736,260,24996,12.08,258947.0,3,PARTHA PRATIM BANERJEE
WEST BENGAL,242,PURULIA,,,,NOTA,NOTA,2565,23,2588,1.25,258947.0,4,NOTA
WEST BENGAL,242,PURULIA,MALE,49.0,GENERAL,IND,Hat,1916,2,1918,0.93,258947.0,5,BIRENDRANATH MAHATO
WEST BENGAL,242,PURULIA,MALE,48.0,GENERAL,IND,Sitar,1298,6,1304,0.63,258947.0,6,ADITYA MAHATO
WEST BENGAL,242,PURULIA,FEMALE,41.0,GENERAL,SUCI,Battery torch,1196,13,1209,0.58,258947.0,7,RANI MAHATO
WEST BENGAL,242,PURULIA,MALE,30.0,SC,BSP,Elephant,1032,2,1034,0.5,258947.0,8,MANAS SARDAR
WEST BENGAL,242,PURULIA,MALE,46.0,GENERAL,IND,BOX,554,4,558,0.27,258947.0,9,MRITUNJOY PANDEY
WEST BENGAL,242,PURULIA,MALE,44.0,GENERAL,IND,Bat,424,0,424,0.2,258947.0,10,ABHIJIT BHATTACHARYA
WEST BENGAL,242,PURULIA,MALE,57.0,GENERAL,AMB,Boat with Man and Sail,385,4,389,0.19,258947.0,11,HARENDRA NATH MAHATO
TURN OUT,,,,,TOTAL:,,,205139,1729,206868,79.89,,,
WEST BENGAL,243,MANBAZAR,FEMALE,50.0,ST,AITC,Flowers and Grass,102169,1129,103298,48.33,253708.0,1,SANDHYARANI TUDU
WEST BENGAL,243,MANBAZAR,FEMALE,47.0,ST,BJP,Lotus,86679,1103,87782,41.07,253708.0,2,GOURI SINGH SARDAR
WEST BENGAL,243,MANBAZAR,MALE,48.0,ST,CPI(M),"Hammer, Sickle and Star",16516,333,16849,7.88,253708.0,3,YAMINIKANTA MANDI
WEST BENGAL,243,MANBAZAR,,,,NOTA,NOTA,2272,19,2291,1.07,253708.0,4,NOTA
WEST BENGAL,243,MANBAZAR,MALE,41.0,ST,BSP,Elephant,1886,19,1905,0.89,253708.0,5,PURNA CHANDRA TUDU
WEST BENGAL,243,MANBAZAR,MALE,36.0,ST,IND,Saw,1595,9,1604,0.75,253708.0,6,SWAPANKUMAR MURMU
TURN OUT,,,,,TOTAL:,,,211117,2612,213729,84.24,,,
WEST BENGAL,244,KASHIPUR,MALE,46.0,ST,BJP,Lotus,92061,877,92938,47.69,238871.0,1,KAMALAKANTA HANSDA
WEST BENGAL,244,KASHIPUR,MALE,58.0,GENERAL,AITC,Flowers and Grass,84829,722,85551,43.9,238871.0,2,SWAPAN KUMAR BELTHARIA
WEST BENGAL,244,KASHIPUR,FEMALE,40.0,GENERAL,CPI(M),"Hammer, Sickle and Star",10744,183,10927,5.61,238871.0,3,MALLIKA MAHATA
WEST BENGAL,244,KASHIPUR,,,,NOTA,NOTA,2385,16,2401,1.23,238871.0,4,NOTA
WEST BENGAL,244,KASHIPUR,MALE,47.0,GENERAL,SUCI,Battery torch,2257,12,2269,1.16,238871.0,5,DIPAK MAHATO
WEST BENGAL,244,KASHIPUR,MALE,33.0,GENERAL,AMB,Boat with Man and Sail,804,2,806,0.41,238871.0,6,NARENDRA NATH MAHATA
TURN OUT,,,,,TOTAL:,,,193080,1812,194892,81.59,,,
WEST BENGAL,245,PARA,MALE,43.0,SC,BJP,Lotus,86930,417,87347,45.02,243906.0,1,NADIAR CHAND BOURI
WEST BENGAL,245,PARA,MALE,38.0,SC,AITC,Flowers and Grass,82986,354,83340,42.95,243906.0,2,UMAPADA BAURI
WEST BENGAL,245,PARA,MALE,27.0,SC,CPI(M),"Hammer, Sickle and Star",13596,85,13681,7.05,243906.0,3,SWAPAN KUMAR BAURI
WEST BENGAL,245,PARA,,,,NOTA,NOTA,3647,10,3657,1.88,243906.0,4,NOTA
WEST BENGAL,245,PARA,MALE,52.0,SC,SUCI,Battery torch,1891,6,1897,0.98,243906.0,5,JAGANNATH BAURI
WEST BENGAL,245,PARA,MALE,35.0,SC,BSP,Elephant,1672,4,1676,0.86,243906.0,6,SUDARSHAN RAJWAR
WEST BENGAL,245,PARA,MALE,47.0,SC,IND,Air Conditioner,1649,2,1651,0.85,243906.0,7,SWAPAN BAURI
WEST BENGAL,245,PARA,FEMALE,40.0,SC,IND,Bricks,762,10,772,0.4,243906.0,8,BABITA BOURI
TURN OUT,,,,,TOTAL:,,,193133,888,194021,79.55,,,
WEST BENGAL,246,RAGHUNATHPUR,MALE,44.0,SC,BJP,Lotus,94994,776,95770,44.61,259434.0,1,VIVEKANANDA BAURI
WEST BENGAL,246,RAGHUNATHPUR,MALE,39.0,SC,AITC,Flowers and Grass,89671,661,90332,42.08,259434.0,2,BOURI HAZARI
WEST BENGAL,246,RAGHUNATHPUR,MALE,46.0,SC,CPI(M),"Hammer, Sickle and Star",14579,159,14738,6.86,259434.0,3,GANESH BOURI
WEST BENGAL,246,RAGHUNATHPUR,MALE,47.0,SC,SUCI,Battery torch,3802,27,3829,1.78,259434.0,4,PASHUPATI ROY
WEST BENGAL,246,RAGHUNATHPUR,,,,NOTA,NOTA,3537,20,3557,1.66,259434.0,5,NOTA
WEST BENGAL,246,RAGHUNATHPUR,MALE,34.0,SC,IND,Coat,2386,17,2403,1.12,259434.0,6,SUMANTA BOURI
WEST BENGAL,246,RAGHUNATHPUR,MALE,49.0,SC,IND,Almirah,2343,11,2354,1.1,259434.0,7,MIHIR BAURI
WEST BENGAL,246,RAGHUNATHPUR,MALE,35.0,SC,BSP,Elephant,1692,15,1707,0.8,259434.0,8,BOURI PARIMAL
TURN OUT,,,,,TOTAL:,,,213004,1686,214690,82.75,,,
WEST BENGAL,247,SALTORA,FEMALE,30.0,SC,BJP,Lotus,91032,616,91648,45.28,232517.0,1,BAURI CHANDANA
WEST BENGAL,247,SALTORA,MALE,46.0,SC,AITC,Flowers and Grass,86814,689,87503,43.23,232517.0,2,SONTOSH KUMAR MONDAL
WEST BENGAL,247,SALTORA,MALE,51.0,SC,CPI(M),"Hammer, Sickle and Star",13982,102,14084,6.96,232517.0,3,NANDADULAL BAURI
WEST BENGAL,247,SALTORA,MALE,55.0,SC,BMUP,Cot,3539,15,3554,1.76,232517.0,4,ADITYA KUMAR BAURI
WEST BENGAL,247,SALTORA,,,,NOTA,NOTA,3350,13,3363,1.66,232517.0,5,NOTA
WEST BENGAL,247,SALTORA,MALE,49.0,SC,SUCI,Battery torch,2256,5,2261,1.12,232517.0,6,DIPEN BAURI
TURN OUT,,,,,TOTAL:,,,200973,1440,202413,87.05,,,
WEST BENGAL,248,CHHATNA,MALE,51.0,GENERAL,BJP,Lotus,89511,722,90233,45.84,242270.0,1,SATYANARAYAN MUKHOPADHYAY
WEST BENGAL,248,CHHATNA,MALE,64.0,GENERAL,AITC,Flowers and Grass,82483,586,83069,42.2,242270.0,2,SUBASISH BATABYAL
WEST BENGAL,248,CHHATNA,MALE,64.0,GENERAL,RSP,Spade & Stoker,9615,85,9700,4.93,242270.0,3,FALGUNI MUKHERJEE
WEST BENGAL,248,CHHATNA,,,,NOTA,NOTA,3510,4,3514,1.79,242270.0,4,NOTA
WEST BENGAL,248,CHHATNA,MALE,57.0,GENERAL,IND,Pan,2857,9,2866,1.46,242270.0,5,RABINDRANATH BOURI
WEST BENGAL,248,CHHATNA,MALE,50.0,GENERAL,IND,Ganna Kisan,2593,9,2602,1.32,242270.0,6,DINANATH CHATTERJEE
WEST BENGAL,248,CHHATNA,MALE,29.0,SC,BMUP,Cot,1832,6,1838,0.93,242270.0,7,BAURI DINABANDHU
WEST BENGAL,248,CHHATNA,MALE,38.0,SC,IND,Football,1218,9,1227,0.62,242270.0,8,ABIR CHANDRA MANDAL
WEST BENGAL,248,CHHATNA,MALE,54.0,SC,SUCI,Battery Torch,967,11,978,0.5,242270.0,9,SADANANDA MANDAL
WEST BENGAL,248,CHHATNA,MALE,47.0,SC,IND,Bat,804,5,809,0.41,242270.0,10,ANATH BAURI
TURN OUT,,,,,TOTAL:,,,195390,1446,196836,81.25,,,
WEST BENGAL,249,RANIBANDH,FEMALE,35.0,ST,AITC,Flowers and Grass,90064,864,90928,43.06,253359.0,1,JYOTSNA MANDI
WEST BENGAL,249,RANIBANDH,MALE,49.0,ST,BJP,Lotus,85922,1067,86989,41.19,253359.0,2,KSHUDIRAM TUDU
WEST BENGAL,249,RANIBANDH,FEMALE,50.0,ST,CPI(M),"Hammer, Sickle and Star",19821,236,20057,9.5,253359.0,3,DEBLINA HEMBRAM
WEST BENGAL,249,RANIBANDH,MALE,44.0,ST,IND,BUCKET,4794,13,4807,2.28,253359.0,4,BISWANATH SARDAR
WEST BENGAL,249,RANIBANDH,,,,NOTA,NOTA,4215,11,4226,2.0,253359.0,5,NOTA
WEST BENGAL,249,RANIBANDH,MALE,51.0,ST,SUCI,Battery torch,1614,19,1633,0.77,253359.0,6,GOUTAM KUMAR MUDI
WEST BENGAL,249,RANIBANDH,MALE,52.0,ST,CPI(ML)(L),Flag with Three Stars,1456,9,1465,0.69,253359.0,7,SUDHIR KUMAR MURMU
WEST BENGAL,249,RANIBANDH,MALE,52.0,ST,BMUP,Cot,1053,12,1065,0.5,253359.0,8,FULCHAND HANSDA
TURN OUT,,,,,TOTAL:,,,208939,2231,211170,83.35,,,
WEST BENGAL,250,RAIPUR,MALE,47.0,ST,AITC,Flowers and Grass,100387,656,101043,51.96,224604.0,1,MRITYUNJOY MURMU
WEST BENGAL,250,RAIPUR,MALE,38.0,ST,BJP,Lotus,80760,885,81645,41.98,224604.0,2,SUDHANSHU HANSDA
WEST BENGAL,250,RAIPUR,MALE,41.0,ST,RSSCMJP,Envelope,6496,97,6593,3.39,224604.0,3,MILAN MANDI
WEST BENGAL,250,RAIPUR,,,,NOTA,NOTA,2973,13,2986,1.54,224604.0,4,NOTA
WEST BENGAL,250,RAIPUR,MALE,58.0,ST,IND,BUCKET,1154,7,1161,0.6,224604.0,5,SUKCHAND SAREN
WEST BENGAL,250,RAIPUR,MALE,50.0,ST,SUCI,Battery torch,1041,7,1048,0.54,224604.0,6,SHYAMAPADA MUDI
TURN OUT,,,,,TOTAL:,,,192811,1665,194476,86.59,,,
WEST BENGAL,251,TALDANGRA,MALE,65.0,GENERAL,AITC,Flowers and Grass,91146,880,92026,45.29,233291.0,1,ARUP CHAKRABORTY
WEST BENGAL,251,TALDANGRA,MALE,60.0,GENERAL,BJP,Lotus,78593,1056,79649,39.2,233291.0,2,SHYAMAL KUMAR SARKAR (BENU)
WEST BENGAL,251,TALDANGRA,MALE,65.0,GENERAL,CPI(M),"Hammer, Sickle and Star",22961,228,23189,11.41,233291.0,3,MANORANJAN PATRA
WEST BENGAL,251,TALDANGRA,,,,NOTA,NOTA,3509,9,3518,1.73,233291.0,4,NOTA
WEST BENGAL,251,TALDANGRA,MALE,37.0,GENERAL,IND,Tractor Chalata Kisan,1881,8,1889,0.93,233291.0,5,SANDIP KUMAR DEY
WEST BENGAL,251,TALDANGRA,MALE,39.0,ST,IND,Football,1058,11,1069,0.53,233291.0,6,SUNIL MURMU
WEST BENGAL,251,TALDANGRA,MALE,45.0,GENERAL,SUCI,Battery torch,973,13,986,0.49,233291.0,7,SUBHENDU MAHATA
WEST BENGAL,251,TALDANGRA,MALE,30.0,SC,IND,Bat,501,6,507,0.25,233291.0,8,RAMKRISHNA MAJI
WEST BENGAL,251,TALDANGRA,MALE,33.0,SC,BMUP,Cot,347,6,353,0.17,233291.0,9,SANJAY BAURI
TURN OUT,,,,,TOTAL:,,,200969,2217,203186,87.1,,,
WEST BENGAL,252,BANKURA,MALE,54.0,GENERAL,BJP,Lotus,94470,996,95466,43.79,269829.0,1,NILADRI SEKHAR DANA
WEST BENGAL,252,BANKURA,FEMALE,34.0,GENERAL,AITC,Flowers and Grass,93093,905,93998,43.12,269829.0,2,SAYANTIKA BANERJEE
WEST BENGAL,252,BANKURA,FEMALE,53.0,GENERAL,INC,Hand,13542,222,13764,6.31,269829.0,3,RADHARANI BANERJEE
WEST BENGAL,252,BANKURA,,,,NOTA,NOTA,4491,16,4507,2.07,269829.0,4,NOTA
WEST BENGAL,252,BANKURA,MALE,38.0,SC,IND,Pen Nib with Seven Rays,3280,23,3303,1.52,269829.0,5,SWADESH MANDAL
WEST BENGAL,252,BANKURA,FEMALE,43.0,GENERAL,SUCI,Battery torch,1699,21,1720,0.79,269829.0,6,LINA GHOSH
WEST BENGAL,252,BANKURA,MALE,35.0,GENERAL,BSP,Elephant,1305,9,1314,0.6,269829.0,7,SADHAN CHATTARAJ
WEST BENGAL,252,BANKURA,MALE,45.0,SC,IND,Football,1031,12,1043,0.48,269829.0,8,SWAPAN KUMAR DAS
WEST BENGAL,252,BANKURA,MALE,34.0,GENERAL,IND,Carrom Board,970,1,971,0.45,269829.0,9,HARIPADA MAHATO
WEST BENGAL,252,BANKURA,MALE,33.0,GENERAL,IND,Envelope,884,4,888,0.41,269829.0,10,SK. HASIMUDDIN
WEST BENGAL,252,BANKURA,MALE,72.0,SC,BMUP,Cot,501,8,509,0.23,269829.0,11,HULU KSHETRAPAL
WEST BENGAL,252,BANKURA,MALE,40.0,ST,IND,Apple,495,8,503,0.23,269829.0,12,BAIDYANATH KISKU
TURN OUT,,,,,TOTAL:,,,215761,2225,217986,80.79,,,
WEST BENGAL,253,BARJORA,MALE,61.0,GENERAL,AITC,Flowers and Grass,92672,618,93290,42.51,250729.0,1,ALOK MUKHERJEE
WEST BENGAL,253,BARJORA,FEMALE,39.0,GENERAL,BJP,Lotus,89460,561,90021,41.02,250729.0,2,SUPRITI CHATTERJEE
WEST BENGAL,253,BARJORA,MALE,53.0,GENERAL,CPI(M),"Hammer, Sickle and Star",25015,220,25235,11.5,250729.0,3,SUJIT CHAKRABORTY
WEST BENGAL,253,BARJORA,,,,NOTA,NOTA,4894,9,4903,2.23,250729.0,4,NOTA
WEST BENGAL,253,BARJORA,MALE,69.0,SC,IND,BUCKET,2076,5,2081,0.95,250729.0,5,TARANI ROY
WEST BENGAL,253,BARJORA,MALE,31.0,GENERAL,IND,Pan,1390,1,1391,0.63,250729.0,6,SATYAM BAURI
WEST BENGAL,253,BARJORA,MALE,37.0,GENERAL,BMUP,Cot,1365,6,1371,0.62,250729.0,7,BABLU GORAI
WEST BENGAL,253,BARJORA,MALE,52.0,GENERAL,SUCI,Battery torch,1157,3,1160,0.53,250729.0,8,SUDARSHAN ADHIKARI
TURN OUT,,,,,TOTAL:,,,218029,1423,219452,87.53,,,
WEST BENGAL,254,ONDA,MALE,56.0,GENERAL,BJP,Lotus,104248,692,104940,46.48,256906.0,1,AMARNATH SHAKHA
WEST BENGAL,254,ONDA,MALE,65.0,GENERAL,AITC,Flowers and Grass,92715,674,93389,41.37,256906.0,2,ARUP KUMAR KHAN
WEST BENGAL,254,ONDA,MALE,75.0,GENERAL,AIFB,Lion,15507,106,15613,6.92,256906.0,3,TARAPADA CHAKRABARTI
WEST BENGAL,254,ONDA,,,,NOTA,NOTA,4869,10,4879,2.16,256906.0,4,NOTA
WEST BENGAL,254,ONDA,MALE,61.0,GENERAL,IND,Football,3433,6,3439,1.52,256906.0,5,KRISHNA CHANDRA BAURI
WEST BENGAL,254,ONDA,MALE,49.0,GENERAL,IND,Envelope,1000,3,1003,0.44,256906.0,6,ABDUL HAI MALLIK
WEST BENGAL,254,ONDA,MALE,32.0,SC,SUCI,Battery torch,976,8,984,0.44,256906.0,7,APURBA MONDAL
WEST BENGAL,254,ONDA,MALE,53.0,GENERAL,CPI(ML)(L),Flag with Three Stars,918,4,922,0.41,256906.0,8,NIRMAL (BABLU) BANERJEE
WEST BENGAL,254,ONDA,MALE,54.0,GENERAL,CPIM,BUCKET,584,6,590,0.26,256906.0,9,BIKASH PATRA
TURN OUT,,,,,TOTAL:,,,224250,1509,225759,87.88,,,
WEST BENGAL,255,BISHNUPUR,MALE,41.0,GENERAL,BJP,Lotus,88743,946,89689,46.84,219284.0,1,TANMAY GHOSH (BUMBA)
WEST BENGAL,255,BISHNUPUR,FEMALE,31.0,GENERAL,AITC,Flowers and Grass,77610,659,78269,40.88,219284.0,2,ARCHITA BID
WEST BENGAL,255,BISHNUPUR,MALE,38.0,GENERAL,INC,Hand,15649,165,15814,8.26,219284.0,3,DEBU CHATTERJEE
WEST BENGAL,255,BISHNUPUR,,,,NOTA,NOTA,3395,24,3419,1.79,219284.0,4,NOTA
WEST BENGAL,255,BISHNUPUR,MALE,57.0,GENERAL,IND,Gas Cylinder,2270,8,2278,1.19,219284.0,5,BAIDYANATH ROY
WEST BENGAL,255,BISHNUPUR,MALE,61.0,GENERAL,SUCI,Battery torch,1007,8,1015,0.53,219284.0,6,SHASHIBHUSAN BANERJEE
WEST BENGAL,255,BISHNUPUR,MALE,45.0,SC,BMUP,Cot,980,5,985,0.51,219284.0,7,BASUDEB SIKARI
TURN OUT,,,,,TOTAL:,,,189654,1815,191469,87.32,,,
WEST BENGAL,256,KATULPUR,MALE,40.0,SC,BJP,Lotus,104635,1387,106022,47.31,246785.0,1,HARAKALI PROTIHER
WEST BENGAL,256,KATULPUR,FEMALE,37.0,SC,AITC,Flowers and Grass,93147,1090,94237,42.05,246785.0,2,SANGEETA MALIK
WEST BENGAL,256,KATULPUR,MALE,36.0,SC,INC,Hand,17560,197,17757,7.92,246785.0,3,AKSHAY SANTRA
WEST BENGAL,256,KATULPUR,MALE,29.0,SC,BSP,Elephant,2505,14,2519,1.12,246785.0,4,HARU ROY
WEST BENGAL,256,KATULPUR,,,,NOTA,NOTA,1833,23,1856,0.83,246785.0,5,NOTA
WEST BENGAL,256,KATULPUR,MALE,58.0,SC,SUCI,Battery torch,1722,10,1732,0.77,246785.0,6,MOHAN SANTRA
TURN OUT,,,,,TOTAL:,,,221402,2721,224123,90.82,,,
WEST BENGAL,257,INDUS,MALE,39.0,SC,BJP,Lotus,104163,773,104936,48.04,242938.0,1,NIRMAL KUMAR DHARA
WEST BENGAL,257,INDUS,FEMALE,41.0,SC,AITC,Flowers and Grass,96808,908,97716,44.73,242938.0,2,RUNU METE
WEST BENGAL,257,INDUS,MALE,48.0,SC,CPI(M),"Hammer, Sickle and Star",12503,116,12619,5.78,242938.0,3,NAYAN KUMAR SHILL (BAGDI)
WEST BENGAL,257,INDUS,,,,NOTA,NOTA,3164,18,3182,1.46,242938.0,4,NOTA
TURN OUT,,,,,TOTAL:,,,216638,1815,218453,89.92,,,
WEST BENGAL,258,SONAMUKHI,MALE,43.0,SC,BJP,Lotus,97203,958,98161,47.25,233059.0,1,DIBAKAR GHARAMI
WEST BENGAL,258,SONAMUKHI,MALE,41.0,SC,AITC,Flowers and Grass,86451,822,87273,42.01,233059.0,2,DR. SHYAMAL SANTRA
WEST BENGAL,258,SONAMUKHI,MALE,46.0,SC,CPI(M),"Hammer, Sickle and Star",15479,246,15725,7.57,233059.0,3,AJIT RAY
WEST BENGAL,258,SONAMUKHI,MALE,34.0,SC,SUCI,Battery torch,2758,14,2772,1.33,233059.0,4,AVRANIL MANDAL
WEST BENGAL,258,SONAMUKHI,,,,NOTA,NOTA,2062,14,2076,1.0,233059.0,5,NOTA
WEST BENGAL,258,SONAMUKHI,MALE,47.0,SC,IND,Brick,1725,7,1732,0.83,233059.0,6,ASIM KUMAR MANDAL
TURN OUT,,,,,TOTAL:,,,205678,2061,207739,89.14,,,
WEST BENGAL,259,KHANDAGHOSH,MALE,45.0,SC,AITC,Flowers and Grass,103278,986,104264,47.85,242730.0,1,NABIN CHANDRA BAG
WEST BENGAL,259,KHANDAGHOSH,MALE,47.0,SC,BJP,Lotus,82773,605,83378,38.26,242730.0,2,BIJAN MANDAL
WEST BENGAL,259,KHANDAGHOSH,FEMALE,35.0,SC,CPI(M),"Hammer, Sickle and Star",22765,158,22923,10.52,242730.0,3,ASIMA ROY
WEST BENGAL,259,KHANDAGHOSH,MALE,45.0,SC,BSP,Elephant,3458,7,3465,1.59,242730.0,4,PROTUL BISWAS
WEST BENGAL,259,KHANDAGHOSH,,,,NOTA,NOTA,1934,10,1944,0.89,242730.0,5,NOTA
WEST BENGAL,259,KHANDAGHOSH,MALE,46.0,SC,BMUP,Cot,1920,3,1923,0.88,242730.0,6,BASUDEB RUIDAS
TURN OUT,,,,,TOTAL:,,,216128,1769,217897,89.77,,,
WEST BENGAL,260,BARDHAMAN DAKSHIN,MALE,54.0,GENERAL,AITC,Flowers and Grass,90166,849,91015,44.32,257940.0,1,KHOKAN DAS
WEST BENGAL,260,BARDHAMAN DAKSHIN,MALE,56.0,GENERAL,BJP,Lotus,82328,582,82910,40.38,257940.0,2,SANDIP NANDI
WEST BENGAL,260,BARDHAMAN DAKSHIN,FEMALE,29.0,GENERAL,CPI(M),"Hammer, Sickle and Star",23056,290,23346,11.37,257940.0,3,PRITHA TAH
WEST BENGAL,260,BARDHAMAN DAKSHIN,,,,NOTA,NOTA,3697,10,3707,1.81,257940.0,4,NOTA
WEST BENGAL,260,BARDHAMAN DAKSHIN,FEMALE,43.0,ST,BSP,Elephant,1452,3,1455,0.71,257940.0,5,PUSPA HANSDA
WEST BENGAL,260,BARDHAMAN DAKSHIN,MALE,34.0,GENERAL,NRPI,FLUTE,983,0,983,0.48,257940.0,6,RAJIB PASWAN
WEST BENGAL,260,BARDHAMAN DAKSHIN,MALE,47.0,GENERAL,SUCI,Battery torch,791,6,797,0.39,257940.0,7,ANIRUDDHA KUNDU
WEST BENGAL,260,BARDHAMAN DAKSHIN,MALE,32.0,GENERAL,IND,Binoculars,581,0,581,0.28,257940.0,8,ARINDAM GHOSH
WEST BENGAL,260,BARDHAMAN DAKSHIN,MALE,64.0,ST,BMUP,Cot,549,2,551,0.27,257940.0,9,LUXMI NARAYAN KORA
TURN OUT,,,,,TOTAL:,,,203603,1742,205345,79.61,,,
WEST BENGAL,261,RAINA,FEMALE,29.0,SC,AITC,Flowers and Grass,107918,834,108752,47.46,258742.0,1,SHAMPA DHARA
WEST BENGAL,261,RAINA,MALE,41.0,SC,BJP,Lotus,89999,548,90547,39.51,258742.0,2,MANIK ROY
WEST BENGAL,261,RAINA,MALE,67.0,SC,CPI(M),"Hammer, Sickle and Star",25141,191,25332,11.05,258742.0,3,BASUDEB KHAN
WEST BENGAL,261,RAINA,MALE,25.0,SC,BSP,Elephant,1861,10,1871,0.82,258742.0,4,PALLAB BISWAS
WEST BENGAL,261,RAINA,,,,NOTA,NOTA,1556,7,1563,0.68,258742.0,5,NOTA
WEST BENGAL,261,RAINA,MALE,61.0,SC,BMUP,Cot,1098,3,1101,0.48,258742.0,6,RABI ROUTH
TURN OUT,,,,,TOTAL:,,,227573,1593,229166,88.57,,,
WEST BENGAL,262,JAMALPUR,MALE,38.0,SC,AITC,Flowers and Grass,96460,539,96999,46.93,235973.0,1,ALOK KUMAR MAJHI
WEST BENGAL,262,JAMALPUR,MALE,47.0,SC,BJP,Lotus,78693,335,79028,38.24,235973.0,2,BALARAM BAPARI
WEST BENGAL,262,JAMALPUR,MALE,59.0,SC,CPI(M),"Hammer, Sickle and Star",23184,114,23298,11.27,235973.0,3,SAMAR HAZRA
WEST BENGAL,262,JAMALPUR,,,,NOTA,NOTA,2859,6,2865,1.39,235973.0,4,NOTA
WEST BENGAL,262,JAMALPUR,MALE,34.0,SC,BSP,Elephant,2018,6,2024,0.98,235973.0,5,GAURHARI PATRA
WEST BENGAL,262,JAMALPUR,MALE,59.0,SC,BMUP,Cot,1285,6,1291,0.62,235973.0,6,KARTIK KSHETRAPAL
WEST BENGAL,262,JAMALPUR,MALE,64.0,SC,CPI(ML)(L),Flag with Three Stars,1182,3,1185,0.57,235973.0,7,TARUN KANTI MAJHI
TURN OUT,,,,,TOTAL:,,,205681,1009,206690,87.59,,,
WEST BENGAL,263,MONTESWAR,MALE,71.0,GENERAL,AITC,Flowers and Grass,104904,556,105460,50.45,242229.0,1,CHOWDHURY SIDDIQULLAH
WEST BENGAL,263,MONTESWAR,MALE,29.0,GENERAL,BJP,Lotus,73323,332,73655,35.24,242229.0,2,SAIKAT PANJA
WEST BENGAL,263,MONTESWAR,MALE,37.0,GENERAL,CPI(M),"Hammer, Sickle and Star",24628,112,24740,11.84,242229.0,3,ANUPAM GHOSH
WEST BENGAL,263,MONTESWAR,MALE,48.0,GENERAL,CPI(ML)(L),Flag with Three Stars,1873,4,1877,0.9,242229.0,4,ANSARUL AMAN MONDAL (BABU)
WEST BENGAL,263,MONTESWAR,MALE,57.0,GENERAL,PDS,Football,1691,2,1693,0.81,242229.0,5,NASIMUL GANI SAYED
WEST BENGAL,263,MONTESWAR,,,,NOTA,NOTA,1604,7,1611,0.77,242229.0,6,NOTA
TURN OUT,,,,,TOTAL:,,,208023,1013,209036,86.3,,,
WEST BENGAL,264,KALNA,MALE,44.0,SC,AITC,Flowers and Grass,95704,369,96073,45.98,241471.0,1,DEBOPRASAD BAG (POLTU)
WEST BENGAL,264,KALNA,MALE,47.0,SC,BJP,Lotus,88305,290,88595,42.4,241471.0,2,BISWAJIT KUNDU
WEST BENGAL,264,KALNA,MALE,43.0,SC,CPI(M),"Hammer, Sickle and Star",18905,100,19005,9.1,241471.0,3,NIRAB KHAN
WEST BENGAL,264,KALNA,,,,NOTA,NOTA,2502,5,2507,1.2,241471.0,4,NOTA
WEST BENGAL,264,KALNA,MALE,73.0,SC,BSP,Elephant,2081,3,2084,1.0,241471.0,5,RADHESYAM MANDAL
WEST BENGAL,264,KALNA,MALE,51.0,SC,SUCI,Battery torch,686,1,687,0.33,241471.0,6,KALI CHARAN SARDAR
TURN OUT,,,,,TOTAL:,,,208183,768,208951,86.53,,,
WEST BENGAL,265,MEMARI,MALE,71.0,GENERAL,AITC,Flowers and Grass,104374,477,104851,47.92,254236.0,1,MADHUSUDAN BHATTACHARYA
WEST BENGAL,265,MEMARI,MALE,66.0,GENERAL,BJP,Lotus,81513,260,81773,37.37,254236.0,2,BHISMADEB BHATTACHARYA
WEST BENGAL,265,MEMARI,MALE,57.0,GENERAL,CPI(M),"Hammer, Sickle and Star",25526,92,25618,11.71,254236.0,3,SANAT BANERJEE
WEST BENGAL,265,MEMARI,FEMALE,37.0,SC,BSP,Elephant,2119,2,2121,0.97,254236.0,4,KALPANA MANDAL
WEST BENGAL,265,MEMARI,MALE,39.0,SC,BMUP,Cot,1735,2,1737,0.79,254236.0,5,TARUN KUMAR DHALI
WEST BENGAL,265,MEMARI,,,,NOTA,NOTA,1666,7,1673,0.76,254236.0,6,NOTA
WEST BENGAL,265,MEMARI,MALE,57.0,GENERAL,IND,Envelope,1029,0,1029,0.47,254236.0,7,MANAB BANERJEE
TURN OUT,,,,,TOTAL:,,,217962,840,218802,86.06,,,
WEST BENGAL,266,BARDHAMAN UTTAR,MALE,52.0,SC,AITC,Flowers and Grass,110411,800,111211,45.97,277026.0,1,NISITH KUMAR MALIK
WEST BENGAL,266,BARDHAMAN UTTAR,MALE,51.0,SC,BJP,Lotus,93449,494,93943,38.83,277026.0,2,RADHA KANTA ROY
WEST BENGAL,266,BARDHAMAN UTTAR,MALE,29.0,SC,CPI(M),"Hammer, Sickle and Star",30817,211,31028,12.83,277026.0,3,CHANDI CHORAN LET
WEST BENGAL,266,BARDHAMAN UTTAR,MALE,32.0,SC,BSP,Elephant,3341,6,3347,1.38,277026.0,4,RAMKRISHNA MALIK (DEV)
WEST BENGAL,266,BARDHAMAN UTTAR,,,,NOTA,NOTA,2388,8,2396,0.99,277026.0,5,NOTA
TURN OUT,,,,,TOTAL:,,,240406,1519,241925,87.33,,,
WEST BENGAL,267,BHATAR,MALE,66.0,GENERAL,AITC,Flowers and Grass,107294,734,108028,50.44,246694.0,1,ADHIKARI MANGOBINDA
WEST BENGAL,267,BHATAR,MALE,34.0,GENERAL,BJP,Lotus,75957,330,76287,35.62,246694.0,2,MAHENDRANATH KOWAR
WEST BENGAL,267,BHATAR,MALE,50.0,GENERAL,CPI(M),"Hammer, Sickle and Star",19478,129,19607,9.15,246694.0,3,NAZRUL HAQUE
WEST BENGAL,267,BHATAR,,,,NOTA,NOTA,4342,4,4346,2.03,246694.0,4,NOTA
WEST BENGAL,267,BHATAR,MALE,35.0,GENERAL,IND,CALCULATOR,1866,2,1868,0.87,246694.0,5,NAZRUL ISLAM
WEST BENGAL,267,BHATAR,MALE,31.0,ST,BSP,Elephant,1569,6,1575,0.74,246694.0,6,SUKUL SAREN
WEST BENGAL,267,BHATAR,MALE,41.0,GENERAL,IND,COMPUTER,1147,2,1149,0.54,246694.0,7,SOMNATH SAIN
WEST BENGAL,267,BHATAR,MALE,40.0,GENERAL,IND,Football Player,823,5,828,0.39,246694.0,8,AYAN GHOSH
WEST BENGAL,267,BHATAR,MALE,48.0,GENERAL,LJP,Bungalow,475,5,480,0.22,246694.0,9,MAINUDDIN SAH
TURN OUT,,,,,TOTAL:,,,212951,1217,214168,86.82,,,
WEST BENGAL,268,PURBASTHALI DAKSHIN,MALE,70.0,GENERAL,AITC,Flowers and Grass,105209,489,105698,49.08,248533.0,1,SWAPAN DEBNATH
WEST BENGAL,268,PURBASTHALI DAKSHIN,MALE,46.0,GENERAL,BJP,Lotus,87946,342,88288,41.0,248533.0,2,RAJIB KUMAR BHOWMICK
WEST BENGAL,268,PURBASTHALI DAKSHIN,MALE,39.0,GENERAL,INC,Hand,15016,45,15061,6.99,248533.0,3,ABHIJIT BHATTACHARYYA
WEST BENGAL,268,PURBASTHALI DAKSHIN,MALE,30.0,SC,BSP,Elephant,3100,5,3105,1.44,248533.0,4,SURAJIT MONDAL
WEST BENGAL,268,PURBASTHALI DAKSHIN,MALE,63.0,GENERAL,PMPT,Batsman,1639,0,1639,0.76,248533.0,5,SANTOSH KUMAR ADHIKARY
WEST BENGAL,268,PURBASTHALI DAKSHIN,,,,NOTA,NOTA,1559,3,1562,0.73,248533.0,6,NOTA
TURN OUT,,,,,TOTAL:,,,214469,884,215353,86.65,,,
WEST BENGAL,269,PURBASTHALI UTTAR,MALE,66.0,GENERAL,AITC,Flowers and Grass,91724,697,92421,43.52,252626.0,1,TAPAN CHATTERJEE
WEST BENGAL,269,PURBASTHALI UTTAR,MALE,54.0,SC,BJP,Lotus,85218,497,85715,40.37,252626.0,2,GOBARDHAN DAS
WEST BENGAL,269,PURBASTHALI UTTAR,MALE,57.0,GENERAL,CPI(M),"Hammer, Sickle and Star",27960,174,28134,13.25,252626.0,3,PRADIP KUMAR SAHA
WEST BENGAL,269,PURBASTHALI UTTAR,MALE,52.0,SC,BSP,Elephant,1899,8,1907,0.9,252626.0,4,KESTO ROY
WEST BENGAL,269,PURBASTHALI UTTAR,MALE,57.0,GENERAL,PMPT,Batsman,1671,4,1675,0.79,252626.0,5,BIBHAS DAS
WEST BENGAL,269,PURBASTHALI UTTAR,,,,NOTA,NOTA,1347,3,1350,0.64,252626.0,6,NOTA
WEST BENGAL,269,PURBASTHALI UTTAR,MALE,29.0,GENERAL,IND,FLUTE,1138,3,1141,0.54,252626.0,7,SAMILAN SUTRADHAR
TURN OUT,,,,,TOTAL:,,,210957,1386,212343,84.05,,,
WEST BENGAL,270,KATWA,MALE,71.0,GENERAL,AITC,Flowers and Grass,106907,987,107894,48.07,267738.0,1,RABINDRANATH CHATTERJEE
WEST BENGAL,270,KATWA,FEMALE,69.0,GENERAL,BJP,Lotus,98201,538,98739,43.99,267738.0,2,SHYAMA MAJUMDAR
WEST BENGAL,270,KATWA,MALE,59.0,GENERAL,INC,Hand,12880,96,12976,5.78,267738.0,3,PRABIR GANGULI
WEST BENGAL,270,KATWA,,,,NOTA,NOTA,1770,10,1780,0.79,267738.0,4,NOTA
WEST BENGAL,270,KATWA,MALE,33.0,SC,BSP,Elephant,1593,5,1598,0.71,267738.0,5,PARITOSH CHAIR
WEST BENGAL,270,KATWA,MALE,60.0,GENERAL,SUCI,Battery torch,1467,5,1472,0.66,267738.0,6,APURBA CHAKRABORTY
TURN OUT,,,,,TOTAL:,,,222818,1641,224459,83.84,,,
WEST BENGAL,271,KETUGRAM,MALE,62.0,GENERAL,AITC,Flowers and Grass,99525,701,100226,46.55,258310.0,1,SEKH SAHONAWEZ
WEST BENGAL,271,KETUGRAM,MALE,41.0,GENERAL,BJP,Lotus,87058,485,87543,40.66,258310.0,2,ANADI GHOSH (MATHURA)
WEST BENGAL,271,KETUGRAM,MALE,36.0,GENERAL,CPI(M),"Hammer, Sickle and Star",20003,89,20092,9.33,258310.0,3,MIZANUL KABIR (DHIRAJ)
WEST BENGAL,271,KETUGRAM,,,,NOTA,NOTA,3615,5,3620,1.68,258310.0,4,NOTA
WEST BENGAL,271,KETUGRAM,MALE,56.0,SC,BSP,Elephant,2288,5,2293,1.06,258310.0,5,DR. MANIK CHANDRA PRADHAN
WEST BENGAL,271,KETUGRAM,MALE,55.0,SC,SUCI,Battery torch,1541,2,1543,0.72,258310.0,6,SATYA NARAYAN MONDAL
TURN OUT,,,,,TOTAL:,,,214030,1287,215317,83.36,,,
WEST BENGAL,272,MANGALKOT,MALE,55.0,GENERAL,AITC,Flowers and Grass,106851,745,107596,49.51,251003.0,1,APURBA CHOWDHURY (ACHAL)
WEST BENGAL,272,MANGALKOT,MALE,49.0,GENERAL,BJP,Lotus,84792,467,85259,39.23,251003.0,2,RANA PROTAP GOSWAMI
WEST BENGAL,272,MANGALKOT,MALE,62.0,GENERAL,CPI(M),"Hammer, Sickle and Star",16695,88,16783,7.72,251003.0,3,CHOUDHURY SAHAJAHAN
WEST BENGAL,272,MANGALKOT,,,,NOTA,NOTA,3816,10,3826,1.76,251003.0,4,NOTA
WEST BENGAL,272,MANGALKOT,MALE,25.0,GENERAL,BSP,Elephant,2468,8,2476,1.14,251003.0,5,ABDUS SABUR SK
WEST BENGAL,272,MANGALKOT,MALE,60.0,ST,SUCI,Battery torch,1388,1,1389,0.64,251003.0,6,RASIK SAREN
TURN OUT,,,,,TOTAL:,,,216010,1319,217329,86.58,,,
WEST BENGAL,273,AUSGRAM,MALE,58.0,SC,AITC,Flowers and Grass,99837,555,100392,46.25,246956.0,1,ABHEDANANDA THANDER
WEST BENGAL,273,AUSGRAM,FEMALE,33.0,SC,BJP,Lotus,88262,315,88577,40.8,246956.0,2,KALITA MAJI
WEST BENGAL,273,AUSGRAM,MALE,45.0,SC,CPI(M),"Hammer, Sickle and Star",20309,90,20399,9.4,246956.0,3,CHANCHAL KUMAR MAJHI
WEST BENGAL,273,AUSGRAM,,,,NOTA,NOTA,4037,2,4039,1.86,246956.0,4,NOTA
WEST BENGAL,273,AUSGRAM,MALE,53.0,SC,SUCI,Battery torch,1972,0,1972,0.91,246956.0,5,MANASA METE
WEST BENGAL,273,AUSGRAM,MALE,69.0,SC,BSP,Elephant,1700,1,1701,0.78,246956.0,6,SRIDAM GOLDAR
TURN OUT,,,,,TOTAL:,,,216117,963,217080,87.9,,,
WEST BENGAL,274,GALSI,MALE,43.0,SC,AITC,Flowers and Grass,108875,629,109504,49.21,256642.0,1,NEPAL GHORUI
WEST BENGAL,274,GALSI,MALE,48.0,SC,BJP,Lotus,89907,335,90242,40.55,256642.0,2,BIKASH BISWAS
WEST BENGAL,274,GALSI,MALE,69.0,SC,AIFB,Lion,16929,91,17020,7.65,256642.0,3,NANDALAL PONDIT
WEST BENGAL,274,GALSI,MALE,55.0,SC,BSP,Elephant,3511,7,3518,1.58,256642.0,4,SANDIP SARKAR
WEST BENGAL,274,GALSI,,,,NOTA,NOTA,2247,7,2254,1.01,256642.0,5,NOTA
TURN OUT,,,,,TOTAL:,,,221469,1069,222538,86.71,,,
WEST BENGAL,275,PANDABESWAR,MALE,57.0,GENERAL,AITC,Flowers and Grass,73015,907,73922,44.99,211960.0,1,NARENDRANATH CHAKRABORTY
WEST BENGAL,275,PANDABESWAR,MALE,47.0,GENERAL,BJP,Lotus,69665,454,70119,42.68,211960.0,2,KUMAR JITENDRA TEWARI
WEST BENGAL,275,PANDABESWAR,MALE,31.0,SC,CPI(M),"Hammer, Sickle and Star",12084,112,12196,7.42,211960.0,3,SUBHAS BAURI
WEST BENGAL,275,PANDABESWAR,,,,NOTA,NOTA,2727,8,2735,1.66,211960.0,4,NOTA
WEST BENGAL,275,PANDABESWAR,MALE,40.0,GENERAL,IND,Auto- Rickshaw,2270,3,2273,1.38,211960.0,5,SANJAY YADAV
WEST BENGAL,275,PANDABESWAR,MALE,33.0,SC,BSP,Elephant,1134,3,1137,0.69,211960.0,6,RAKESH KUMAR DAS
WEST BENGAL,275,PANDABESWAR,MALE,67.0,SC,BMUP,Cot,761,5,766,0.47,211960.0,7,ATUL CHANDRA BAURI
WEST BENGAL,275,PANDABESWAR,MALE,55.0,GENERAL,SUCI,Battery torch,629,6,635,0.39,211960.0,8,DANA GOSWAMI
WEST BENGAL,275,PANDABESWAR,MALE,45.0,GENERAL,IND,Batsman,506,2,508,0.31,211960.0,9,PRADIP KUMAR PODDAR
TURN OUT,,,,,TOTAL:,,,162791,1500,164291,77.51,,,
WEST BENGAL,276,DURGAPUR PURBA,MALE,74.0,GENERAL,AITC,Flowers and Grass,78457,846,79303,41.16,256531.0,1,PRADIP MAZUMDAR
WEST BENGAL,276,DURGAPUR PURBA,MALE,51.0,GENERAL,BJP,Lotus,75000,557,75557,39.21,256531.0,2,COLONEL DIPTANSU CHAUDHURY
WEST BENGAL,276,DURGAPUR PURBA,MALE,52.0,GENERAL,CPI(M),"Hammer, Sickle and Star",28719,344,29063,15.08,256531.0,3,ABHAS RAY CHAUDHURI
WEST BENGAL,276,DURGAPUR PURBA,,,,NOTA,NOTA,2609,19,2628,1.36,256531.0,4,NOTA
WEST BENGAL,276,DURGAPUR PURBA,MALE,58.0,SC,IND,Nagrik,1877,7,1884,0.98,256531.0,5,DIPAK DHALI
WEST BENGAL,276,DURGAPUR PURBA,MALE,35.0,GENERAL,IND,Football,1363,1,1364,0.71,256531.0,6,MD. SHOUKAT ALI KHAN
WEST BENGAL,276,DURGAPUR PURBA,MALE,70.0,GENERAL,BSP,Elephant,1234,6,1240,0.64,256531.0,7,SURESH PRASAD
WEST BENGAL,276,DURGAPUR PURBA,MALE,53.0,GENERAL,SUCI,Battery torch,629,7,636,0.33,256531.0,8,JUGAL KRISHNA PAKHIRA
WEST BENGAL,276,DURGAPUR PURBA,FEMALE,40.0,GENERAL,RPPRINAT,Cup & Saucer,525,3,528,0.27,256531.0,9,BIJOY LAXMI PANDEY
WEST BENGAL,276,DURGAPUR PURBA,MALE,65.0,GENERAL,AMB,Boat with Man and Sail,469,2,471,0.24,256531.0,10,AMAL CHAKRABORTY
TURN OUT,,,,,TOTAL:,,,190882,1792,192674,75.11,,,
WEST BENGAL,277,DURGAPUR PASCHIM,MALE,49.0,GENERAL,BJP,Lotus,90589,597,91186,46.31,269303.0,1,LAKSHMAN CHANDRA GHORUI
WEST BENGAL,277,DURGAPUR PASCHIM,MALE,55.0,GENERAL,AITC,Flowers and Grass,75828,694,76522,38.86,269303.0,2,BISWANATH PARIAL
WEST BENGAL,277,DURGAPUR PASCHIM,MALE,50.0,GENERAL,INC,Hand,17772,258,18030,9.16,269303.0,3,DEBESH CHAKRABORTY
WEST BENGAL,277,DURGAPUR PASCHIM,,,,NOTA,NOTA,2611,13,2624,1.33,269303.0,4,NOTA
WEST BENGAL,277,DURGAPUR PASCHIM,MALE,27.0,GENERAL,IND,Telephone,2118,12,2130,1.08,269303.0,5,NAYAN MONDAL
WEST BENGAL,277,DURGAPUR PASCHIM,FEMALE,44.0,GENERAL,IND,DIAMOND,2029,9,2038,1.04,269303.0,6,CHANDRA MALLIKA BANDOPADHYAY
WEST BENGAL,277,DURGAPUR PASCHIM,MALE,61.0,GENERAL,BSP,Elephant,1221,7,1228,0.62,269303.0,7,PRABHUNATH SAH
WEST BENGAL,277,DURGAPUR PASCHIM,MALE,48.0,GENERAL,JD(U),Arrow,910,5,915,0.46,269303.0,8,SANJIBAN HAZRA
WEST BENGAL,277,DURGAPUR PASCHIM,MALE,44.0,GENERAL,RPPRINAT,Cup & Saucer,874,5,879,0.45,269303.0,9,SANDIP SIKDER
WEST BENGAL,277,DURGAPUR PASCHIM,MALE,59.0,GENERAL,SUCI,Battery Torch,683,8,691,0.35,269303.0,10,SOMNATH BANERJEE
WEST BENGAL,277,DURGAPUR PASCHIM,MALE,67.0,GENERAL,IND,Gas Cylinder,653,6,659,0.33,269303.0,11,SWAPAN BANERJEE
TURN OUT,,,,,TOTAL:,,,195288,1614,196902,73.12,,,
WEST BENGAL,278,RANIGANJ,MALE,67.0,GENERAL,AITC,Flowers and Grass,77528,636,78164,42.9,250813.0,1,TAPAS BANERJEE
WEST BENGAL,278,RANIGANJ,MALE,42.0,GENERAL,BJP,Lotus,74233,375,74608,40.95,250813.0,2,DR. BIJAN MUKHERJEE
WEST BENGAL,278,RANIGANJ,MALE,40.0,GENERAL,CPI(M),"Hammer, Sickle and Star",21434,254,21688,11.9,250813.0,3,HEMANT KUMAR PRABHAKAR
WEST BENGAL,278,RANIGANJ,,,,NOTA,NOTA,1994,12,2006,1.1,250813.0,4,NOTA
WEST BENGAL,278,RANIGANJ,MALE,51.0,GENERAL,JD(U),Arrow,1612,0,1612,0.88,250813.0,5,RAJ KUMAR
WEST BENGAL,278,RANIGANJ,MALE,32.0,SC,BMUP,Cot,1608,1,1609,0.88,250813.0,6,NILKANTHA BAURI
WEST BENGAL,278,RANIGANJ,MALE,28.0,SC,BSP,Elephant,1533,7,1540,0.85,250813.0,7,AVIJIT BOWRI
WEST BENGAL,278,RANIGANJ,MALE,29.0,SC,PMPT,Batsman,981,3,984,0.54,250813.0,8,NIRAJ RAJAK
TURN OUT,,,,,TOTAL:,,,180923,1288,182211,72.65,,,
WEST BENGAL,279,JAMURIA,MALE,67.0,GENERAL,AITC,Flowers and Grass,70533,469,71002,42.59,221419.0,1,HARERAM SINGH
WEST BENGAL,279,JAMURIA,MALE,57.0,GENERAL,BJP,Lotus,62620,331,62951,37.76,221419.0,2,TAPAS KUMAR ROY
WEST BENGAL,279,JAMURIA,FEMALE,26.0,GENERAL,CPI(M),"Hammer, Sickle and Star",24596,222,24818,14.89,221419.0,3,AISHE GHOSH
WEST BENGAL,279,JAMURIA,MALE,61.0,GENERAL,BSP,Elephant,2401,8,2409,1.45,221419.0,4,BHANU PRATAP SHARMA
WEST BENGAL,279,JAMURIA,,,,NOTA,NOTA,2346,7,2353,1.41,221419.0,5,NOTA
WEST BENGAL,279,JAMURIA,MALE,34.0,ST,BMUP,Cot,1681,5,1686,1.01,221419.0,6,LAKHIRAM HANSDA
WEST BENGAL,279,JAMURIA,MALE,62.0,GENERAL,JD(U),Arrow,1482,2,1484,0.89,221419.0,7,GOURI SANKAR BANERJEE
TURN OUT,,,,,TOTAL:,,,165659,1044,166703,75.29,,,
WEST BENGAL,280,ASANSOL DAKSHIN,FEMALE,48.0,GENERAL,BJP,Lotus,87156,725,87881,45.13,274245.0,1,AGNIMITRA PAUL
WEST BENGAL,280,ASANSOL DAKSHIN,FEMALE,28.0,GENERAL,AITC,Flowers and Grass,82464,930,83394,42.82,274245.0,2,SAYANI GHOSH
WEST BENGAL,280,ASANSOL DAKSHIN,MALE,46.0,GENERAL,CPI(M),"Hammer, Sickle and Star",15720,252,15972,8.2,274245.0,3,PRASANTA GHOSH
WEST BENGAL,280,ASANSOL DAKSHIN,,,,NOTA,NOTA,3442,24,3466,1.78,274245.0,4,NOTA
WEST BENGAL,280,ASANSOL DAKSHIN,MALE,35.0,SC,BSP,Elephant,2854,13,2867,1.47,274245.0,5,SINGHASAN PASWAN
WEST BENGAL,280,ASANSOL DAKSHIN,FEMALE,28.0,GENERAL,BMUP,Cot,1149,8,1157,0.59,274245.0,6,SHIULI RUIDAS
TURN OUT,,,,,TOTAL:,,,192785,1952,194737,71.01,,,
WEST BENGAL,281,ASANSOL UTTAR,MALE,65.0,GENERAL,AITC,Flowers and Grass,99691,1240,100931,52.32,275796.0,1,GHATAK MOLOY
WEST BENGAL,281,ASANSOL UTTAR,MALE,44.0,GENERAL,BJP,Lotus,79143,678,79821,41.38,275796.0,2,KRISHNENDU MUKHERJEE
WEST BENGAL,281,ASANSOL UTTAR,MALE,46.0,GENERAL,RSSCMJP,Envelope,4335,136,4471,2.32,275796.0,3,MOHAMMAD MUSTAQIM
WEST BENGAL,281,ASANSOL UTTAR,,,,NOTA,NOTA,3321,27,3348,1.74,275796.0,4,NOTA
WEST BENGAL,281,ASANSOL UTTAR,MALE,27.0,GENERAL,IND,Batsman,1667,6,1673,0.87,275796.0,5,SUNIL THAKUR
WEST BENGAL,281,ASANSOL UTTAR,MALE,26.0,GENERAL,AIMIM,Kite,1494,20,1514,0.78,275796.0,6,DANISH AZIZ
WEST BENGAL,281,ASANSOL UTTAR,MALE,56.0,GENERAL,IND,Football,634,5,639,0.33,275796.0,7,NANI GOPAL DAWN
WEST BENGAL,281,ASANSOL UTTAR,MALE,61.0,GENERAL,SUCI,Battery torch,497,13,510,0.26,275796.0,8,SANJOY CHATTERJEE
TURN OUT,,,,,TOTAL:,,,190782,2125,192907,69.95,,,
WEST BENGAL,282,KULTI,MALE,63.0,GENERAL,BJP,Lotus,80733,379,81112,46.41,251671.0,1,AJAY KUMAR PODDAR
WEST BENGAL,282,KULTI,MALE,62.0,GENERAL,AITC,Flowers and Grass,79933,500,80433,46.02,251671.0,2,UJJAL CHATTERJEE
WEST BENGAL,282,KULTI,MALE,66.0,GENERAL,INC,Hand,5738,57,5795,3.32,251671.0,3,CHANDI DAS CHATTERJEE
WEST BENGAL,282,KULTI,,,,NOTA,NOTA,3541,12,3553,2.03,251671.0,4,NOTA
WEST BENGAL,282,KULTI,MALE,30.0,GENERAL,IND,Auto- Rickshaw,2002,1,2003,1.15,251671.0,5,SURAJ KEWAT
WEST BENGAL,282,KULTI,MALE,28.0,SC,BSP,Elephant,1041,6,1047,0.6,251671.0,6,BAPI KUMAR RABIDAS
WEST BENGAL,282,KULTI,MALE,29.0,SC,BMUP,Cot,822,2,824,0.47,251671.0,7,ARUN RAJAK
TURN OUT,,,,,TOTAL:,,,173810,957,174767,69.44,,,
WEST BENGAL,283,BARABANI,MALE,51.0,GENERAL,AITC,Flowers and Grass,87251,1179,88430,52.26,225596.0,1,BIDHAN UPADHYAY
WEST BENGAL,283,BARABANI,MALE,29.0,GENERAL,BJP,Lotus,64477,496,64973,38.4,225596.0,2,ARIJIT ROY
WEST BENGAL,283,BARABANI,MALE,69.0,GENERAL,INC,Hand,8764,198,8962,5.3,225596.0,3,RANENDRA NATH BAGCHI
WEST BENGAL,283,BARABANI,,,,NOTA,NOTA,3024,15,3039,1.8,225596.0,4,NOTA
WEST BENGAL,283,BARABANI,MALE,48.0,SC,IND,Almirah,2152,4,2156,1.27,225596.0,5,PABAN NUNIA
WEST BENGAL,283,BARABANI,MALE,36.0,ST,SUCI,Battery torch,973,12,985,0.58,225596.0,6,DEBSHWAR BESRA
WEST BENGAL,283,BARABANI,MALE,29.0,ST,BMUP,Cot,661,1,662,0.39,225596.0,7,SANJAY MAJHI
TURN OUT,,,,,TOTAL:,,,167302,1905,169207,75.0,,,
WEST BENGAL,284,DUBRAJPUR,MALE,34.0,SC,BJP,Lotus,97072,1011,98083,47.94,241742.0,1,ANUP KUMAR SAHA
WEST BENGAL,284,DUBRAJPUR,MALE,37.0,SC,AITC,Flowers and Grass,93279,941,94220,46.05,241742.0,2,DEBABRATA SAHA
WEST BENGAL,284,DUBRAJPUR,MALE,64.0,SC,AIFB,Lion,5931,83,6014,2.94,241742.0,3,BIJOY BAGDI
WEST BENGAL,284,DUBRAJPUR,,,,NOTA,NOTA,3148,9,3157,1.54,241742.0,4,NOTA
WEST BENGAL,284,DUBRAJPUR,MALE,39.0,SC,BMUP,Cot,2027,5,2032,0.99,241742.0,5,SANJAY DAS
WEST BENGAL,284,DUBRAJPUR,MALE,40.0,SC,BSP,Elephant,1087,6,1093,0.53,241742.0,6,BHASKAR DAS
TURN OUT,,,,,TOTAL:,,,202544,2055,204599,84.64,,,
WEST BENGAL,285,SURI,MALE,68.0,GENERAL,AITC,Flowers and Grass,104445,1426,105871,48.43,263557.0,1,BIKASH ROYCHOUDHURY
WEST BENGAL,285,SURI,MALE,43.0,GENERAL,BJP,Lotus,96891,1660,98551,45.08,263557.0,2,CHATTOPADHYAY JAGANNATH
WEST BENGAL,285,SURI,MALE,47.0,GENERAL,INC,Hand,8082,185,8267,3.78,263557.0,3,CHANCHAL CHATTERJEE
WEST BENGAL,285,SURI,MALE,52.0,SC,SUCI,Battery torch,2078,6,2084,0.95,263557.0,4,NITAI ANKUR
WEST BENGAL,285,SURI,,,,NOTA,NOTA,1806,29,1835,0.84,263557.0,5,NOTA
WEST BENGAL,285,SURI,MALE,40.0,GENERAL,BSP,Elephant,1314,4,1318,0.6,263557.0,6,KHURSHID ALAM
WEST BENGAL,285,SURI,MALE,41.0,GENERAL,IND,CAN,660,4,664,0.3,263557.0,7,DHANANJOY MAZUMDAR
TURN OUT,,,,,TOTAL:,,,215276,3314,218590,82.94,,,
WEST BENGAL,286,BOLPUR,MALE,58.0,GENERAL,AITC,Flowers and Grass,114842,1601,116443,50.57,273896.0,1,SINHA CHANDRANATH
WEST BENGAL,286,BOLPUR,MALE,44.0,GENERAL,BJP,Lotus,92871,1292,94163,40.89,273896.0,2,ANIRBAN GANGULY
WEST BENGAL,286,BOLPUR,MALE,74.0,GENERAL,RSP,Spade & Stoker,9748,217,9965,4.33,273896.0,3,TAPAN HORE
WEST BENGAL,286,BOLPUR,,,,NOTA,NOTA,3316,21,3337,1.45,273896.0,4,NOTA
WEST BENGAL,286,BOLPUR,MALE,47.0,GENERAL,PRDSEP,Laptop,1935,3,1938,0.84,273896.0,5,SIDDHARTHA BANERJEE
WEST BENGAL,286,BOLPUR,MALE,32.0,SC,BSP,Elephant,1229,10,1239,0.54,273896.0,6,JITEN RAY
WEST BENGAL,286,BOLPUR,MALE,67.0,GENERAL,RVNP,Batsman,1168,1,1169,0.51,273896.0,7,MIHIR KUMAR BANERJEE
WEST BENGAL,286,BOLPUR,MALE,38.0,ST,BMUP,Cot,699,3,702,0.3,273896.0,8,SONA MURMU
WEST BENGAL,286,BOLPUR,MALE,37.0,SC,SUCI,Battery torch,669,9,678,0.29,273896.0,9,SAMARJIT BARMAN
WEST BENGAL,286,BOLPUR,MALE,62.0,GENERAL,MPOI,Whistle,623,3,626,0.27,273896.0,10,SK SIRAJUL HOQUE
TURN OUT,,,,,TOTAL:,,,227100,3160,230260,84.07,,,
WEST BENGAL,287,NANOOR,MALE,40.0,SC,AITC,Flowers and Grass,110764,1352,112116,47.64,276777.0,1,BIDHAN CHANDRA MAJHI
WEST BENGAL,287,NANOOR,MALE,33.0,SC,BJP,Lotus,104323,1123,105446,44.81,276777.0,2,TARAKESWAR SAHA
WEST BENGAL,287,NANOOR,FEMALE,48.0,SC,CPI(M),"Hammer, Sickle and Star",12731,147,12878,5.47,276777.0,3,SHYAMALI PRADHAN
WEST BENGAL,287,NANOOR,MALE,47.0,SC,BSP,Elephant,2729,10,2739,1.16,276777.0,4,CHANDIPADA DAS
WEST BENGAL,287,NANOOR,,,,NOTA,NOTA,2134,15,2149,0.91,276777.0,5,NOTA
TURN OUT,,,,,TOTAL:,,,232681,2647,235328,85.02,,,
WEST BENGAL,288,LABPUR,MALE,54.0,GENERAL,AITC,Flowers and Grass,107089,1334,108423,51.14,240044.0,1,ABHIJIT SINHA (RANA)
WEST BENGAL,288,LABPUR,MALE,48.0,GENERAL,BJP,Lotus,89390,1058,90448,42.66,240044.0,2,BISWAJIT MONDAL
WEST BENGAL,288,LABPUR,MALE,56.0,GENERAL,CPI(M),"Hammer, Sickle and Star",6369,110,6479,3.06,240044.0,3,SYED MAHFUZUL KARIM
WEST BENGAL,288,LABPUR,,,,NOTA,NOTA,3049,8,3057,1.44,240044.0,4,NOTA
WEST BENGAL,288,LABPUR,MALE,61.0,GENERAL,IND,Fountain,1979,13,1992,0.94,240044.0,5,ISLAM MONIRUL
WEST BENGAL,288,LABPUR,MALE,44.0,ST,BSP,Elephant,915,7,922,0.43,240044.0,6,MURMU SUNIL
WEST BENGAL,288,LABPUR,MALE,27.0,GENERAL,PMPT,Batsman,408,3,411,0.19,240044.0,7,BAHADUR GHOSH
WEST BENGAL,288,LABPUR,MALE,46.0,GENERAL,AMB,Boat with Man and Sail,290,5,295,0.14,240044.0,8,TAPAS MONDAL
TURN OUT,,,,,TOTAL:,,,209489,2538,212027,88.33,,,
WEST BENGAL,289,SAINTHIA,FEMALE,50.0,SC,AITC,Flowers and Grass,109041,1531,110572,49.84,255959.0,1,NILABATI SAHA
WEST BENGAL,289,SAINTHIA,FEMALE,35.0,SC,BJP,Lotus,94174,1155,95329,42.97,255959.0,2,PIYA SAHA
WEST BENGAL,289,SAINTHIA,FEMALE,37.0,SC,CPI(M),"Hammer, Sickle and Star",10239,130,10369,4.67,255959.0,3,MAUSUMI KONAI
WEST BENGAL,289,SAINTHIA,MALE,29.0,SC,BSP,Elephant,2092,6,2098,0.95,255959.0,4,TARAPADA BADYAKAR
WEST BENGAL,289,SAINTHIA,MALE,61.0,SC,SUCI,Battery torch,1751,5,1756,0.79,255959.0,5,NABA KUMAR DAS
WEST BENGAL,289,SAINTHIA,,,,NOTA,NOTA,1727,15,1742,0.79,255959.0,6,NOTA
TURN OUT,,,,,TOTAL:,,,219024,2842,221866,86.68,,,
WEST BENGAL,290,MAYURESWAR,MALE,52.0,GENERAL,AITC,Flowers and Grass,99378,1047,100425,50.36,230682.0,1,ABHIJIT ROY
WEST BENGAL,290,MAYURESWAR,MALE,51.0,GENERAL,BJP,Lotus,87149,1201,88350,44.3,230682.0,2,SHYAMAPADA MONDAL
WEST BENGAL,290,MAYURESWAR,MALE,54.0,GENERAL,RSSCMJP,Envelope,5492,70,5562,2.79,230682.0,3,KASHINATH PAL
WEST BENGAL,290,MAYURESWAR,,,,NOTA,NOTA,2777,26,2803,1.41,230682.0,4,NOTA
WEST BENGAL,290,MAYURESWAR,MALE,26.0,SC,BSP,Elephant,2259,26,2285,1.15,230682.0,5,GOPAL SARKAR
TURN OUT,,,,,TOTAL:,,,197055,2370,199425,86.45,,,
WEST BENGAL,291,RAMPURHAT,MALE,69.0,GENERAL,AITC,Flowers and Grass,102251,1025,103276,47.52,260812.0,1,ASISH BANERJEE
WEST BENGAL,291,RAMPURHAT,MALE,57.0,GENERAL,BJP,Lotus,93574,1230,94804,43.62,260812.0,2,SUBHASIS CHOUDHURY (KHOKAN)
WEST BENGAL,291,RAMPURHAT,MALE,54.0,GENERAL,CPI(M),"Hammer, Sickle and Star",11578,129,11707,5.39,260812.0,3,SANJIB BARMAN (GOPI)
WEST BENGAL,291,RAMPURHAT,,,,NOTA,NOTA,3369,12,3381,1.56,260812.0,4,NOTA
WEST BENGAL,291,RAMPURHAT,MALE,34.0,GENERAL,BAHUMP,Whistle,1607,1,1608,0.74,260812.0,5,IBANE RASUL (ANGUR MIYA)
WEST BENGAL,291,RAMPURHAT,MALE,25.0,SC,BSP,Elephant,1587,0,1587,0.73,260812.0,6,BIPAD TARAN DOM
WEST BENGAL,291,RAMPURHAT,FEMALE,41.0,GENERAL,SUCI,Battery torch,956,4,960,0.44,260812.0,7,FORIDA YASMIN (KEYA)
TURN OUT,,,,,TOTAL:,,,214922,2401,217323,83.33,,,
WEST BENGAL,292,HANSAN,MALE,63.0,GENERAL,AITC,Flowers and Grass,107429,860,108289,51.42,248113.0,1,DR. ASOK KUMAR CHATTOPADHYAY
WEST BENGAL,292,HANSAN,MALE,55.0,GENERAL,BJP,Lotus,57123,553,57676,27.39,248113.0,2,NIKHIL BANERJEE
WEST BENGAL,292,HANSAN,MALE,46.0,GENERAL,INC,Hand,39424,391,39815,18.9,248113.0,3,MILTAN RASID
WEST BENGAL,292,HANSAN,,,,NOTA,NOTA,2418,2,2420,1.15,248113.0,4,NOTA
WEST BENGAL,292,HANSAN,FEMALE,39.0,SC,SUCI,Battery torch,1225,4,1229,0.58,248113.0,5,JUTHIKA DHIBAR
WEST BENGAL,292,HANSAN,MALE,53.0,SC,BSP,Elephant,1170,7,1177,0.56,248113.0,6,SUSHEN DAS
TURN OUT,,,,,TOTAL:,,,208789,1817,210606,84.88,,,
WEST BENGAL,293,NALHATI,MALE,48.0,GENERAL,AITC,Flowers and Grass,116667,771,117438,56.54,244837.0,1,RAJENDRA PRASAD SINGH (RAJU SINGH)
WEST BENGAL,293,NALHATI,MALE,52.0,GENERAL,BJP,Lotus,60076,457,60533,29.15,244837.0,2,TAPAS KUMAR YADAV(ANANDA YADAV)
WEST BENGAL,293,NALHATI,MALE,56.0,GENERAL,AIFB,Lion,21193,135,21328,10.27,244837.0,3,DIPAK CHATTERJEE
WEST BENGAL,293,NALHATI,,,,NOTA,NOTA,1891,9,1900,0.91,244837.0,4,NOTA
WEST BENGAL,293,NALHATI,MALE,54.0,GENERAL,IND,Gas Cylinder,1816,16,1832,0.88,244837.0,5,MOINUDDIN SHAMS
WEST BENGAL,293,NALHATI,MALE,54.0,ST,BMUP,Cot,1581,5,1586,0.76,244837.0,6,MANIK HANSDA
WEST BENGAL,293,NALHATI,MALE,68.0,SC,BSP,Elephant,1029,2,1031,0.5,244837.0,7,DINABANDHU MONDAL
WEST BENGAL,293,NALHATI,MALE,43.0,SC,JD(U),Arrow,983,1,984,0.47,244837.0,8,AMARJIT FULMALI
WEST BENGAL,293,NALHATI,MALE,29.0,GENERAL,JSTDVPMTP,Battery torch,616,1,617,0.3,244837.0,9,MD. MONIBUR RAHAMAN
WEST BENGAL,293,NALHATI,MALE,63.0,GENERAL,IND,Bat,446,1,447,0.22,244837.0,10,ABDUS SALAM
TURN OUT,,,,,TOTAL:,,,206298,1398,207696,84.83,,,
WEST BENGAL,294,MURARAI,MALE,58.0,GENERAL,AITC,Flowers and Grass,145405,1091,146496,67.23,263200.0,1,DR MOSARRAF HOSSAIN
WEST BENGAL,294,MURARAI,MALE,39.0,GENERAL,BJP,Lotus,47930,320,48250,22.14,263200.0,2,DEBASISH ROY
WEST BENGAL,294,MURARAI,MALE,44.0,GENERAL,INC,Hand,17210,77,17287,7.93,263200.0,3,ASIF EKBAL
WEST BENGAL,294,MURARAI,MALE,47.0,GENERAL,SUCI,Battery torch,1854,3,1857,0.85,263200.0,4,ANSARUL SAIEKH
WEST BENGAL,294,MURARAI,MALE,38.0,SC,BSP,Elephant,1634,6,1640,0.75,263200.0,5,TARAK LET
WEST BENGAL,294,MURARAI,,,,NOTA,NOTA,1501,8,1509,0.69,263200.0,6,NOTA
WEST BENGAL,294,MURARAI,MALE,53.0,GENERAL,SP(I),Football,877,1,878,0.4,263200.0,7,SAMSUL MIYA
TURN OUT,,,,,TOTAL:,,,216411,1506,217917,82.8,,,
GRAND TOTAL:,,,,,,,,59850157,472677,60322834,,,,
